/*--------------------------------*- C++ -*----------------------------------*\
| =========                 |                                                 |
| \\      /  F ield         | OpenFOAM: The Open Source CFD Toolbox           |
|  \\    /   O peration     | Version:  2212                                  |
|   \\  /    A nd           | Website:  www.openfoam.com                      |
|    \\/     M anipulation  |                                                 |
\*---------------------------------------------------------------------------*/
FoamFile
{
    version     2.0;
    format      ascii;
    arch        "LSB;label=32;scalar=64";
    class       volScalarField;
    location    "0";
    object      Kabs;
}
// * * * * * * * * * * * * * * * * * * * * * * * * * * * * * * * * * * * * * //

dimensions      [0 2 0 0 0 0 0];

internalField   nonuniform List<scalar>
40000
(
1.892887047605e-10
2.000941829510e-10
2.122080009913e-10
2.258830947275e-10
2.405855092569e-10
2.552940665993e-10
2.700026239417e-10
2.847111812841e-10
2.994197386265e-10
3.141282959689e-10
3.288368533114e-10
3.314261950631e-10
3.231082427833e-10
3.147902905035e-10
3.064723382237e-10
2.981543859439e-10
2.898364336641e-10
2.815184813843e-10
2.732005291045e-10
2.648825768247e-10
2.565646245450e-10
2.487660581830e-10
2.503164383419e-10
2.518668185009e-10
2.534171986598e-10
2.549675788188e-10
2.565179589777e-10
2.580683391367e-10
2.596187192956e-10
2.611690994546e-10
2.627194796135e-10
2.642698597725e-10
2.610943793689e-10
2.544819094652e-10
2.478694395615e-10
2.412569696578e-10
2.346444997541e-10
2.280320298504e-10
2.215563281654e-10
2.154345447413e-10
2.096419649637e-10
2.041527293674e-10
2.001094497196e-10
2.062996318489e-10
2.128850130243e-10
2.199046871465e-10
2.274025658062e-10
2.351333335524e-10
2.428641012986e-10
2.505948690448e-10
2.583256367910e-10
2.660564045372e-10
2.737871722834e-10
2.798327050597e-10
2.848951841037e-10
2.899576631477e-10
2.950201421917e-10
3.000826212357e-10
3.051451002796e-10
3.102075793236e-10
3.152700583676e-10
3.203325374116e-10
3.253950164556e-10
3.285016628131e-10
3.211772015097e-10
3.138527402063e-10
3.065282789029e-10
2.992038175995e-10
2.918793562961e-10
2.845548949927e-10
2.772304336893e-10
2.699059723859e-10
2.625815110825e-10
2.552570497791e-10
2.536167718734e-10
2.545999632282e-10
2.555831545830e-10
2.565663459378e-10
2.575495372926e-10
2.585327286474e-10
2.595159200022e-10
2.604991113570e-10
2.614823027118e-10
2.624654940666e-10
2.625336917659e-10
2.591706632570e-10
2.558076347481e-10
2.524446062392e-10
2.490815777302e-10
2.457185492213e-10
2.423555207124e-10
2.389924922035e-10
2.356294636946e-10
2.322664351857e-10
2.289034066767e-10
2.206021837654e-10
2.112716018961e-10
2.026982827664e-10
1.947936331749e-10
1.874823607454e-10
1.807000680988e-10
1.743913509867e-10
1.685082813817e-10
1.630091875826e-10
1.578576656331e-10
1.548961277511e-10
1.573406084526e-10
1.598634810378e-10
1.624685778727e-10
1.651599852665e-10
1.679420648601e-10
1.708194772126e-10
1.737972078551e-10
1.768805961181e-10
1.800753670824e-10
1.833876670563e-10
1.863501238887e-10
1.892797053476e-10
1.923028689911e-10
1.954241716673e-10
1.986484709576e-10
2.019809504021e-10
2.054271473068e-10
2.089929834474e-10
2.126847990272e-10
2.165093902986e-10
2.190499751354e-10
2.185559200912e-10
2.180640886593e-10
2.175744658613e-10
2.170870368535e-10
2.166017869245e-10
2.161187014945e-10
2.156377661133e-10
2.151589664590e-10
2.146822883368e-10
2.142077176772e-10
2.091036837964e-10
2.034299122212e-10
1.980559084576e-10
1.929585270582e-10
1.881169455738e-10
1.835123802512e-10
1.791278424876e-10
1.749479293832e-10
1.709586429493e-10
1.671472335006e-10
1.650744659612e-10
1.657516392035e-10
1.664343911702e-10
1.671227910850e-10
1.678169093214e-10
1.685168174270e-10
1.692225881481e-10
1.699342954547e-10
1.706520145664e-10
1.713758219790e-10
1.721057954918e-10
1.751497618279e-10
1.785889195229e-10
1.821658416350e-10
1.858889751153e-10
1.897674718834e-10
1.938112639391e-10
1.980311482863e-10
2.024388831988e-10
2.070472976336e-10
2.118704159382e-10
2.151297519158e-10
2.159965622684e-10
2.168703860614e-10
2.177513087601e-10
2.186394172242e-10
2.195347997361e-10
2.204375460304e-10
2.213477473237e-10
2.222654963454e-10
2.231908873694e-10
2.241240162459e-10
2.399060176586e-10
2.565519927556e-10
2.731979678526e-10
2.898439429496e-10
3.064899180466e-10
3.231358931436e-10
3.397818682406e-10
3.564278433376e-10
3.730738184346e-10
3.897197935316e-10
3.942948771457e-10
3.854578591123e-10
3.766208410788e-10
3.677838230453e-10
3.589468050118e-10
3.501097869784e-10
3.412727689449e-10
3.324357509114e-10
3.235987328779e-10
3.147617148445e-10
3.059246968110e-10
2.045334699374e-10
2.148568681861e-10
2.262777641133e-10
2.383864515193e-10
2.504978502956e-10
2.626092490719e-10
2.747206478482e-10
2.868320466245e-10
2.989434454008e-10
3.110548441770e-10
3.231662429533e-10
3.253595270228e-10
3.186265078561e-10
3.118934886894e-10
3.051604695227e-10
2.984274503560e-10
2.916944311893e-10
2.849614120226e-10
2.782283928558e-10
2.714953736891e-10
2.647623545224e-10
2.583596225226e-10
2.579020595265e-10
2.574444965304e-10
2.569869335343e-10
2.565293705382e-10
2.560718075421e-10
2.556142445460e-10
2.551566815499e-10
2.546991185538e-10
2.542415555577e-10
2.537839925616e-10
2.505395740416e-10
2.452683515043e-10
2.399971289670e-10
2.347259064297e-10
2.294546838923e-10
2.242194729875e-10
2.191945525911e-10
2.143899195885e-10
2.097913989272e-10
2.053860061976e-10
2.020966805219e-10
2.069573947157e-10
2.120576853205e-10
2.174157123510e-10
2.230515187828e-10
2.289710775731e-10
2.349627106052e-10
2.409543436373e-10
2.469459766693e-10
2.529376097014e-10
2.589292427335e-10
2.644533685347e-10
2.697047817845e-10
2.749561950342e-10
2.802076082840e-10
2.854590215338e-10
2.907104347836e-10
2.959618480333e-10
3.012132612831e-10
3.064646745329e-10
3.117160877827e-10
3.151593760423e-10
3.089593310210e-10
3.027592859997e-10
2.965592409785e-10
2.903591959572e-10
2.841591509359e-10
2.779591059146e-10
2.717590608934e-10
2.655590158721e-10
2.593589708508e-10
2.531589258296e-10
2.520052658374e-10
2.531807066280e-10
2.543561474185e-10
2.555315882091e-10
2.567070289996e-10
2.578824697902e-10
2.590579105807e-10
2.602333513713e-10
2.614087921618e-10
2.625842329524e-10
2.628166760512e-10
2.595128778062e-10
2.562090795612e-10
2.529052813162e-10
2.496014830712e-10
2.462976848262e-10
2.429938865812e-10
2.396900883362e-10
2.363862900912e-10
2.330824918462e-10
2.297786936012e-10
2.218897609516e-10
2.130065358975e-10
2.048072010051e-10
1.972157079610e-10
1.901668808396e-10
1.836045401635e-10
1.774800024209e-10
1.717508702005e-10
1.663800493282e-10
1.613349448225e-10
1.585070388326e-10
1.612168555475e-10
1.640209371862e-10
1.669242895294e-10
1.699322791763e-10
1.730506666509e-10
1.762856432218e-10
1.796438719305e-10
1.831325334001e-10
1.867593770878e-10
1.905327787498e-10
1.933653068050e-10
1.959841888290e-10
1.986749835304e-10
2.014406941508e-10
2.042844935223e-10
2.072097362103e-10
2.102199717132e-10
2.133189588317e-10
2.165106813259e-10
2.197993650009e-10
2.219455893274e-10
2.214338419845e-10
2.209244491186e-10
2.204173945180e-10
2.199126621198e-10
2.194102360074e-10
2.189101004097e-10
2.184122396990e-10
2.179166383893e-10
2.174232811350e-10
2.169321527290e-10
2.127520968714e-10
2.080773257524e-10
2.036035738103e-10
1.993181479558e-10
1.952094017215e-10
1.912666295654e-10
1.874799737295e-10
1.838403419479e-10
1.803393345579e-10
1.769691797830e-10
1.748979058702e-10
1.748791852583e-10
1.748604686535e-10
1.748417560546e-10
1.748230474603e-10
1.748043428694e-10
1.747856422804e-10
1.747669456923e-10
1.747482531036e-10
1.747295645131e-10
1.747108799195e-10
1.778841695077e-10
1.815724014185e-10
1.854168144070e-10
1.894275434761e-10
1.936156199328e-10
1.979930727108e-10
2.025730437556e-10
2.073699198043e-10
2.123994833409e-10
2.176790860673e-10
2.208482728837e-10
2.208265631079e-10
2.208048575999e-10
2.207831563584e-10
2.207614593822e-10
2.207397666700e-10
2.207180782206e-10
2.206963940327e-10
2.206747141051e-10
2.206530384365e-10
2.206313670256e-10
2.356488505957e-10
2.516996981187e-10
2.677505456417e-10
2.838013931646e-10
2.998522406876e-10
3.159030882105e-10
3.319539357335e-10
3.480047832565e-10
3.640556307794e-10
3.801064783024e-10
3.844053396829e-10
3.756464386829e-10
3.668875376830e-10
3.581286366830e-10
3.493697356830e-10
3.406108346831e-10
3.318519336831e-10
3.230930326831e-10
3.143341316832e-10
3.055752306832e-10
2.968163296832e-10
2.224488580139e-10
2.318674707037e-10
2.413817109139e-10
2.508959511241e-10
2.604101913343e-10
2.699244315444e-10
2.794386717546e-10
2.889529119648e-10
2.984671521750e-10
3.079813923852e-10
3.174956325953e-10
3.192928589825e-10
3.141447729288e-10
3.089966868752e-10
3.038486008216e-10
2.987005147680e-10
2.935524287144e-10
2.884043426608e-10
2.832562566071e-10
2.781081705535e-10
2.729600844999e-10
2.679531868622e-10
2.654876807111e-10
2.630221745599e-10
2.605566684087e-10
2.580911622576e-10
2.556256561064e-10
2.531601499553e-10
2.506946438041e-10
2.482291376529e-10
2.457636315018e-10
2.432981253506e-10
2.399847687143e-10
2.360547935434e-10
2.321248183724e-10
2.281948432015e-10
2.242988829897e-10
2.205284067562e-10
2.168825986593e-10
2.133553761606e-10
2.099410460774e-10
2.066342739193e-10
2.041237764769e-10
2.076193654025e-10
2.112367631535e-10
2.149824495347e-10
2.188633722517e-10
2.228869899208e-10
2.270613199117e-10
2.313138182297e-10
2.355663165477e-10
2.398188148657e-10
2.440713131837e-10
2.490740320096e-10
2.545143794652e-10
2.599547269208e-10
2.653950743764e-10
2.708354218319e-10
2.762757692875e-10
2.817161167431e-10
2.871564641986e-10
2.925968116542e-10
2.980371591098e-10
3.018170892715e-10
2.967414605323e-10
2.916658317932e-10
2.865902030540e-10
2.815145743149e-10
2.764389455757e-10
2.713633168366e-10
2.662876880974e-10
2.612120593583e-10
2.561364306191e-10
2.510608018800e-10
2.503937598014e-10
2.517614500277e-10
2.531291402540e-10
2.544968304803e-10
2.558645207066e-10
2.572322109329e-10
2.585999011592e-10
2.599675913855e-10
2.613352816118e-10
2.627029718381e-10
2.630996603366e-10
2.598550923555e-10
2.566105243744e-10
2.533659563933e-10
2.501213884122e-10
2.468768204311e-10
2.436322524500e-10
2.403876844690e-10
2.371431164879e-10
2.338985485068e-10
2.306539805257e-10
2.231924566475e-10
2.147701999156e-10
2.069604639292e-10
1.996987735331e-10
1.929293958726e-10
1.866039072443e-10
1.806800329251e-10
1.751207011843e-10
1.698932667248e-10
1.649688691770e-10
1.622903220615e-10
1.652889173764e-10
1.684004071152e-10
1.716312891583e-10
1.749885698064e-10
1.784798144986e-10
1.821132047256e-10
1.858976020390e-10
1.898426202104e-10
1.939587067781e-10
1.982572354375e-10
2.009293263405e-10
2.031810731772e-10
2.054838611412e-10
2.078394455775e-10
2.102496632547e-10
2.127164371416e-10
2.152417815242e-10
2.178278074910e-10
2.204767288192e-10
2.231908682953e-10
2.249187830927e-10
2.243885675803e-10
2.238608460111e-10
2.233356008303e-10
2.228128146478e-10
2.222924702356e-10
2.217745505267e-10
2.212590386123e-10
2.207459177407e-10
2.202351713154e-10
2.197267828928e-10
2.165300847966e-10
2.129420466691e-10
2.094709822594e-10
2.061112631197e-10
2.028576162019e-10
1.997050962425e-10
1.966490606821e-10
1.936851468539e-10
1.908092512040e-10
1.880175103355e-10
1.859644933977e-10
1.850705790942e-10
1.841852176066e-10
1.833082867716e-10
1.824396667413e-10
1.815792399288e-10
1.807268909551e-10
1.798825065973e-10
1.790459757388e-10
1.782171893205e-10
1.773960402929e-10
1.807053094323e-10
1.846572601774e-10
1.887859307859e-10
1.931034459538e-10
1.976230655001e-10
2.023593203882e-10
2.073281687884e-10
2.125471757112e-10
2.180357204719e-10
2.238152371517e-10
2.268791121730e-10
2.258775166206e-10
2.248847256191e-10
2.239006235816e-10
2.229250969357e-10
2.219580340796e-10
2.209993253398e-10
2.200488629295e-10
2.191065409080e-10
2.181722551418e-10
2.172459032660e-10
2.313916835328e-10
2.468474034817e-10
2.623031234307e-10
2.777588433796e-10
2.932145633285e-10
3.086702832775e-10
3.241260032264e-10
3.395817231753e-10
3.550374431242e-10
3.704931630732e-10
3.745158022201e-10
3.658350182536e-10
3.571542342872e-10
3.484734503207e-10
3.397926663542e-10
3.311118823878e-10
3.224310984213e-10
3.137503144549e-10
3.050695304884e-10
2.963887465219e-10
2.877079625555e-10
2.426542057967e-10
2.495712874408e-10
2.564883690848e-10
2.634054507289e-10
2.703225323730e-10
2.772396140170e-10
2.841566956611e-10
2.910737773051e-10
2.979908589492e-10
3.049079405933e-10
3.118250222373e-10
3.132261909421e-10
3.096630380016e-10
3.060998850611e-10
3.025367321206e-10
2.989735791800e-10
2.954104262395e-10
2.918472732990e-10
2.882841203584e-10
2.847209674179e-10
2.811578144774e-10
2.775467512018e-10
2.730733018956e-10
2.685998525894e-10
2.641264032832e-10
2.596529539770e-10
2.551795046708e-10
2.507060553645e-10
2.462326060583e-10
2.417591567521e-10
2.372857074459e-10
2.328122581397e-10
2.294299633871e-10
2.268414481585e-10
2.242868222772e-10
2.217890946093e-10
2.193463851824e-10
2.169568959431e-10
2.146189063435e-10
2.123307692096e-10
2.100909068707e-10
2.078978075326e-10
2.061919493204e-10
2.082855844161e-10
2.104221724184e-10
2.126030488565e-10
2.148296052066e-10
2.171032918526e-10
2.194256212370e-10
2.217981712156e-10
2.242225886325e-10
2.267005931327e-10
2.292133836339e-10
2.336946954846e-10
2.393239771460e-10
2.449532588073e-10
2.505825404687e-10
2.562118221301e-10
2.618411037914e-10
2.674703854528e-10
2.730996671142e-10
2.787289487755e-10
2.843582304369e-10
2.884748025006e-10
2.845235900436e-10
2.805723775866e-10
2.766211651296e-10
2.726699526726e-10
2.687187402155e-10
2.647675277585e-10
2.608163153015e-10
2.568651028445e-10
2.529138903875e-10
2.489626779304e-10
2.487822537654e-10
2.503421934275e-10
2.519021330895e-10
2.534620727516e-10
2.550220124136e-10
2.565819520757e-10
2.581418917377e-10
2.597018313998e-10
2.612617710618e-10
2.628217107239e-10
2.633826446219e-10
2.601973069047e-10
2.570119691875e-10
2.538266314704e-10
2.506412937532e-10
2.474559560360e-10
2.442706183189e-10
2.410852806017e-10
2.378999428845e-10
2.347146051674e-10
2.315292674502e-10
2.245105387042e-10
2.165633135501e-10
2.091594850682e-10
2.022451629995e-10
1.957733549987e-10
1.897028971956e-10
1.839975777382e-10
1.786254138733e-10
1.735580520782e-10
1.687702674790e-10
1.662586218955e-10
1.695720162641e-10
1.730201624436e-10
1.766114513524e-10
1.803549853390e-10
1.842606552144e-10
1.883392275138e-10
1.926024436105e-10
1.970631326027e-10
2.017353402589e-10
2.066344767517e-10
2.091092123469e-10
2.109266717990e-10
2.127760009113e-10
2.146580453635e-10
2.165736810232e-10
2.185238153047e-10
2.205093886029e-10
2.225313758045e-10
2.245907878849e-10
2.266886735928e-10
2.279690707031e-10
2.274226362141e-10
2.268763520715e-10
2.263321148195e-10
2.257904823817e-10
2.252514361021e-10
2.247149575023e-10
2.241810282799e-10
2.236496303056e-10
2.231207456218e-10
2.225943564404e-10
2.204446752209e-10
2.180396813818e-10
2.156865969342e-10
2.133837592032e-10
2.111295757716e-10
2.089225208081e-10
2.067611316226e-10
2.046440054338e-10
2.025697963332e-10
2.005372124314e-10
1.985261474454e-10
1.965233233608e-10
1.945605065060e-10
1.926365099940e-10
1.907501934264e-10
1.889004606393e-10
1.870862575791e-10
1.853065702994e-10
1.835604230719e-10
1.818468766018e-10
1.801650263437e-10
1.836173746710e-10
1.878487521884e-10
1.922797501442e-10
1.969248358034e-10
2.017999090381e-10
2.069224841569e-10
2.123119001498e-10
2.179895646670e-10
2.239792382206e-10
2.302616075885e-10
2.330844334792e-10
2.310920822440e-10
2.290997310088e-10
2.271073797736e-10
2.251315649934e-10
2.231898234038e-10
2.212812901244e-10
2.194051204690e-10
2.175604981575e-10
2.157466341324e-10
2.139627654328e-10
2.271345164699e-10
2.419951088448e-10
2.568557012197e-10
2.717162935946e-10
2.865768859695e-10
3.014374783444e-10
3.162980707193e-10
3.311586630942e-10
3.460192554691e-10
3.608798478440e-10
3.646262647573e-10
3.560235978243e-10
3.474209308913e-10
3.388182639584e-10
3.302155970254e-10
3.216129300925e-10
3.130102631595e-10
3.044075962266e-10
2.958049292936e-10
2.872022623607e-10
2.785995954277e-10
2.629551810999e-10
2.672751041778e-10
2.715950272557e-10
2.759149503337e-10
2.802348734116e-10
2.845547964896e-10
2.888747195675e-10
2.931946426455e-10
2.975145657234e-10
3.018344888014e-10
3.061544118793e-10
3.071595229018e-10
3.051813030744e-10
3.032030832469e-10
3.012248634195e-10
2.992466435921e-10
2.972684237646e-10
2.952902039372e-10
2.933119841097e-10
2.913337642823e-10
2.893555444549e-10
2.871403155414e-10
2.806589230802e-10
2.741775306189e-10
2.676961381576e-10
2.612147456964e-10
2.547333532351e-10
2.482519607738e-10
2.417705683126e-10
2.352891758513e-10
2.288077833900e-10
2.224231007165e-10
2.191600020856e-10
2.180039586014e-10
2.168600471117e-10
2.157280776364e-10
2.146078641410e-10
2.134992244355e-10
2.124019800750e-10
2.113159562644e-10
2.102409817652e-10
2.091768888057e-10
2.083024603998e-10
2.089560927849e-10
2.096138401490e-10
2.102757414741e-10
2.109418362359e-10
2.116121644120e-10
2.122867664896e-10
2.129656834740e-10
2.136489568968e-10
2.143366288240e-10
2.150287418654e-10
2.186397218734e-10
2.241708378134e-10
2.299517906939e-10
2.357700065610e-10
2.415882224282e-10
2.474064382954e-10
2.532246541625e-10
2.590428700297e-10
2.648610858969e-10
2.706793017640e-10
2.751325157298e-10
2.723057195549e-10
2.694789233800e-10
2.666521272051e-10
2.638253310302e-10
2.609985348553e-10
2.581717386805e-10
2.553449425056e-10
2.525181463307e-10
2.496913501558e-10
2.468645539809e-10
2.471707477294e-10
2.489229368272e-10
2.506751259250e-10
2.524273150228e-10
2.541795041206e-10
2.559316932184e-10
2.576838823162e-10
2.594360714140e-10
2.611882605118e-10
2.629404496096e-10
2.636656289072e-10
2.605395214540e-10
2.574134140007e-10
2.542873065474e-10
2.511611990942e-10
2.480350916409e-10
2.449089841877e-10
2.417828767344e-10
2.386567692812e-10
2.355306618279e-10
2.324045543747e-10
2.258442813373e-10
2.183866206347e-10
2.114057386735e-10
2.048573300050e-10
1.987024137899e-10
1.929065572436e-10
1.874392311348e-10
1.822732718619e-10
1.773844300971e-10
1.727509901692e-10
1.704258505121e-10
1.740829943211e-10
1.779005363379e-10
1.818892654847e-10
1.860609604745e-10
1.904285059819e-10
1.950060255685e-10
1.998090342524e-10
2.048546141930e-10
2.101616176848e-10
2.157509025425e-10
2.179833731066e-10
2.192862254681e-10
2.206047453596e-10
2.219392171068e-10
2.232899319573e-10
2.246571882919e-10
2.260412918448e-10
2.274419159739e-10
2.288471405391e-10
2.302523651043e-10
2.310397624311e-10
2.304885340748e-10
2.299373057186e-10
2.293860773623e-10
2.288348490060e-10
2.282836206498e-10
2.277323922935e-10
2.271811639373e-10
2.266307525409e-10
2.260829387873e-10
2.255377670076e-10
2.245034133541e-10
2.233873673652e-10
2.222823626106e-10
2.211882360475e-10
2.201048278276e-10
2.190319812191e-10
2.179695425313e-10
2.169173610410e-10
2.158752889212e-10
2.148431811723e-10
2.129077849835e-10
2.094870339560e-10
2.061744659525e-10
2.029650288446e-10
1.998539802605e-10
1.968368642027e-10
1.939094897539e-10
1.910679116542e-10
1.883084125610e-10
1.856274868255e-10
1.830218256348e-10
1.866248330051e-10
1.911525036228e-10
1.959053265818e-10
2.009005246994e-10
2.061571233454e-10
2.116961925989e-10
2.175411295205e-10
2.237179885138e-10
2.302115409740e-10
2.367550491868e-10
2.392899006698e-10
2.363128491494e-10
2.333357976289e-10
2.303587461084e-10
2.273816945880e-10
2.244353610246e-10
2.215639753248e-10
2.187651334977e-10
2.160361206705e-10
2.133743557696e-10
2.107773833779e-10
2.229530409735e-10
2.371428142078e-10
2.514082790087e-10
2.656737438096e-10
2.799392086104e-10
2.942046734113e-10
3.084701382122e-10
3.227356030130e-10
3.370010678139e-10
3.512665326148e-10
3.547367272944e-10
3.462121773950e-10
3.376876274955e-10
3.291630775961e-10
3.206385276966e-10
3.121139777972e-10
3.035894278977e-10
2.950648779983e-10
2.865403280989e-10
2.780157781994e-10
2.694912283000e-10
2.832561564030e-10
2.849789209148e-10
2.867016854267e-10
2.884244499385e-10
2.901472144503e-10
2.918699789622e-10
2.935927434740e-10
2.953155079858e-10
2.970382724977e-10
2.987610370095e-10
3.004838015213e-10
3.010928548615e-10
3.006995681471e-10
3.003062814328e-10
2.999129947184e-10
2.995197080041e-10
2.991264212897e-10
2.987331345754e-10
2.983398478610e-10
2.979465611467e-10
2.975532744323e-10
2.967338798810e-10
2.882445442647e-10
2.797552086484e-10
2.712658730321e-10
2.627765374158e-10
2.542872017994e-10
2.457978661831e-10
2.373085305668e-10
2.288191949505e-10
2.205236587994e-10
2.127967011109e-10
2.097492011005e-10
2.098292454673e-10
2.099093509504e-10
2.099895176198e-10
2.100697455457e-10
2.101500347982e-10
2.102303854477e-10
2.103107975648e-10
2.103912712198e-10
2.104718064836e-10
2.104566232396e-10
2.096309320672e-10
2.088116944961e-10
2.079988351589e-10
2.071922798571e-10
2.063919555385e-10
2.055977902757e-10
2.048097132437e-10
2.040276546995e-10
2.032515459612e-10
2.024813193879e-10
2.052530957846e-10
2.102820199731e-10
2.155635617980e-10
2.211172462472e-10
2.269646636517e-10
2.329717727993e-10
2.389789228722e-10
2.449860729452e-10
2.509932230182e-10
2.570003730911e-10
2.617902289590e-10
2.600878490662e-10
2.583854691735e-10
2.566830892807e-10
2.549807093879e-10
2.532783294952e-10
2.515759496024e-10
2.498735697096e-10
2.481711898169e-10
2.464688099241e-10
2.447664300313e-10
2.455592416934e-10
2.475036802270e-10
2.494481187605e-10
2.513925572941e-10
2.533369958276e-10
2.552814343612e-10
2.572258728947e-10
2.591703114283e-10
2.611147499618e-10
2.630591884954e-10
2.639486131925e-10
2.608817360032e-10
2.578148588139e-10
2.547479816245e-10
2.516811044352e-10
2.486142272458e-10
2.455473500565e-10
2.424804728672e-10
2.394135956778e-10
2.363467184885e-10
2.332798412992e-10
2.271938875479e-10
2.202408902658e-10
2.137007630144e-10
2.075378566163e-10
2.017204499124e-10
1.962202814170e-10
1.910120901747e-10
1.860732278477e-10
1.813833294656e-10
1.769240327441e-10
1.748073507688e-10
1.788405347801e-10
1.830642227016e-10
1.874922384412e-10
1.921397765691e-10
1.970235765150e-10
2.021621240244e-10
2.075758849848e-10
2.132875778546e-10
2.193224923428e-10
2.257088637656e-10
2.276426232614e-10
2.283286282635e-10
2.290146332657e-10
2.297006382679e-10
2.303866432700e-10
2.310726482722e-10
2.317586532744e-10
2.324446582765e-10
2.331306632787e-10
2.338166682808e-10
2.341104541591e-10
2.335544319355e-10
2.329984097120e-10
2.324423874884e-10
2.318863652649e-10
2.313303430413e-10
2.307743208177e-10
2.302182985942e-10
2.296622763706e-10
2.291062541471e-10
2.285502319235e-10
2.287024583495e-10
2.289874813972e-10
2.292725044450e-10
2.295575274927e-10
2.298425505405e-10
2.301275735882e-10
2.304125966359e-10
2.306976196837e-10
2.309826427314e-10
2.312676657792e-10
2.295091443131e-10
2.242818422515e-10
2.192629987779e-10
2.144638562592e-10
2.098702975021e-10
2.054693894439e-10
2.012492615487e-10
1.971989988874e-10
1.933085478739e-10
1.895686329436e-10
1.859706827208e-10
1.897324498003e-10
1.945745435343e-10
1.996702564644e-10
2.050400505695e-10
2.107066498225e-10
2.166953616424e-10
2.230344547686e-10
2.297240037167e-10
2.364862472509e-10
2.432484907852e-10
2.454953678605e-10
2.415336160547e-10
2.375718642490e-10
2.336101124433e-10
2.296483606375e-10
2.256948784057e-10
2.218473837056e-10
2.181288692479e-10
2.145329562108e-10
2.110536795771e-10
2.076854551144e-10
2.189227195905e-10
2.322905195709e-10
2.459608567977e-10
2.596311940246e-10
2.733015312514e-10
2.869718684782e-10
3.006422057051e-10
3.143125429319e-10
3.279828801587e-10
3.416532173856e-10
3.448471898316e-10
3.364007569657e-10
3.279543240997e-10
3.195078912338e-10
3.110614583678e-10
3.026150255019e-10
2.941685926360e-10
2.857221597700e-10
2.772757269041e-10
2.688292940381e-10
2.603828611722e-10
3.035571317062e-10
3.026827376519e-10
3.018083435976e-10
3.009339495433e-10
3.000595554890e-10
2.991851614347e-10
2.983107673805e-10
2.974363733262e-10
2.965619792719e-10
2.956875852176e-10
2.948131911633e-10
2.950261868211e-10
2.962178332199e-10
2.974094796186e-10
2.986011260174e-10
2.997927724161e-10
3.009844188149e-10
3.021760652136e-10
3.033677116123e-10
3.045593580111e-10
3.057510044098e-10
3.063274442207e-10
2.958301654493e-10
2.853328866779e-10
2.748356079065e-10
2.643383291351e-10
2.538410503638e-10
2.433437715924e-10
2.328464928210e-10
2.224450031478e-10
2.128067243946e-10
2.039689894511e-10
2.011133300189e-10
2.022454451219e-10
2.033903782749e-10
2.045483484104e-10
2.057195794752e-10
2.069043005749e-10
2.081027461232e-10
2.093151559969e-10
2.105417756952e-10
2.117828565061e-10
2.126558062673e-10
2.103101443601e-10
2.080156647060e-10
2.057707101919e-10
2.035736944767e-10
2.014230982531e-10
1.993174657439e-10
1.972554014153e-10
1.952355668933e-10
1.932566780661e-10
1.913175023621e-10
1.934111370115e-10
1.980137981171e-10
2.028408611110e-10
2.079091470557e-10
2.132372012962e-10
2.188455202110e-10
2.247568147108e-10
2.309292758607e-10
2.371253601395e-10
2.433214444182e-10
2.484479421882e-10
2.478699785775e-10
2.472920149669e-10
2.467140513562e-10
2.461360877456e-10
2.455581241350e-10
2.449801605243e-10
2.444021969137e-10
2.438242333031e-10
2.432462696924e-10
2.426683060818e-10
2.439477356574e-10
2.460844236267e-10
2.482211115960e-10
2.503577995653e-10
2.524944875346e-10
2.546311755039e-10
2.567678634732e-10
2.589045514425e-10
2.610412394118e-10
2.631779273811e-10
2.642315974779e-10
2.612239505524e-10
2.582163036270e-10
2.552086567016e-10
2.522010097762e-10
2.491933628508e-10
2.461857159253e-10
2.431780689999e-10
2.401704220745e-10
2.371627751491e-10
2.341551282237e-10
2.285500491792e-10
2.221269178845e-10
2.160461638914e-10
2.102894618360e-10
2.048315802526e-10
1.996498408539e-10
1.947238035530e-10
1.900349969921e-10
1.855666870885e-10
1.813036774824e-10
1.794200849635e-10
1.838654206464e-10
1.885366290271e-10
1.934513741544e-10
1.986292112309e-10
2.040918466619e-10
2.098634422299e-10
2.159709723806e-10
2.224446457678e-10
2.292961839218e-10
2.362435261607e-10
2.376799025050e-10
2.376466879442e-10
2.376134733834e-10
2.375802588225e-10
2.375470442617e-10
2.375138297008e-10
2.374806151400e-10
2.374474005791e-10
2.374141860183e-10
2.373809714574e-10
2.371811458871e-10
2.366203297962e-10
2.360595137054e-10
2.354986976145e-10
2.349378815237e-10
2.343770654328e-10
2.338162493420e-10
2.332554332511e-10
2.326946171603e-10
2.321338010694e-10
2.315729849786e-10
2.329306408066e-10
2.346480101195e-10
2.363653794324e-10
2.380827487452e-10
2.398001180581e-10
2.415174873710e-10
2.432348566838e-10
2.449522259967e-10
2.466695953096e-10
2.483869646224e-10
2.470513553749e-10
2.404820685952e-10
2.339127818156e-10
2.273434950359e-10
2.209435874169e-10
2.148938251421e-10
2.091665359584e-10
2.037366058149e-10
1.985814625018e-10
1.936807620059e-10
1.890161201896e-10
1.929453132022e-10
1.981213405781e-10
2.035827315511e-10
2.093537539904e-10
2.154615077602e-10
2.219363502409e-10
2.287989958166e-10
2.357799746723e-10
2.427609535279e-10
2.497419323835e-10
2.517008350511e-10
2.467543829601e-10
2.418079308691e-10
2.368614787781e-10
2.319150266871e-10
2.269686122361e-10
2.221315180453e-10
2.174962953319e-10
2.130505650417e-10
2.087829399820e-10
2.046829274322e-10
2.150355231510e-10
2.274382249339e-10
2.405134345867e-10
2.535886442395e-10
2.666638538923e-10
2.797390635451e-10
2.928142731979e-10
3.058894828507e-10
3.189646925035e-10
3.320399021563e-10
3.349576523688e-10
3.265893365363e-10
3.182210207039e-10
3.098527048715e-10
3.014843890390e-10
2.931160732066e-10
2.847477573742e-10
2.763794415417e-10
2.680111257093e-10
2.596428098769e-10
2.512744940444e-10
3.238581070093e-10
3.203865543889e-10
3.169150017685e-10
3.134434491481e-10
3.099718965277e-10
3.065003439073e-10
3.030287912869e-10
2.995572386665e-10
2.960856860461e-10
2.926141334257e-10
2.891425808053e-10
2.889595187808e-10
2.917360982926e-10
2.945126778045e-10
2.972892573163e-10
3.000658368281e-10
3.028424163400e-10
3.056189958518e-10
3.083955753636e-10
3.111721548755e-10
3.139487343873e-10
3.159210085603e-10
3.034157866338e-10
2.909105647074e-10
2.784053427810e-10
2.659001208545e-10
2.533948989281e-10
2.408896770017e-10
2.283844550752e-10
2.164040456637e-10
2.056116172053e-10
1.958445260676e-10
1.931604568052e-10
1.951907209179e-10
1.972641176441e-10
1.993820362587e-10
2.015459263479e-10
2.037573011174e-10
2.060177409219e-10
2.083288970312e-10
2.106924956529e-10
2.131103422328e-10
2.149014357122e-10
2.109937723078e-10
2.072256810998e-10
2.035898155218e-10
2.000793357120e-10
1.966878655682e-10
1.934094540982e-10
1.902385405717e-10
1.871699230446e-10
1.841987298822e-10
1.813203939511e-10
1.828610730526e-10
1.870981631312e-10
1.915362668927e-10
1.961900364661e-10
2.010755834563e-10
2.062106653054e-10
2.116149009577e-10
2.173100213494e-10
2.233201614656e-10
2.296425157454e-10
2.351056554173e-10
2.356521080888e-10
2.361985607603e-10
2.367450134318e-10
2.372914661033e-10
2.378379187748e-10
2.383843714463e-10
2.389308241178e-10
2.394772767893e-10
2.400237294607e-10
2.405701821322e-10
2.423362296214e-10
2.446651670265e-10
2.469941044315e-10
2.493230418366e-10
2.516519792416e-10
2.539809166467e-10
2.563098540517e-10
2.586387914568e-10
2.609677288618e-10
2.632966662669e-10
2.645145817632e-10
2.615661651017e-10
2.586177484402e-10
2.556693317787e-10
2.527209151172e-10
2.497724984557e-10
2.468240817942e-10
2.438756651327e-10
2.409272484712e-10
2.379788318097e-10
2.350304151481e-10
2.299062108105e-10
2.240455264143e-10
2.184436183830e-10
2.131150108017e-10
2.080401796543e-10
2.032014173444e-10
1.985826262584e-10
1.941691398561e-10
1.899475671016e-10
1.859056567545e-10
1.842828542907e-10
1.891808382126e-10
1.943462944854e-10
1.998017475859e-10
2.055723241546e-10
2.116861399438e-10
2.181747579293e-10
2.250737333397e-10
2.322995538854e-10
2.395429215345e-10
2.467862891835e-10
2.477171817487e-10
2.469647476249e-10
2.462123135010e-10
2.454598793772e-10
2.447074452533e-10
2.439550111294e-10
2.432025770056e-10
2.424501428817e-10
2.416977087579e-10
2.409452746340e-10
2.402518376151e-10
2.396862276570e-10
2.391206176988e-10
2.385550077407e-10
2.379893977825e-10
2.374237878244e-10
2.368581778662e-10
2.362925679081e-10
2.357269579499e-10
2.351613479917e-10
2.345957380336e-10
2.371588232638e-10
2.403085388418e-10
2.434582544198e-10
2.466079699978e-10
2.497576855758e-10
2.529074011537e-10
2.560571167317e-10
2.592068323097e-10
2.623565478877e-10
2.655062634657e-10
2.645935664367e-10
2.567167335100e-10
2.488399005833e-10
2.409630676567e-10
2.330862347300e-10
2.252243794272e-10
2.177322621325e-10
2.107225500162e-10
2.041501043617e-10
1.979752476323e-10
1.921629618069e-10
1.962688619368e-10
2.017998438218e-10
2.076515984929e-10
2.138528644340e-10
2.204359187671e-10
2.274365172737e-10
2.346362314508e-10
2.418359456278e-10
2.490356598048e-10
2.562353739819e-10
2.579063022417e-10
2.519751498655e-10
2.460439974892e-10
2.401128451130e-10
2.341816927367e-10
2.282505403605e-10
2.224163811370e-10
2.168673797367e-10
2.115885194972e-10
2.065605423285e-10
2.017659781713e-10
2.112839606763e-10
2.226724248527e-10
2.350660123758e-10
2.475460944545e-10
2.600261765333e-10
2.725062586121e-10
2.849863406908e-10
2.974664227696e-10
3.099465048484e-10
3.224265869271e-10
3.250681149060e-10
3.167779161070e-10
3.084877173081e-10
3.001975185092e-10
2.919073197102e-10
2.836171209113e-10
2.753269221124e-10
2.670367233135e-10
2.587465245145e-10
2.504563257156e-10
2.421661269167e-10
3.441590823125e-10
3.380903711260e-10
3.320216599394e-10
3.259529487529e-10
3.198842375664e-10
3.138155263799e-10
3.077468151934e-10
3.016781040069e-10
2.956093928203e-10
2.895406816338e-10
2.834719704473e-10
2.828928507405e-10
2.872543633654e-10
2.916158759903e-10
2.959773886153e-10
3.003389012402e-10
3.047004138651e-10
3.090619264900e-10
3.134234391149e-10
3.177849517399e-10
3.221464643648e-10
3.255145728999e-10
3.110014078184e-10
2.964882427369e-10
2.819750776554e-10
2.674619125739e-10
2.529487474924e-10
2.384355824110e-10
2.239652104373e-10
2.106825228373e-10
1.988871385293e-10
1.883424949601e-10
1.858126377933e-10
1.886115733343e-10
1.914961203904e-10
1.944702678874e-10
1.975382564704e-10
2.007045986778e-10
2.039741010872e-10
2.073518886618e-10
2.108434315562e-10
2.144545746773e-10
2.171949986904e-10
2.116818591110e-10
2.064416750531e-10
2.014546651638e-10
1.967029144367e-10
1.921701591746e-10
1.878416010143e-10
1.837037455314e-10
1.797442617170e-10
1.759518592444e-10
1.723161809509e-10
1.734024308837e-10
1.773231150446e-10
1.814251964898e-10
1.857215623336e-10
1.902263500295e-10
1.949551027775e-10
1.999249487027e-10
2.051548081567e-10
2.106656344292e-10
2.164806943272e-10
2.218841531562e-10
2.234912570913e-10
2.251218113412e-10
2.267763329464e-10
2.284468444610e-10
2.301177134146e-10
2.317885823682e-10
2.334594513218e-10
2.351303202754e-10
2.368011892291e-10
2.384720581827e-10
2.407247235854e-10
2.432459104262e-10
2.457670972670e-10
2.482882841078e-10
2.508094709486e-10
2.533306577894e-10
2.558518446302e-10
2.583730314710e-10
2.608942183118e-10
2.634154051526e-10
2.647975660485e-10
2.619083796509e-10
2.590191932533e-10
2.561300068557e-10
2.532408204582e-10
2.503516340606e-10
2.474624476630e-10
2.445732612654e-10
2.416840748678e-10
2.387948884702e-10
2.359057020726e-10
2.312623724419e-10
2.259975674581e-10
2.208948788447e-10
2.160175247378e-10
2.113509014438e-10
2.068816405174e-10
2.025974808624e-10
1.984871564017e-10
1.945402971487e-10
1.907473418522e-10
1.894165549787e-10
1.948127347865e-10
2.005253877728e-10
2.065831955980e-10
2.130184137418e-10
2.198674460353e-10
2.271714799694e-10
2.347108730286e-10
2.422502660879e-10
2.497896591472e-10
2.573290522064e-10
2.577544609924e-10
2.562828073055e-10
2.548111536187e-10
2.533394999318e-10
2.518678462449e-10
2.503961925581e-10
2.489245388712e-10
2.474528851843e-10
2.459812314975e-10
2.445095778106e-10
2.433225293431e-10
2.427521255177e-10
2.421817216922e-10
2.416113178668e-10
2.410409140413e-10
2.404705102159e-10
2.399001063904e-10
2.393297025650e-10
2.387592987395e-10
2.381888949141e-10
2.376184910886e-10
2.413870057209e-10
2.459690675640e-10
2.505511294072e-10
2.551331912503e-10
2.597152530934e-10
2.642973149365e-10
2.688793767796e-10
2.734614386228e-10
2.780435004659e-10
2.826255623090e-10
2.821357774985e-10
2.729513984248e-10
2.637670193511e-10
2.545826402774e-10
2.453982612037e-10
2.362138821300e-10
2.270295074362e-10
2.182045882685e-10
2.100400696660e-10
2.024644950667e-10
1.954163580118e-10
1.997089160338e-10
2.056175281872e-10
2.118864256123e-10
2.185495978793e-10
2.256454488406e-10
2.330550175865e-10
2.404734670849e-10
2.478919165833e-10
2.553103660818e-10
2.627288155802e-10
2.641117694323e-10
2.571959167708e-10
2.502800641093e-10
2.433642114478e-10
2.364483587863e-10
2.295325061248e-10
2.227019757879e-10
2.162420908182e-10
2.101464035705e-10
2.043849591432e-10
1.989309999899e-10
2.076610549819e-10
2.181016760329e-10
2.296185901648e-10
2.415035446695e-10
2.533884991743e-10
2.652734536790e-10
2.771584081837e-10
2.890433626885e-10
3.009283171932e-10
3.128132716979e-10
3.151785774431e-10
3.069664956777e-10
2.987544139123e-10
2.905423321469e-10
2.823302503814e-10
2.741181686160e-10
2.659060868506e-10
2.576940050852e-10
2.494819233198e-10
2.412698415544e-10
2.330577597889e-10
3.644600576156e-10
3.557941878630e-10
3.471283181104e-10
3.384624483577e-10
3.297965786051e-10
3.211307088525e-10
3.124648390998e-10
3.037989693472e-10
2.951330995946e-10
2.864672298419e-10
2.778013600893e-10
2.768261827002e-10
2.827726284382e-10
2.887190741762e-10
2.946655199142e-10
3.006119656522e-10
3.065584113902e-10
3.125048571282e-10
3.184513028662e-10
3.243977486042e-10
3.303441943423e-10
3.351081372395e-10
3.185870290030e-10
3.020659207664e-10
2.855448125299e-10
2.690237042933e-10
2.525025960568e-10
2.359814878202e-10
2.197065640042e-10
2.052557506214e-10
1.925885753179e-10
1.813940062534e-10
1.790033546000e-10
1.824614807256e-10
1.860558524946e-10
1.897946835607e-10
1.936868613372e-10
1.977420175284e-10
2.019706077107e-10
2.063840013476e-10
2.109945838695e-10
2.158158727502e-10
2.195380464885e-10
2.123744485357e-10
2.056635789763e-10
1.993638348234e-10
1.934385590061e-10
1.878553265966e-10
1.825853511820e-10
1.776029884270e-10
1.728853187590e-10
1.684117948432e-10
1.641639424069e-10
1.648741760294e-10
1.685187583437e-10
1.723281116525e-10
1.763136682890e-10
1.804879432409e-10
1.848646654194e-10
1.894589285008e-10
1.942873648351e-10
1.993683466419e-10
2.047222196239e-10
2.098351912157e-10
2.122499109014e-10
2.147208533035e-10
2.172500051285e-10
2.198394478029e-10
2.224913631857e-10
2.252080397003e-10
2.279880785259e-10
2.307833637616e-10
2.335786489974e-10
2.363739342331e-10
2.391132175494e-10
2.418266538260e-10
2.445400901025e-10
2.472535263791e-10
2.499669626556e-10
2.526803989322e-10
2.553938352087e-10
2.581072714853e-10
2.608207077618e-10
2.635341440384e-10
2.650805503338e-10
2.622505942002e-10
2.594206380665e-10
2.565906819328e-10
2.537607257991e-10
2.509307696655e-10
2.481008135318e-10
2.452708573981e-10
2.424409012645e-10
2.396109451308e-10
2.367809889971e-10
2.326185340732e-10
2.279801867241e-10
2.234017771809e-10
2.190001917312e-10
2.147686999470e-10
2.106976291428e-10
2.067780263961e-10
2.030015928214e-10
1.993606249172e-10
1.958479621137e-10
1.948444784663e-10
2.007902422775e-10
2.071103030484e-10
2.138411534616e-10
2.210241894327e-10
2.286947228822e-10
2.365301413516e-10
2.443655598210e-10
2.522009782904e-10
2.600363967599e-10
2.678718152293e-10
2.677917402361e-10
2.656008669862e-10
2.634099937363e-10
2.612191204865e-10
2.590282472366e-10
2.568373739867e-10
2.546465007368e-10
2.524556274869e-10
2.502647542371e-10
2.480738809872e-10
2.463932210711e-10
2.458180233784e-10
2.452428256856e-10
2.446676279929e-10
2.440924303001e-10
2.435172326074e-10
2.429420349147e-10
2.423668372219e-10
2.417916395292e-10
2.412164418364e-10
2.406412441437e-10
2.456151881781e-10
2.516295962863e-10
2.576440043946e-10
2.636584125028e-10
2.696728206110e-10
2.756872287193e-10
2.817016368275e-10
2.877160449358e-10
2.937304530440e-10
2.997448611523e-10
2.996779885604e-10
2.891860633396e-10
2.786941381189e-10
2.682022128981e-10
2.577102876774e-10
2.472183624566e-10
2.367264372359e-10
2.262375097667e-10
2.162799963033e-10
2.071620608550e-10
1.987818140464e-10
2.032717108387e-10
2.095824451512e-10
2.162975780230e-10
2.234572675754e-10
2.310363330794e-10
2.386735178992e-10
2.463107027191e-10
2.539478875389e-10
2.615850723587e-10
2.692222571786e-10
2.703172366230e-10
2.624166836762e-10
2.545161307294e-10
2.466155777827e-10
2.387150248359e-10
2.308144718891e-10
2.229883048197e-10
2.156203972967e-10
2.087238125195e-10
2.022547266339e-10
1.961745854812e-10
2.041602993694e-10
2.137147984769e-10
2.242074859948e-10
2.354609948845e-10
2.467508218152e-10
2.580406487459e-10
2.693304756766e-10
2.806203026073e-10
2.919101295380e-10
3.031999564687e-10
3.052890399803e-10
2.971550752484e-10
2.890211105165e-10
2.808871457846e-10
2.727531810527e-10
2.646192163207e-10
2.564852515888e-10
2.483512868569e-10
2.402173221250e-10
2.320833573931e-10
2.239914582770e-10
3.847610329188e-10
3.734980046000e-10
3.622349762813e-10
3.509719479625e-10
3.397089196438e-10
3.284458913250e-10
3.171828630063e-10
3.059198346875e-10
2.946568063688e-10
2.833937780500e-10
2.721307497313e-10
2.707595146598e-10
2.782908935109e-10
2.858222723620e-10
2.933536512131e-10
3.008850300642e-10
3.084164089153e-10
3.159477877664e-10
3.234791666175e-10
3.310105454686e-10
3.385419243197e-10
3.447017015791e-10
3.261726501875e-10
3.076435987959e-10
2.891145474043e-10
2.705854960127e-10
2.520564446211e-10
2.335273932295e-10
2.156068498553e-10
2.001015243567e-10
1.866767047288e-10
1.749399745299e-10
1.726754946774e-10
1.766997976009e-10
1.809161538845e-10
1.853386477564e-10
1.899827751084e-10
1.948656249056e-10
2.000060893085e-10
2.054251079548e-10
2.111459530585e-10
2.171945635112e-10
2.219321980625e-10
2.130715849225e-10
2.048913262945e-10
1.973159587278e-10
1.902807811807e-10
1.837300024388e-10
1.776152584683e-10
1.718944162995e-10
1.665306018520e-10
1.614914042678e-10
1.567482204620e-10
1.571454688771e-10
1.605473436711e-10
1.640997646024e-10
1.678129511719e-10
1.716980692668e-10
1.757673433079e-10
1.800341847323e-10
1.845133396549e-10
1.892210591345e-10
1.941752961889e-10
1.990274172428e-10
2.020852610238e-10
2.052385319513e-10
2.084917678721e-10
2.118497989852e-10
2.153177717698e-10
2.189011753043e-10
2.226058702569e-10
2.264381208709e-10
2.303561087657e-10
2.342758102836e-10
2.375017115134e-10
2.404073972257e-10
2.433130829380e-10
2.462187686503e-10
2.491244543626e-10
2.520301400749e-10
2.549358257872e-10
2.578415114995e-10
2.607471972118e-10
2.636528829241e-10
2.653635346191e-10
2.625928087494e-10
2.598220828796e-10
2.570513570099e-10
2.542806311401e-10
2.515099052704e-10
2.487391794006e-10
2.459684535309e-10
2.431977276611e-10
2.404270017914e-10
2.376562759216e-10
2.339746957045e-10
2.299678103633e-10
2.259662294104e-10
2.220663784123e-10
2.182988552269e-10
2.146570370915e-10
2.111347359346e-10
2.077261632868e-10
2.044258985380e-10
2.012288601719e-10
2.005926647130e-10
2.071461812329e-10
2.141423772757e-10
2.216276741199e-10
2.296259149746e-10
2.377573588542e-10
2.458888027338e-10
2.540202466134e-10
2.621516904930e-10
2.702831343726e-10
2.784145782521e-10
2.778290194798e-10
2.749189266669e-10
2.720088338540e-10
2.690987410411e-10
2.661886482282e-10
2.632785554153e-10
2.603684626024e-10
2.574583697895e-10
2.545482769766e-10
2.516381841638e-10
2.494639127991e-10
2.488839212391e-10
2.483039296790e-10
2.477239381190e-10
2.471439465590e-10
2.465639549989e-10
2.459839634389e-10
2.454039718788e-10
2.448239803188e-10
2.442439887588e-10
2.436639971987e-10
2.498433706352e-10
2.572901250086e-10
2.647368793820e-10
2.721836337553e-10
2.796303881287e-10
2.870771425021e-10
2.945238968754e-10
3.019706512488e-10
3.094174056222e-10
3.168641599955e-10
3.172201996222e-10
3.054207282544e-10
2.936212568866e-10
2.818217855189e-10
2.700223141511e-10
2.582228427833e-10
2.464233714156e-10
2.346239000478e-10
2.229020294875e-10
2.120827895797e-10
2.022652210430e-10
2.069639347319e-10
2.137032794271e-10
2.208963023335e-10
2.285801779295e-10
2.364360980707e-10
2.442920182120e-10
2.521479383532e-10
2.600038584944e-10
2.678597786357e-10
2.757156987769e-10
2.765227038136e-10
2.676374505816e-10
2.587521973495e-10
2.498669441175e-10
2.409816908855e-10
2.320964376534e-10
2.232753710686e-10
2.150022682507e-10
2.073203524883e-10
2.001684414052e-10
1.934935135114e-10
2.007756186270e-10
2.095009158403e-10
2.190190345486e-10
2.294184450995e-10
2.401131444562e-10
2.508078438128e-10
2.615025431695e-10
2.721972425262e-10
2.828919418829e-10
2.935866412395e-10
2.953995025175e-10
2.873436548191e-10
2.792878071207e-10
2.712319594223e-10
2.631761117239e-10
2.551202640254e-10
2.470644163270e-10
2.390085686286e-10
2.309527209302e-10
2.229718663262e-10
2.154650982544e-10
3.852505726335e-10
3.734203958073e-10
3.615902189810e-10
3.497600421547e-10
3.379298653284e-10
3.260996885022e-10
3.142695116759e-10
3.024393348496e-10
2.906091580233e-10
2.787789811970e-10
2.669488043708e-10
2.655798846764e-10
2.736260964008e-10
2.816723081252e-10
2.897185198496e-10
2.977647315740e-10
3.058109432983e-10
3.138571550227e-10
3.219033667471e-10
3.299495784715e-10
3.379957901959e-10
3.446426752725e-10
3.261016806888e-10
3.075606861051e-10
2.890196915215e-10
2.704786969378e-10
2.519377023541e-10
2.333967077704e-10
2.154783248382e-10
1.999815508190e-10
1.865642217805e-10
1.748341060831e-10
1.725928694237e-10
1.766556626813e-10
1.809143413194e-10
1.853834220576e-10
1.900788923579e-10
1.950184015233e-10
2.002214823868e-10
2.057098094608e-10
2.115075007418e-10
2.176414720291e-10
2.224747742233e-10
2.137100789792e-10
2.056098021658e-10
1.981011522332e-10
1.911215960816e-10
1.846171134213e-10
1.785407958590e-10
1.728517138184e-10
1.675139934009e-10
1.624960591636e-10
1.577700090355e-10
1.581489541983e-10
1.615098863110e-10
1.650167711210e-10
1.686793269114e-10
1.725081543407e-10
1.765148389136e-10
1.807120680710e-10
1.851137653919e-10
1.897352448982e-10
1.945933890656e-10
1.993614323729e-10
2.024544932870e-10
2.056450434271e-10
2.089377656916e-10
2.123376477836e-10
2.158500074203e-10
2.194805200864e-10
2.232352496370e-10
2.271206664332e-10
2.310716493990e-10
2.350226323648e-10
2.381293550638e-10
2.408464191780e-10
2.435634832923e-10
2.462805474066e-10
2.489976115209e-10
2.517146756351e-10
2.544317397494e-10
2.571488038637e-10
2.598658679780e-10
2.625829320922e-10
2.642890848143e-10
2.622043198153e-10
2.601195548163e-10
2.580347898173e-10
2.559500248183e-10
2.538652598193e-10
2.517804948203e-10
2.496957298213e-10
2.476109648223e-10
2.455261998233e-10
2.434414348243e-10
2.394040806997e-10
2.346693733159e-10
2.299346659321e-10
2.252150887077e-10
2.206514406481e-10
2.162690703159e-10
2.120573869543e-10
2.080066090362e-10
2.041076884231e-10
2.003522428950e-10
1.994342621945e-10
2.064261467252e-10
2.139260944994e-10
2.219915707651e-10
2.306319895700e-10
2.393881764161e-10
2.481443632622e-10
2.569005501084e-10
2.656567369545e-10
2.744129238007e-10
2.831691106468e-10
2.827890638004e-10
2.799726879693e-10
2.771563121382e-10
2.743399363071e-10
2.715235604760e-10
2.687071846449e-10
2.658908088138e-10
2.630744329826e-10
2.602580571515e-10
2.574416813204e-10
2.551794845105e-10
2.541180089130e-10
2.530565333155e-10
2.519950577180e-10
2.509335821206e-10
2.498721065231e-10
2.488106309256e-10
2.477491553281e-10
2.466876797307e-10
2.456262041332e-10
2.445647285357e-10
2.509070249245e-10
2.586375285608e-10
2.663680321971e-10
2.740985358334e-10
2.818290394696e-10
2.895595431059e-10
2.972900467422e-10
3.050205503784e-10
3.127510540147e-10
3.204815576510e-10
3.212490008593e-10
3.100797690483e-10
2.989105372374e-10
2.877413054264e-10
2.765720736154e-10
2.654028418044e-10
2.542336099934e-10
2.430643781825e-10
2.318951463715e-10
2.208978703750e-10
2.108095278433e-10
2.149755397912e-10
2.210695419983e-10
2.275182001381e-10
2.341292418472e-10
2.407402835564e-10
2.473513252655e-10
2.539623669747e-10
2.605734086839e-10
2.671844503930e-10
2.737954921022e-10
2.739468139692e-10
2.652160210531e-10
2.564852281371e-10
2.477544352210e-10
2.390236423050e-10
2.302928493889e-10
2.216920823949e-10
2.136704441344e-10
2.062090395438e-10
1.992511586093e-10
1.927474954961e-10
1.997622133547e-10
2.081494951234e-10
2.172719462781e-10
2.272305301922e-10
2.376301575949e-10
2.480297849976e-10
2.584294124003e-10
2.688290398030e-10
2.792286672056e-10
2.896282946083e-10
2.916591844422e-10
2.843914769775e-10
2.771237695127e-10
2.698560620479e-10
2.625883545831e-10
2.553206471183e-10
2.480529396535e-10
2.407852321887e-10
2.335175247240e-10
2.262527052109e-10
2.192596854450e-10
3.679098203188e-10
3.573395040377e-10
3.467691877566e-10
3.361988714755e-10
3.256285551944e-10
3.150582389134e-10
3.044879226323e-10
2.939176063512e-10
2.833472900701e-10
2.727769737890e-10
2.622066575080e-10
2.611985889442e-10
2.687965433261e-10
2.763944977079e-10
2.839924520897e-10
2.915904064716e-10
2.991883608534e-10
3.067863152353e-10
3.143842696171e-10
3.219822239990e-10
3.295801783808e-10
3.358963173842e-10
3.191397795751e-10
3.023832417661e-10
2.856267039570e-10
2.688701661480e-10
2.521136283389e-10
2.353570905298e-10
2.189044734008e-10
2.043646399347e-10
1.916360029810e-10
1.803999797188e-10
1.780943986671e-10
1.817329375017e-10
1.855232507148e-10
1.894750370354e-10
1.935988395390e-10
1.979061395751e-10
2.024094635185e-10
2.071225044350e-10
2.120602611495e-10
2.172391976923e-10
2.213252612161e-10
2.142951899826e-10
2.076979696138e-10
2.014948172578e-10
1.956514488879e-10
1.901374453555e-10
1.849257227027e-10
1.799920872646e-10
1.753148601371e-10
1.708745587130e-10
1.666536254179e-10
1.672809924665e-10
1.707688023930e-10
1.744051510792e-10
1.781997339261e-10
1.821631088839e-10
1.863067945546e-10
1.906433819957e-10
1.951866625095e-10
1.999517741525e-10
2.049553702409e-10
2.097706410048e-10
2.123614231135e-10
2.150170006320e-10
2.177398351403e-10
2.205325145048e-10
2.233977610825e-10
2.263384405724e-10
2.293345766851e-10
2.323330197480e-10
2.353314628108e-10
2.383299058737e-10
2.407722332418e-10
2.429578918276e-10
2.451435504135e-10
2.473292089993e-10
2.495148675852e-10
2.517005261711e-10
2.538861847569e-10
2.560718433428e-10
2.582575019286e-10
2.604431605145e-10
2.619929443282e-10
2.611581977461e-10
2.603234511640e-10
2.594887045820e-10
2.586539579999e-10
2.578192114178e-10
2.569844648358e-10
2.561497182537e-10
2.553149716716e-10
2.544802250895e-10
2.536454785075e-10
2.484993667224e-10
2.418134816505e-10
2.351275965786e-10
2.284417115067e-10
2.218769511757e-10
2.156714271814e-10
2.098035751457e-10
2.042465635861e-10
1.989763303822e-10
1.939712344699e-10
1.922498386690e-10
1.994466161962e-10
2.072031640558e-10
2.155874338962e-10
2.246788395552e-10
2.343303574089e-10
2.440071330224e-10
2.536839086358e-10
2.633606842492e-10
2.730374598626e-10
2.827142354761e-10
2.831795966902e-10
2.811885807312e-10
2.791975647722e-10
2.772065488132e-10
2.752155328542e-10
2.732245168952e-10
2.712335009362e-10
2.692424849772e-10
2.672514690182e-10
2.652604530592e-10
2.632754482068e-10
2.613034674188e-10
2.593314866308e-10
2.573595058427e-10
2.553875250547e-10
2.534155442666e-10
2.514435634786e-10
2.494715826905e-10
2.474996019025e-10
2.455276211145e-10
2.435556403264e-10
2.491226038628e-10
2.561031194600e-10
2.630836350571e-10
2.700641506543e-10
2.770446662515e-10
2.840251818487e-10
2.910056974459e-10
2.979862130431e-10
3.049667286402e-10
3.119472442374e-10
3.131157332543e-10
3.043207481335e-10
2.955257630128e-10
2.867307778920e-10
2.779357927713e-10
2.691408076505e-10
2.603458225297e-10
2.515508374090e-10
2.427558522882e-10
2.339608671675e-10
2.251815690112e-10
2.278628038910e-10
2.319117147900e-10
2.359606256889e-10
2.400095365879e-10
2.440584474869e-10
2.481073583859e-10
2.521562692848e-10
2.562051801838e-10
2.602540910828e-10
2.643030019818e-10
2.634677027932e-10
2.559166147343e-10
2.483655266753e-10
2.408144386164e-10
2.332633505574e-10
2.257202271459e-10
2.184968555787e-10
2.117214645278e-10
2.053536329928e-10
1.993576608676e-10
1.937018992832e-10
2.008175539039e-10
2.092743126062e-10
2.184746403677e-10
2.285117866747e-10
2.388863921815e-10
2.492609976883e-10
2.596356031951e-10
2.700102087018e-10
2.803848142086e-10
2.907594197154e-10
2.934531638158e-10
2.876126174648e-10
2.817720711137e-10
2.759315247626e-10
2.700909784116e-10
2.642504320605e-10
2.584098857095e-10
2.525693393584e-10
2.467287930073e-10
2.408882466563e-10
2.350477003052e-10
3.505690680040e-10
3.412586122681e-10
3.319481565322e-10
3.226377007963e-10
3.133272450605e-10
3.040167893246e-10
2.947063335887e-10
2.853958778528e-10
2.760854221169e-10
2.667749663810e-10
2.574645106452e-10
2.568172932120e-10
2.639669902513e-10
2.711166872906e-10
2.782663843299e-10
2.854160813692e-10
2.925657784085e-10
2.997154754478e-10
3.068651724871e-10
3.140148695265e-10
3.211645665658e-10
3.271499594959e-10
3.121778784615e-10
2.972057974270e-10
2.822337163926e-10
2.672616353581e-10
2.522895543237e-10
2.373174732893e-10
2.224413352243e-10
2.089441668958e-10
1.969912446327e-10
1.863318871799e-10
1.839582066975e-10
1.871107014447e-10
1.903731288153e-10
1.937513411439e-10
1.972516136735e-10
2.008806834589e-10
2.046457926460e-10
2.085547367101e-10
2.126159183310e-10
2.168384076875e-10
2.201875660679e-10
2.148835137010e-10
2.098289869858e-10
2.050067824306e-10
2.004012424707e-10
1.959980856348e-10
1.917842586199e-10
1.877478070455e-10
1.838777621939e-10
1.801640414740e-10
1.765973607088e-10
1.775322878661e-10
1.811538528686e-10
1.849262508140e-10
1.888591050627e-10
1.929628754092e-10
1.972489509766e-10
2.017297557719e-10
2.064188689626e-10
2.113311623280e-10
2.164829578142e-10
2.213267175824e-10
2.232878128264e-10
2.252839718558e-10
2.273158572628e-10
2.293617604228e-10
2.314076635828e-10
2.334535667427e-10
2.354994699027e-10
2.375453730627e-10
2.395912762226e-10
2.416371793826e-10
2.434151114198e-10
2.450693644772e-10
2.467236175347e-10
2.483778705921e-10
2.500321236496e-10
2.516863767070e-10
2.533406297644e-10
2.549948828219e-10
2.566491358793e-10
2.583033889367e-10
2.596968038421e-10
2.601120756769e-10
2.605273475118e-10
2.609426193466e-10
2.613578911815e-10
2.617731630163e-10
2.621884348512e-10
2.626037066861e-10
2.630189785209e-10
2.634342503558e-10
2.638495221906e-10
2.575946527451e-10
2.489575899851e-10
2.403205272251e-10
2.316834644652e-10
2.231161508425e-10
2.150770780270e-10
2.075971679310e-10
2.006200419130e-10
1.940966541931e-10
1.879841372154e-10
1.855650402496e-10
1.929236231598e-10
2.008899140425e-10
2.095424366053e-10
2.189738518291e-10
2.292725384018e-10
2.398699027825e-10
2.504672671632e-10
2.610646315439e-10
2.716619959246e-10
2.822593603053e-10
2.835701295800e-10
2.824044734931e-10
2.812388174062e-10
2.800731613194e-10
2.789075052325e-10
2.777418491456e-10
2.765761930587e-10
2.754105369718e-10
2.742448808849e-10
2.730792247980e-10
2.713714119032e-10
2.684889259246e-10
2.656064399460e-10
2.627239539674e-10
2.598414679888e-10
2.569589820102e-10
2.540764960316e-10
2.511940100530e-10
2.483115240744e-10
2.454290380958e-10
2.425465521172e-10
2.473381828010e-10
2.535687103591e-10
2.597992379172e-10
2.660297654753e-10
2.722602930334e-10
2.784908205915e-10
2.847213481496e-10
2.909518757077e-10
2.971824032658e-10
3.034129308238e-10
3.049824656493e-10
2.985617272187e-10
2.921409887882e-10
2.857202503577e-10
2.792995119271e-10
2.728787734966e-10
2.664580350661e-10
2.600372966355e-10
2.536165582050e-10
2.471958197744e-10
2.407750813439e-10
2.414294910622e-10
2.429162711510e-10
2.444030512398e-10
2.458898313286e-10
2.473766114174e-10
2.488633915062e-10
2.503501715950e-10
2.518369516838e-10
2.533237317726e-10
2.548105118613e-10
2.529885916172e-10
2.466172084154e-10
2.402458252135e-10
2.338744420117e-10
2.275030588098e-10
2.212825718422e-10
2.153924251213e-10
2.098077184957e-10
2.045052940034e-10
1.994642770404e-10
1.946658017084e-10
2.018841043690e-10
2.104113529253e-10
2.196907234338e-10
2.297930431573e-10
2.401426267681e-10
2.504922103790e-10
2.608417939899e-10
2.711913776007e-10
2.815409612116e-10
2.918905448224e-10
2.952471431894e-10
2.908337579521e-10
2.864203727147e-10
2.820069874774e-10
2.775936022401e-10
2.731802170027e-10
2.687668317654e-10
2.643534465280e-10
2.599400612907e-10
2.555266760534e-10
2.511132908160e-10
3.332283156892e-10
3.251777204985e-10
3.171271253078e-10
3.090765301171e-10
3.010259349265e-10
2.929753397358e-10
2.849247445451e-10
2.768741493544e-10
2.688235541637e-10
2.607729589730e-10
2.527223637824e-10
2.524359974798e-10
2.591374371766e-10
2.658388768733e-10
2.725403165701e-10
2.792417562669e-10
2.859431959636e-10
2.926446356604e-10
2.993460753572e-10
3.060475150539e-10
3.127489547507e-10
3.184036016076e-10
3.052159773478e-10
2.920283530880e-10
2.788407288281e-10
2.656531045683e-10
2.524654803085e-10
2.392778560487e-10
2.260943648548e-10
2.137336401025e-10
2.026543936919e-10
1.926671638727e-10
1.902212962318e-10
1.928164438012e-10
1.954833808408e-10
1.982251279948e-10
2.010448777818e-10
2.039460069959e-10
2.069320901969e-10
2.100069144037e-10
2.131744951170e-10
2.164390938141e-10
2.190615074660e-10
2.154750766677e-10
2.120041868977e-10
2.086433432362e-10
2.053873937638e-10
2.022315032093e-10
1.991711289907e-10
1.962019993987e-10
1.933200937036e-10
1.905216239893e-10
1.878030185428e-10
1.891220441980e-10
1.928837936100e-10
1.967982268388e-10
2.008748322574e-10
2.051239010626e-10
2.095566140189e-10
2.141851396995e-10
2.190227460402e-10
2.240839273591e-10
2.293610138580e-10
2.340108203209e-10
2.351041835780e-10
2.361975468350e-10
2.372909100921e-10
2.383842733491e-10
2.394776366062e-10
2.405709998633e-10
2.416643631203e-10
2.427577263774e-10
2.438510896345e-10
2.449444528915e-10
2.460579895978e-10
2.471808371268e-10
2.483036846559e-10
2.494265321849e-10
2.505493797139e-10
2.516722272429e-10
2.527950747719e-10
2.539179223010e-10
2.550407698300e-10
2.561636173590e-10
2.574006633560e-10
2.590659536077e-10
2.607312438595e-10
2.623965341113e-10
2.640618243631e-10
2.657271146149e-10
2.673924048666e-10
2.690576951184e-10
2.707229853702e-10
2.723882756220e-10
2.740535658738e-10
2.666899387678e-10
2.561016983197e-10
2.455134578717e-10
2.349252174236e-10
2.243692703014e-10
2.144859956948e-10
2.054366852784e-10
1.971200557117e-10
1.894505864231e-10
1.823555679926e-10
1.793295002456e-10
1.868137924177e-10
1.949500041859e-10
2.038271924291e-10
2.135514089789e-10
2.242499577057e-10
2.357326725426e-10
2.472506256906e-10
2.587685788386e-10
2.702865319866e-10
2.818044851346e-10
2.839606624699e-10
2.836203662551e-10
2.832800700403e-10
2.829397738255e-10
2.825994776107e-10
2.822591813959e-10
2.819188851811e-10
2.815785889663e-10
2.812382927516e-10
2.808979965368e-10
2.794673755995e-10
2.756743844304e-10
2.718813932612e-10
2.680884020920e-10
2.642954109229e-10
2.605024197537e-10
2.567094285845e-10
2.529164374154e-10
2.491234462462e-10
2.453304550770e-10
2.415374639079e-10
2.455537617393e-10
2.510343012583e-10
2.565148407773e-10
2.619953802963e-10
2.674759198153e-10
2.729564593343e-10
2.784369988533e-10
2.839175383723e-10
2.893980778913e-10
2.948786174103e-10
2.968491980443e-10
2.928027063039e-10
2.887562145636e-10
2.847097228233e-10
2.806632310830e-10
2.766167393427e-10
2.725702476024e-10
2.685237558620e-10
2.644772641217e-10
2.604307723814e-10
2.563842806411e-10
2.549961782335e-10
2.539208275121e-10
2.528454767907e-10
2.517701260693e-10
2.506947753479e-10
2.496194246265e-10
2.485440739051e-10
2.474687231837e-10
2.463933724623e-10
2.453180217409e-10
2.425094804413e-10
2.373178020965e-10
2.321261237518e-10
2.269345159499e-10
2.218644820203e-10
2.170160406764e-10
2.123749751020e-10
2.079282591700e-10
2.036639353453e-10
1.995710073105e-10
1.956393452828e-10
2.029620443128e-10
2.115608163983e-10
2.209204203068e-10
2.310742996398e-10
2.413988613548e-10
2.517234230697e-10
2.620479847847e-10
2.723725464996e-10
2.826971082146e-10
2.930216699295e-10
2.970411225630e-10
2.940548984394e-10
2.910686743158e-10
2.880824501922e-10
2.850962260685e-10
2.821100019449e-10
2.791237778213e-10
2.761375536977e-10
2.731513295741e-10
2.701651054505e-10
2.671788813268e-10
3.158875633744e-10
3.090968287289e-10
3.023060940834e-10
2.955153594380e-10
2.887246247925e-10
2.819338901470e-10
2.751431555015e-10
2.683524208560e-10
2.615616862105e-10
2.547709515651e-10
2.479802169196e-10
2.480547017476e-10
2.543078841018e-10
2.605610664561e-10
2.668142488103e-10
2.730674311645e-10
2.793206135187e-10
2.855737958730e-10
2.918269782272e-10
2.980801605814e-10
3.043333429356e-10
3.096572437194e-10
2.982540762341e-10
2.868509087489e-10
2.754477412637e-10
2.640445737785e-10
2.526414062933e-10
2.412382388081e-10
2.298350713228e-10
2.187478355840e-10
2.086527915515e-10
1.994484015274e-10
1.969258868173e-10
1.988811123525e-10
2.008755530893e-10
2.029104007650e-10
2.049868958997e-10
2.071063303183e-10
2.092700498305e-10
2.114794570804e-10
2.137360145790e-10
2.160412479324e-10
2.179469077879e-10
2.160699057089e-10
2.142249578028e-10
2.124112499220e-10
2.106279952590e-10
2.088744332084e-10
2.071498282848e-10
2.054534690946e-10
2.037846673575e-10
2.021427569752e-10
2.005270931451e-10
2.023307037803e-10
2.062379621015e-10
2.102991000971e-10
2.145233907378e-10
2.189208673343e-10
2.235024030983e-10
2.282732940882e-10
2.331008462331e-10
2.379283983780e-10
2.427559505230e-10
2.468434928588e-10
2.469843162130e-10
2.471251395672e-10
2.472659629213e-10
2.474067862755e-10
2.475476096296e-10
2.476884329838e-10
2.478292563380e-10
2.479700796921e-10
2.481109030463e-10
2.482517264004e-10
2.487008677758e-10
2.492923097764e-10
2.498837517770e-10
2.504751937776e-10
2.510666357782e-10
2.516580777788e-10
2.522495197794e-10
2.528409617800e-10
2.534324037806e-10
2.540238457812e-10
2.551045228699e-10
2.580198315386e-10
2.609351402073e-10
2.638504488760e-10
2.667657575447e-10
2.696810662134e-10
2.725963748821e-10
2.755116835508e-10
2.784269922195e-10
2.813423008882e-10
2.842576095569e-10
2.757852247905e-10
2.632458066543e-10
2.507063885182e-10
2.381669703820e-10
2.256365454163e-10
2.138981533246e-10
2.033207081327e-10
1.937400959822e-10
1.850217436716e-10
1.770542581947e-10
1.734994017589e-10
1.810790748132e-10
1.893512688121e-10
1.984154358299e-10
2.083910282676e-10
2.194227927197e-10
2.315954423027e-10
2.440339842180e-10
2.564725261333e-10
2.689110680486e-10
2.813496099638e-10
2.843511953597e-10
2.848362590170e-10
2.853213226743e-10
2.858063863316e-10
2.862914499890e-10
2.867765136463e-10
2.872615773036e-10
2.877466409609e-10
2.882317046182e-10
2.887167682755e-10
2.875633392959e-10
2.828598429362e-10
2.781563465764e-10
2.734528502167e-10
2.687493538570e-10
2.640458574973e-10
2.593423611375e-10
2.546388647778e-10
2.499353684181e-10
2.452318720583e-10
2.405283756986e-10
2.437693406775e-10
2.484998921574e-10
2.532304436373e-10
2.579609951172e-10
2.626915465972e-10
2.674220980771e-10
2.721526495570e-10
2.768832010369e-10
2.816137525168e-10
2.863443039967e-10
2.887159304392e-10
2.870436853891e-10
2.853714403390e-10
2.836991952890e-10
2.820269502389e-10
2.803547051888e-10
2.786824601387e-10
2.770102150886e-10
2.753379700385e-10
2.736657249884e-10
2.719934799383e-10
2.685628654048e-10
2.649253838732e-10
2.612879023416e-10
2.576504208100e-10
2.540129392784e-10
2.503754577468e-10
2.467379762152e-10
2.431004946837e-10
2.394630131521e-10
2.358255316205e-10
2.320303692653e-10
2.280183957776e-10
2.240469701432e-10
2.202077372800e-10
2.164978646746e-10
2.129109225949e-10
2.094409004759e-10
2.060821733097e-10
2.028294712179e-10
1.996778518613e-10
1.966226753825e-10
2.040515571535e-10
2.127229077442e-10
2.221639608793e-10
2.323555561224e-10
2.426550959414e-10
2.529546357604e-10
2.632541755795e-10
2.735537153985e-10
2.838532552175e-10
2.941527950365e-10
2.988351019366e-10
2.972760389267e-10
2.957169759168e-10
2.941579129069e-10
2.925988498970e-10
2.910397868871e-10
2.894807238772e-10
2.879216608673e-10
2.863625978575e-10
2.848035348476e-10
2.832444718377e-10
2.985468110596e-10
2.930159369593e-10
2.874850628591e-10
2.819541887588e-10
2.764233146585e-10
2.708924405582e-10
2.653615664579e-10
2.598306923576e-10
2.542998182573e-10
2.487689441571e-10
2.432380700568e-10
2.436734060154e-10
2.494783310271e-10
2.552832560388e-10
2.610881810505e-10
2.668931060622e-10
2.726980310738e-10
2.785029560855e-10
2.843078810972e-10
2.901128061089e-10
2.959177311206e-10
3.009108858311e-10
2.912921751205e-10
2.816734644099e-10
2.720547536993e-10
2.624360429887e-10
2.528173322781e-10
2.431986215675e-10
2.335799108569e-10
2.240029492644e-10
2.150171154713e-10
2.067244069687e-10
2.041203677891e-10
2.053396749333e-10
2.065736366082e-10
2.078225186045e-10
2.090865931794e-10
2.103661392547e-10
2.116614426221e-10
2.129727961555e-10
2.143005000322e-10
2.156448619619e-10
2.168435930077e-10
2.166680279480e-10
2.164927469470e-10
2.163177493159e-10
2.161430343680e-10
2.159686014189e-10
2.157944497866e-10
2.156205787908e-10
2.154469877540e-10
2.152736760004e-10
2.151006428566e-10
2.175229382718e-10
2.215788090142e-10
2.257888027103e-10
2.301200988324e-10
2.344585635583e-10
2.387970282842e-10
2.431354930101e-10
2.474739577361e-10
2.518124224620e-10
2.561508871879e-10
2.596761653968e-10
2.588644488480e-10
2.580527322993e-10
2.572410157505e-10
2.564292992018e-10
2.556175826531e-10
2.548058661043e-10
2.539941495556e-10
2.531824330068e-10
2.523707164581e-10
2.515589999093e-10
2.513437459539e-10
2.514037824260e-10
2.514638188982e-10
2.515238553704e-10
2.515838918426e-10
2.516439283148e-10
2.517039647870e-10
2.517640012591e-10
2.518240377313e-10
2.518840742035e-10
2.528083823838e-10
2.569737094694e-10
2.611390365550e-10
2.653043636407e-10
2.694696907263e-10
2.736350178119e-10
2.778003448975e-10
2.819656719832e-10
2.861309990688e-10
2.902963261544e-10
2.944616532401e-10
2.848805108132e-10
2.703899149889e-10
2.558993191647e-10
2.414087233405e-10
2.269182174103e-10
2.133135243499e-10
2.012478753075e-10
1.904740926307e-10
1.807952395406e-10
1.720524725700e-10
1.680364465215e-10
1.756859540978e-10
1.840651341343e-10
1.932836185979e-10
2.034741600723e-10
2.147990659603e-10
2.274582120628e-10
2.408173427454e-10
2.541764734280e-10
2.675356041105e-10
2.808947347931e-10
2.847417282495e-10
2.860521517789e-10
2.873625753084e-10
2.886729988378e-10
2.899834223672e-10
2.912938458966e-10
2.926042694261e-10
2.939146929555e-10
2.952251164849e-10
2.965355400143e-10
2.956593029923e-10
2.900453014420e-10
2.844312998917e-10
2.788172983414e-10
2.732032967911e-10
2.675892952408e-10
2.619752936905e-10
2.563612921402e-10
2.507472905899e-10
2.451332890396e-10
2.395192874893e-10
2.419849196158e-10
2.459654830566e-10
2.499460464974e-10
2.539266099382e-10
2.579071733790e-10
2.618877368199e-10
2.658683002607e-10
2.698488637015e-10
2.738294271423e-10
2.778099905831e-10
2.805826628342e-10
2.812846644743e-10
2.819866661145e-10
2.826886677546e-10
2.833906693947e-10
2.840926710348e-10
2.847946726750e-10
2.854966743151e-10
2.861986759552e-10
2.869006775954e-10
2.876026792355e-10
2.821295525760e-10
2.759299402342e-10
2.697303278925e-10
2.635307155507e-10
2.573311032089e-10
2.511314908671e-10
2.449318785254e-10
2.387322661836e-10
2.325326538418e-10
2.263353681414e-10
2.216817891170e-10
2.190146093019e-10
2.164108471901e-10
2.138682675254e-10
2.113847388784e-10
2.089582276877e-10
2.065867927061e-10
2.042685798212e-10
2.020018172207e-10
1.997848108763e-10
1.976159403212e-10
2.051528302691e-10
2.138978362050e-10
2.234215802494e-10
2.336368126050e-10
2.439113305281e-10
2.541858484512e-10
2.644603663743e-10
2.747348842974e-10
2.850094022205e-10
2.952839201436e-10
3.006290813102e-10
3.004971794140e-10
3.003652775179e-10
3.002333756217e-10
3.001014737255e-10
2.999695718293e-10
2.998376699332e-10
2.997057680370e-10
2.995738661408e-10
2.994419642447e-10
2.993100623485e-10
2.812060587448e-10
2.769350451898e-10
2.726640316347e-10
2.683930180796e-10
2.641220045245e-10
2.598509909694e-10
2.555799774143e-10
2.513089638592e-10
2.470379503041e-10
2.427669367491e-10
2.384959231940e-10
2.392921102832e-10
2.446487779524e-10
2.500054456215e-10
2.553621132906e-10
2.607187809598e-10
2.660754486289e-10
2.714321162981e-10
2.767887839672e-10
2.821454516364e-10
2.875021193055e-10
2.921645279428e-10
2.843302740068e-10
2.764960200708e-10
2.686617661348e-10
2.608275121988e-10
2.529932582629e-10
2.451590043269e-10
2.373247503909e-10
2.294904964549e-10
2.217819033368e-10
2.145513786908e-10
2.118604680402e-10
2.122317940870e-10
2.126044240592e-10
2.129783648371e-10
2.133536233493e-10
2.137302065737e-10
2.141081215371e-10
2.144873753164e-10
2.148679750387e-10
2.152499278816e-10
2.157513926057e-10
2.172694708095e-10
2.188090635144e-10
2.203706313459e-10
2.219546481736e-10
2.235616015900e-10
2.251919934118e-10
2.268463402013e-10
2.285157932944e-10
2.301854495932e-10
2.318551058920e-10
2.349014280907e-10
2.387508053976e-10
2.426001827045e-10
2.464495600114e-10
2.502989373183e-10
2.541483146252e-10
2.579976919321e-10
2.618470692390e-10
2.656964465459e-10
2.695458238529e-10
2.725088379347e-10
2.707445814831e-10
2.689803250314e-10
2.672160685798e-10
2.654518121281e-10
2.636875556765e-10
2.619232992248e-10
2.601590427732e-10
2.583947863215e-10
2.566305298699e-10
2.548662734183e-10
2.539866241319e-10
2.535152550756e-10
2.530438860194e-10
2.525725169632e-10
2.521011479069e-10
2.516297788507e-10
2.511584097945e-10
2.506870407382e-10
2.502156716820e-10
2.497443026258e-10
2.505122418977e-10
2.559275874002e-10
2.613429329028e-10
2.667582784053e-10
2.721736239079e-10
2.775889694104e-10
2.830043149130e-10
2.884196604155e-10
2.938350059181e-10
2.992503514206e-10
3.046656969232e-10
2.939757968358e-10
2.775340233235e-10
2.610922498112e-10
2.446504762989e-10
2.282087027866e-10
2.127320824939e-10
1.992168805644e-10
1.873163780878e-10
1.767575174709e-10
1.673255238462e-10
1.629070125948e-10
1.706047914303e-10
1.790661304943e-10
1.884105673056e-10
1.987839650873e-10
2.103661821490e-10
2.233815883073e-10
2.376007012728e-10
2.518804207226e-10
2.661601401725e-10
2.804398596224e-10
2.851322611393e-10
2.872680445409e-10
2.894038279424e-10
2.915396113439e-10
2.936753947455e-10
2.958111781470e-10
2.979469615485e-10
3.000827449500e-10
3.022185283516e-10
3.043543117531e-10
3.037552666886e-10
2.972307599478e-10
2.907062532069e-10
2.841817464660e-10
2.776572397252e-10
2.711327329843e-10
2.646082262435e-10
2.580837195026e-10
2.515592127618e-10
2.450347060209e-10
2.385101992801e-10
2.402004985540e-10
2.434310739557e-10
2.466616493575e-10
2.498922247592e-10
2.531228001609e-10
2.563533755626e-10
2.595839509644e-10
2.628145263661e-10
2.660451017678e-10
2.692756771695e-10
2.724493952292e-10
2.755256435595e-10
2.786018918899e-10
2.816781402202e-10
2.847543885506e-10
2.878306368809e-10
2.909068852113e-10
2.939831335416e-10
2.970593818720e-10
3.001356302023e-10
3.032118785327e-10
2.956962397473e-10
2.869344965953e-10
2.781727534433e-10
2.694110102914e-10
2.606492671394e-10
2.518875239875e-10
2.431257808355e-10
2.343640376835e-10
2.256116063795e-10
2.172807812175e-10
2.121239667239e-10
2.106914174681e-10
2.092780874560e-10
2.078835924936e-10
2.065075585590e-10
2.051496214682e-10
2.038094265538e-10
2.024866283559e-10
2.011808903258e-10
1.998918845396e-10
1.986192914247e-10
2.062660551047e-10
2.150858156709e-10
2.246935188686e-10
2.349180690875e-10
2.451675651147e-10
2.554170611419e-10
2.656665571691e-10
2.759160531963e-10
2.861655492235e-10
2.964150452506e-10
3.024230606838e-10
3.037183199013e-10
3.050135791189e-10
3.063088383364e-10
3.076040975540e-10
3.088993567715e-10
3.101946159891e-10
3.114898752066e-10
3.127851344242e-10
3.140803936417e-10
3.153756528593e-10
2.638653064301e-10
2.608541534202e-10
2.578430004103e-10
2.548318474004e-10
2.518206943905e-10
2.488095413806e-10
2.457983883707e-10
2.427872353608e-10
2.397760823509e-10
2.367649293411e-10
2.337537763312e-10
2.349108145510e-10
2.398192248776e-10
2.447276352042e-10
2.496360455308e-10
2.545444558574e-10
2.594528661840e-10
2.643612765106e-10
2.692696868372e-10
2.741780971638e-10
2.790865074904e-10
2.834181700545e-10
2.773683728932e-10
2.713185757318e-10
2.652687785704e-10
2.592189814090e-10
2.531691842476e-10
2.471193870863e-10
2.410695899249e-10
2.350197927635e-10
2.289699956021e-10
2.229943612354e-10
2.202107024219e-10
2.196026423059e-10
2.189979309732e-10
2.183965408357e-10
2.177984446072e-10
2.172036152999e-10
2.166120262196e-10
2.160236509626e-10
2.154384634109e-10
2.148564377290e-10
2.146701394803e-10
2.178742620232e-10
2.211754819761e-10
2.245782808885e-10
2.280828017713e-10
2.316147700912e-10
2.351467384110e-10
2.386787067308e-10
2.422106750506e-10
2.457426433704e-10
2.492746116902e-10
2.526981515267e-10
2.560584414146e-10
2.594187313025e-10
2.627790211904e-10
2.661393110783e-10
2.694996009662e-10
2.728598908541e-10
2.762201807420e-10
2.795804706299e-10
2.829407605178e-10
2.853415104727e-10
2.826247141181e-10
2.799079177636e-10
2.771911214090e-10
2.744743250545e-10
2.717575286999e-10
2.690407323454e-10
2.663239359908e-10
2.636071396363e-10
2.608903432817e-10
2.581735469272e-10
2.566295023099e-10
2.556267277253e-10
2.546239531406e-10
2.536211785559e-10
2.526184039713e-10
2.516156293866e-10
2.506128548020e-10
2.496100802173e-10
2.486073056327e-10
2.476045310480e-10
2.482161014116e-10
2.548814653311e-10
2.615468292505e-10
2.682121931700e-10
2.748775570895e-10
2.815429210090e-10
2.882082849284e-10
2.948736488479e-10
3.015390127674e-10
3.082043766869e-10
3.148697406063e-10
3.030710828585e-10
2.846781316581e-10
2.662851804577e-10
2.478922292573e-10
2.294992780569e-10
2.121538017654e-10
1.972264698687e-10
1.842616544872e-10
1.728962054893e-10
1.628513652273e-10
1.580814617695e-10
1.658092804290e-10
1.743314819847e-10
1.837771913057e-10
1.943051216471e-10
2.061125647167e-10
2.194478706383e-10
2.343840598002e-10
2.495843680173e-10
2.647846762345e-10
2.799849844516e-10
2.855227940292e-10
2.884839373028e-10
2.914450805764e-10
2.944062238501e-10
2.973673671237e-10
3.003285103973e-10
3.032896536710e-10
3.062507969446e-10
3.092119402182e-10
3.121730834919e-10
3.118512303850e-10
3.044162184536e-10
2.969812065221e-10
2.895461945907e-10
2.821111826593e-10
2.746761707279e-10
2.672411587965e-10
2.598061468650e-10
2.523711349336e-10
2.449361230022e-10
2.375011110708e-10
2.384160774923e-10
2.408966648549e-10
2.433772522175e-10
2.458578395802e-10
2.483384269428e-10
2.508190143054e-10
2.532996016681e-10
2.557801890307e-10
2.582607763933e-10
2.607413637560e-10
2.643161276242e-10
2.697666226447e-10
2.752171176653e-10
2.806676126859e-10
2.861181077064e-10
2.915686027270e-10
2.970190977476e-10
3.024695927682e-10
3.079200877887e-10
3.133705828093e-10
3.188210778299e-10
3.092629269185e-10
2.979390529564e-10
2.866151789942e-10
2.752913050321e-10
2.639674310699e-10
2.526435571078e-10
2.413196831456e-10
2.299958091835e-10
2.189708396736e-10
2.089227876920e-10
2.033562509073e-10
2.029776757297e-10
2.026005074707e-10
2.022247383021e-10
2.018503604533e-10
2.014773662116e-10
2.011057479207e-10
2.007354979811e-10
2.003666088489e-10
1.999990730356e-10
1.996328831078e-10
2.073914272831e-10
2.162870648107e-10
2.259800226957e-10
2.361993255701e-10
2.464237997013e-10
2.566482738326e-10
2.668727479639e-10
2.770972220952e-10
2.873216962264e-10
2.975461703577e-10
3.042170400574e-10
3.069394603887e-10
3.096618807199e-10
3.123843010512e-10
3.151067213825e-10
3.178291417137e-10
3.205515620450e-10
3.232739823763e-10
3.259964027076e-10
3.287188230388e-10
3.314412433701e-10
2.465245541153e-10
2.447732616506e-10
2.430219691859e-10
2.412706767212e-10
2.395193842565e-10
2.377680917918e-10
2.360167993271e-10
2.342655068624e-10
2.325142143978e-10
2.307629219331e-10
2.290116294684e-10
2.305295188188e-10
2.349896718029e-10
2.394498247869e-10
2.439099777710e-10
2.483701307551e-10
2.528302837391e-10
2.572904367232e-10
2.617505897073e-10
2.662107426913e-10
2.706708956754e-10
2.746718121662e-10
2.704064717795e-10
2.661411313927e-10
2.618757910060e-10
2.576104506192e-10
2.533451102324e-10
2.490797698457e-10
2.448144294589e-10
2.405490890722e-10
2.362837486854e-10
2.320184082986e-10
2.292253459340e-10
2.275030312217e-10
2.257878953709e-10
2.240975902631e-10
2.224324052007e-10
2.207917843411e-10
2.191751881207e-10
2.175820926634e-10
2.160119892148e-10
2.144643835999e-10
2.135996698633e-10
2.184824296286e-10
2.235936456595e-10
2.289341551027e-10
2.343284354435e-10
2.397227157843e-10
2.451169961252e-10
2.505112764660e-10
2.559055568068e-10
2.612998371476e-10
2.666941174885e-10
2.704948749628e-10
2.733660774317e-10
2.762372799006e-10
2.791084823694e-10
2.819796848383e-10
2.848508873072e-10
2.877220897761e-10
2.905932922450e-10
2.934644947138e-10
2.963356971827e-10
2.981741830106e-10
2.945048467532e-10
2.908355104957e-10
2.871661742383e-10
2.834968379808e-10
2.798275017233e-10
2.761581654659e-10
2.724888292084e-10
2.688194929510e-10
2.651501566935e-10
2.614808204361e-10
2.592723804879e-10
2.577382003749e-10
2.562040202618e-10
2.546698401487e-10
2.531356600356e-10
2.516014799226e-10
2.500672998095e-10
2.485331196964e-10
2.469989395833e-10
2.454647594703e-10
2.459199609255e-10
2.538353432619e-10
2.617507255983e-10
2.696661079347e-10
2.775814902711e-10
2.854968726075e-10
2.934122549439e-10
3.013276372803e-10
3.092430196167e-10
3.171584019531e-10
3.250737842895e-10
3.121663688812e-10
2.918222399927e-10
2.714781111042e-10
2.511339822157e-10
2.307898533273e-10
2.115786564551e-10
1.952754388069e-10
1.813049640039e-10
1.691999895861e-10
1.586102465660e-10
1.535335665203e-10
1.612759916183e-10
1.698407594979e-10
1.793662327801e-10
1.900236585216e-10
2.020275548526e-10
2.156502998480e-10
2.311674183276e-10
2.472883153120e-10
2.634092122964e-10
2.795301092809e-10
2.859133269190e-10
2.896998300647e-10
2.934863332105e-10
2.972728363562e-10
3.010593395019e-10
3.048458426477e-10
3.086323457934e-10
3.124188489392e-10
3.162053520849e-10
3.199918552307e-10
3.199471940813e-10
3.116016769593e-10
3.032561598374e-10
2.949106427154e-10
2.865651255934e-10
2.782196084714e-10
2.698740913494e-10
2.615285742275e-10
2.531830571055e-10
2.448375399835e-10
2.364920228615e-10
2.366316564305e-10
2.383622557541e-10
2.400928550776e-10
2.418234544011e-10
2.435540537247e-10
2.452846530482e-10
2.470152523718e-10
2.487458516953e-10
2.504764510189e-10
2.522070503424e-10
2.561828600191e-10
2.640076017299e-10
2.718323434407e-10
2.796570851515e-10
2.874818268623e-10
2.953065685731e-10
3.031313102839e-10
3.109560519947e-10
3.187807937055e-10
3.266055354163e-10
3.344302771271e-10
3.228296140898e-10
3.089436093174e-10
2.950576045451e-10
2.811715997728e-10
2.672855950004e-10
2.533995902281e-10
2.395135854558e-10
2.256365734982e-10
2.127098304001e-10
2.011839790193e-10
1.952845580442e-10
1.958088095046e-10
1.963358833017e-10
1.968658022885e-10
1.973985895652e-10
1.979342684827e-10
1.984728626462e-10
1.990143959184e-10
1.995588924232e-10
2.001063765492e-10
2.006568729535e-10
2.085291467203e-10
2.175018072055e-10
2.272811298173e-10
2.374805820526e-10
2.476800342880e-10
2.578794865233e-10
2.680789387587e-10
2.782783909940e-10
2.884778432294e-10
2.986772954647e-10
3.060110194310e-10
3.101606008760e-10
3.143101823210e-10
3.184597637660e-10
3.226093452110e-10
3.267589266560e-10
3.309085081010e-10
3.350580895459e-10
3.392076709909e-10
3.433572524359e-10
3.475068338809e-10
2.291838018005e-10
2.286923698810e-10
2.282009379615e-10
2.277095060420e-10
2.272180741225e-10
2.267271339570e-10
2.262382029812e-10
2.257513762008e-10
2.252666400614e-10
2.247839811246e-10
2.243033860670e-10
2.261518780526e-10
2.301601187281e-10
2.341720143697e-10
2.381839100112e-10
2.421958056527e-10
2.462077012942e-10
2.502195969358e-10
2.542314925773e-10
2.582433882188e-10
2.622552838603e-10
2.659254542780e-10
2.634445706658e-10
2.609636870537e-10
2.584828034415e-10
2.560019198294e-10
2.535210362172e-10
2.510401526051e-10
2.485592689929e-10
2.460783853808e-10
2.435975017686e-10
2.411166181565e-10
2.384530905319e-10
2.356567308982e-10
2.328603712645e-10
2.300640116309e-10
2.272676519972e-10
2.245004966978e-10
2.217997359950e-10
2.191631836372e-10
2.165885767731e-10
2.140737576474e-10
2.125398232366e-10
2.190940019791e-10
2.260652705542e-10
2.333174767538e-10
2.405740691157e-10
2.478306614775e-10
2.550872538394e-10
2.623438462012e-10
2.696004385630e-10
2.768570309249e-10
2.841136232867e-10
2.882915983989e-10
2.906737134487e-10
2.930558284986e-10
2.954379435485e-10
2.978200585983e-10
3.002021736482e-10
3.025842886981e-10
3.049664037479e-10
3.073485187978e-10
3.097306338477e-10
3.110068555486e-10
3.063849793882e-10
3.017631032278e-10
2.971412270675e-10
2.925193509071e-10
2.878974747468e-10
2.832755985864e-10
2.786537224261e-10
2.740318462657e-10
2.694099701053e-10
2.647880939450e-10
2.619152586660e-10
2.598496730245e-10
2.577840873830e-10
2.557185017415e-10
2.536529161000e-10
2.515873304585e-10
2.495217448170e-10
2.474561591755e-10
2.453905735340e-10
2.433249878925e-10
2.436238204394e-10
2.527892211927e-10
2.619546219460e-10
2.711200226994e-10
2.802854234527e-10
2.894508242060e-10
2.986162249593e-10
3.077816257127e-10
3.169470264660e-10
3.261124272193e-10
3.352778279726e-10
3.212616549039e-10
2.989663483273e-10
2.766710417508e-10
2.543757351742e-10
2.320804285976e-10
2.110066211317e-10
1.933626301566e-10
1.784416620036e-10
1.656585029957e-10
1.545844228967e-10
1.492400331106e-10
1.569839896160e-10
1.655755860532e-10
1.751620519409e-10
1.859268093419e-10
1.981013223257e-10
2.119819280578e-10
2.279507768550e-10
2.449922626067e-10
2.620337483584e-10
2.790752341101e-10
2.863038598088e-10
2.909157228267e-10
2.955275858445e-10
3.001394488623e-10
3.047513118802e-10
3.093631748980e-10
3.139750379159e-10
3.185869009337e-10
3.231987639516e-10
3.278106269694e-10
3.280431577777e-10
3.187871354651e-10
3.095311131526e-10
3.002750908401e-10
2.910190685275e-10
2.817630462150e-10
2.725070239024e-10
2.632510015899e-10
2.539949792773e-10
2.447389569648e-10
2.354829346523e-10
2.348472353688e-10
2.358278466532e-10
2.368084579377e-10
2.377890692221e-10
2.387696805066e-10
2.397502917910e-10
2.407309030755e-10
2.417115143599e-10
2.426921256444e-10
2.436727369288e-10
2.480495924141e-10
2.582485808151e-10
2.684475692161e-10
2.786465576172e-10
2.888455460182e-10
2.990445344192e-10
3.092435228202e-10
3.194425112212e-10
3.296414996222e-10
3.398404880232e-10
3.500394764242e-10
3.363963012610e-10
3.199481656785e-10
3.035000300960e-10
2.870518945135e-10
2.706037589309e-10
2.541556233484e-10
2.377074877659e-10
2.214038991193e-10
2.067969089953e-10
1.939980062961e-10
1.878291718482e-10
1.891290557099e-10
1.904470568129e-10
1.917835565810e-10
1.931389472208e-10
1.945136321050e-10
1.959080261728e-10
1.973225563476e-10
1.987576619725e-10
2.002137952656e-10
2.016914217947e-10
2.096794177430e-10
2.187302714876e-10
2.285874081958e-10
2.387618385352e-10
2.489362688746e-10
2.591106992141e-10
2.692851295535e-10
2.794595598929e-10
2.896339902324e-10
2.998084205718e-10
3.078049988046e-10
3.133817413633e-10
3.189584839220e-10
3.245352264807e-10
3.301119690394e-10
3.356887115982e-10
3.412654541569e-10
3.468421967156e-10
3.524189392743e-10
3.579956818330e-10
3.635724243918e-10
2.137464115786e-10
2.143187235132e-10
2.148941084380e-10
2.154725911699e-10
2.160541967937e-10
2.166389506659e-10
2.172268784182e-10
2.178180059614e-10
2.184123594889e-10
2.190099654810e-10
2.196108507084e-10
2.217123990300e-10
2.252462853414e-10
2.288799614408e-10
2.325282585956e-10
2.361765557504e-10
2.398248529052e-10
2.434731500601e-10
2.471214472149e-10
2.507697443697e-10
2.544180415245e-10
2.578295866822e-10
2.569795958919e-10
2.561296051016e-10
2.552796143113e-10
2.544296235211e-10
2.535796327308e-10
2.527296419405e-10
2.518796511502e-10
2.510296603599e-10
2.501796695696e-10
2.493296787793e-10
2.467558089036e-10
2.429282087839e-10
2.391006086642e-10
2.352730085445e-10
2.314454084248e-10
2.276178083051e-10
2.238366557208e-10
2.201777936846e-10
2.166366242652e-10
2.132075587165e-10
2.110501234131e-10
2.191708710477e-10
2.279381630233e-10
2.369895017927e-10
2.460408405621e-10
2.550921793315e-10
2.641435181009e-10
2.731948568703e-10
2.822461956397e-10
2.912975344091e-10
3.003488731785e-10
3.049024928526e-10
3.068324430545e-10
3.087623932563e-10
3.106923434581e-10
3.126222936600e-10
3.145522438618e-10
3.164821940637e-10
3.184121442655e-10
3.203420944673e-10
3.222720446692e-10
3.230287878856e-10
3.175284271802e-10
3.120280664747e-10
3.065277057692e-10
3.010273450638e-10
2.955269843583e-10
2.900266236528e-10
2.845262629474e-10
2.790259022419e-10
2.735255415364e-10
2.680251808310e-10
2.645132423309e-10
2.619190371565e-10
2.593248319821e-10
2.567306268076e-10
2.541364216332e-10
2.515422164588e-10
2.489480112843e-10
2.463538061099e-10
2.437596009355e-10
2.411653957610e-10
2.412929505390e-10
2.516271051386e-10
2.619612597381e-10
2.722954143376e-10
2.826295689371e-10
2.929637235367e-10
3.032978781362e-10
3.136320327357e-10
3.239661873352e-10
3.343003419348e-10
3.446344965343e-10
3.296430013770e-10
3.056066313066e-10
2.815702612362e-10
2.575338911658e-10
2.334975210954e-10
2.107272139338e-10
1.918765694537e-10
1.761215788817e-10
1.627575516864e-10
1.512785987885e-10
1.457084673409e-10
1.534241104999e-10
1.620025688046e-10
1.715971424813e-10
1.823997347264e-10
1.946538189411e-10
2.086730094573e-10
2.248682799914e-10
2.426411186542e-10
2.604353396178e-10
2.782295605815e-10
2.861914685222e-10
2.915314263235e-10
2.968713841247e-10
3.022113419260e-10
3.075512997273e-10
3.128912575285e-10
3.182312153298e-10
3.235711731311e-10
3.289111309324e-10
3.342510887336e-10
3.347515802587e-10
3.247665615188e-10
3.147815427788e-10
3.047965240388e-10
2.948115052989e-10
2.848264865589e-10
2.748414678189e-10
2.648564490790e-10
2.548714303390e-10
2.448864115990e-10
2.349013928591e-10
2.334963919071e-10
2.337001442903e-10
2.339038966735e-10
2.341076490567e-10
2.343114014399e-10
2.345151538232e-10
2.347189062064e-10
2.349226585896e-10
2.351264109728e-10
2.353301633560e-10
2.400235106484e-10
2.524133063565e-10
2.648031020646e-10
2.771928977727e-10
2.895826934807e-10
3.019724891888e-10
3.143622848969e-10
3.267520806050e-10
3.391418763131e-10
3.515316720211e-10
3.639214677292e-10
3.484098806786e-10
3.296157780093e-10
3.108216753400e-10
2.920275726706e-10
2.732334700013e-10
2.544393673320e-10
2.356452646627e-10
2.172904978842e-10
2.013422833218e-10
1.875750578848e-10
1.812383755013e-10
1.831819359864e-10
1.851676329645e-10
1.871968517343e-10
1.892710389924e-10
1.913917062728e-10
1.935604336203e-10
1.957788735168e-10
1.980487550804e-10
2.003718885603e-10
2.027501701513e-10
2.108221393573e-10
2.199130205931e-10
2.297900519648e-10
2.398994215438e-10
2.500087911228e-10
2.601181607019e-10
2.702275302809e-10
2.803368998599e-10
2.904462694389e-10
3.005556390179e-10
3.091241825812e-10
3.159806972382e-10
3.228372118951e-10
3.296937265521e-10
3.365502412090e-10
3.434067558660e-10
3.502632705230e-10
3.571197851799e-10
3.639762998369e-10
3.708328144938e-10
3.776893291508e-10
2.164971763652e-10
2.160814999393e-10
2.156674166591e-10
2.152549173832e-10
2.148439930399e-10
2.144346346267e-10
2.140268332095e-10
2.136205799222e-10
2.132158659658e-10
2.128126826078e-10
2.124110211816e-10
2.144553856903e-10
2.188324023663e-10
2.233918107381e-10
2.281401013765e-10
2.329486594496e-10
2.377572175226e-10
2.425657755957e-10
2.473743336688e-10
2.521828917418e-10
2.569914498149e-10
2.614425443516e-10
2.594592952336e-10
2.574760461157e-10
2.554927969977e-10
2.535095478798e-10
2.515262987618e-10
2.495430496439e-10
2.475598005259e-10
2.455765514080e-10
2.435933022900e-10
2.416100531720e-10
2.384080552038e-10
2.343196944354e-10
2.302313336670e-10
2.261466699444e-10
2.221626166295e-10
2.183165082234e-10
2.146013022846e-10
2.110104277299e-10
2.075377460477e-10
2.041775162792e-10
2.020614837948e-10
2.099867174789e-10
2.185590155717e-10
2.278581878097e-10
2.374880919447e-10
2.471179960798e-10
2.567479002149e-10
2.663778043500e-10
2.760077084851e-10
2.856376126201e-10
2.952675167552e-10
3.001684656249e-10
3.023108572564e-10
3.044532488880e-10
3.065956405195e-10
3.087380321510e-10
3.108804237825e-10
3.130228154141e-10
3.151652070456e-10
3.173075986771e-10
3.194499903087e-10
3.204573966073e-10
3.154115477970e-10
3.103656989867e-10
3.053198501764e-10
3.002740013661e-10
2.952281525559e-10
2.901823037456e-10
2.851364549353e-10
2.800906061250e-10
2.750447573147e-10
2.699989085044e-10
2.663031247615e-10
2.632304479728e-10
2.601577711840e-10
2.570850943953e-10
2.540124176065e-10
2.509397408178e-10
2.478670640290e-10
2.447943872403e-10
2.417217104515e-10
2.386490336628e-10
2.383369511817e-10
2.483770973545e-10
2.584172435273e-10
2.684573897001e-10
2.784975358728e-10
2.885376820456e-10
2.985778282184e-10
3.086179743912e-10
3.186581205640e-10
3.286982667368e-10
3.387384129096e-10
3.251734359578e-10
3.031780578902e-10
2.811826798226e-10
2.591873017549e-10
2.371919236873e-10
2.157857093177e-10
1.975951849400e-10
1.822331117423e-10
1.690873827537e-10
1.577106292590e-10
1.520719299483e-10
1.593701853935e-10
1.674042725807e-10
1.762913823803e-10
1.861749864296e-10
1.972326417160e-10
2.096867520492e-10
2.238196814857e-10
2.392983322519e-10
2.548239244309e-10
2.703495166099e-10
2.770264420595e-10
2.813437230480e-10
2.856610040364e-10
2.899782850248e-10
2.942955660133e-10
2.986128470017e-10
3.029301279902e-10
3.072474089786e-10
3.115646899671e-10
3.158819709555e-10
3.164842608642e-10
3.090374034333e-10
3.015905460025e-10
2.941436885716e-10
2.866968311408e-10
2.792499737100e-10
2.718031162791e-10
2.643562588483e-10
2.569094014174e-10
2.494625439866e-10
2.420156865558e-10
2.399499452464e-10
2.388931632099e-10
2.378363811733e-10
2.367795991368e-10
2.357228171002e-10
2.346660350636e-10
2.336092530271e-10
2.325524709905e-10
2.314956889540e-10
2.304389069174e-10
2.339267739906e-10
2.452054681089e-10
2.564841622273e-10
2.677628563457e-10
2.790415504640e-10
2.903202445824e-10
3.015989387008e-10
3.128776328191e-10
3.241563269375e-10
3.354350210559e-10
3.467137151742e-10
3.324675205291e-10
3.152183977942e-10
2.979692750593e-10
2.807201523244e-10
2.634710295895e-10
2.462219068546e-10
2.289727841197e-10
2.126941100178e-10
1.985642370411e-10
1.861947891102e-10
1.805840963992e-10
1.826862334703e-10
1.848378879300e-10
1.870408302586e-10
1.892969163587e-10
1.916080927696e-10
1.939764022688e-10
1.964039898942e-10
1.988931094242e-10
2.014461303560e-10
2.040655454301e-10
2.116084684506e-10
2.200284410959e-10
2.291272727640e-10
2.384508820217e-10
2.477744912794e-10
2.570981005371e-10
2.664217097948e-10
2.757453190525e-10
2.850689283102e-10
2.943925375679e-10
3.018970456134e-10
3.073803300898e-10
3.128636145662e-10
3.183468990425e-10
3.238301835189e-10
3.293134679953e-10
3.347967524716e-10
3.402800369480e-10
3.457633214244e-10
3.512466059008e-10
3.567298903771e-10
2.193196649719e-10
2.178735146037e-10
2.164463105646e-10
2.150376829476e-10
2.136472714131e-10
2.122747248813e-10
2.109197012364e-10
2.095818670428e-10
2.082608972712e-10
2.069564750356e-10
2.056682913396e-10
2.076583835115e-10
2.127736766469e-10
2.181473466424e-10
2.237994768914e-10
2.297207631487e-10
2.356895821400e-10
2.416584011313e-10
2.476272201227e-10
2.535960391140e-10
2.595648581053e-10
2.650555020210e-10
2.619389945753e-10
2.588224871297e-10
2.557059796841e-10
2.525894722385e-10
2.494729647929e-10
2.463564573472e-10
2.432399499016e-10
2.401234424560e-10
2.370069350104e-10
2.338904275648e-10
2.300603015041e-10
2.257191574852e-10
2.215015946610e-10
2.174387512410e-10
2.135222668552e-10
2.097443728208e-10
2.060978407078e-10
2.025759361788e-10
1.991723774811e-10
1.958812980553e-10
1.938072206208e-10
2.015413142565e-10
2.099183401128e-10
2.190219450152e-10
2.289353433274e-10
2.391438128281e-10
2.493522823289e-10
2.595607518297e-10
2.697692213304e-10
2.799776908312e-10
2.901861603319e-10
2.954344383972e-10
2.977892714584e-10
3.001441045196e-10
3.024989375808e-10
3.048537706421e-10
3.072086037033e-10
3.095634367645e-10
3.119182698257e-10
3.142731028869e-10
3.166279359482e-10
3.178860053289e-10
3.132946684138e-10
3.087033314987e-10
3.041119945836e-10
2.995206576685e-10
2.949293207534e-10
2.903379838383e-10
2.857466469232e-10
2.811553100081e-10
2.765639730930e-10
2.719726361779e-10
2.680930071921e-10
2.645418587890e-10
2.609907103860e-10
2.574395619829e-10
2.538884135798e-10
2.503372651767e-10
2.467861167737e-10
2.432349683706e-10
2.396838199675e-10
2.361326715645e-10
2.353809518244e-10
2.451270895704e-10
2.548732273165e-10
2.646193650625e-10
2.743655028086e-10
2.841116405546e-10
2.938577783007e-10
3.036039160467e-10
3.133500537928e-10
3.230961915388e-10
3.328423292849e-10
3.207038705387e-10
3.007494844738e-10
2.807950984089e-10
2.608407123441e-10
2.408863262792e-10
2.210930356928e-10
2.036651425247e-10
1.887840402125e-10
1.759294857020e-10
1.647138988890e-10
1.590165925267e-10
1.657957324540e-10
1.731786231321e-10
1.812496786605e-10
1.901098190053e-10
1.998807116811e-10
2.107103923360e-10
2.227808171693e-10
2.359555458497e-10
2.492125092440e-10
2.624694726383e-10
2.678614155968e-10
2.711560197725e-10
2.744506239481e-10
2.777452281237e-10
2.810398322993e-10
2.843344364749e-10
2.876290406505e-10
2.909236448261e-10
2.942182490017e-10
2.975128531774e-10
2.982169414696e-10
2.933082453479e-10
2.883995492262e-10
2.834908531045e-10
2.785821569827e-10
2.736734608610e-10
2.687647647393e-10
2.638560686176e-10
2.589473724959e-10
2.540386763742e-10
2.491299802525e-10
2.464034985858e-10
2.440861821295e-10
2.417688656731e-10
2.394515492168e-10
2.371342327604e-10
2.348169163041e-10
2.324995998478e-10
2.301822833914e-10
2.278649669351e-10
2.255576706333e-10
2.278300373327e-10
2.379976298613e-10
2.481652223900e-10
2.583328149187e-10
2.685004074473e-10
2.786679999760e-10
2.888355925046e-10
2.990031850333e-10
3.091707775619e-10
3.193383700906e-10
3.295059626193e-10
3.165251603797e-10
3.008210175792e-10
2.851168747787e-10
2.694127319782e-10
2.537085891777e-10
2.380044463772e-10
2.223980710158e-10
2.082881505433e-10
1.958618083252e-10
1.848346853337e-10
1.799345242617e-10
1.821932065220e-10
1.845093152225e-10
1.868850686423e-10
1.893228008019e-10
1.918249691111e-10
1.943941626322e-10
1.970331110164e-10
1.997446941771e-10
2.025319527745e-10
2.053980995892e-10
2.124006852393e-10
2.201439828183e-10
2.284644935633e-10
2.370023424997e-10
2.455401914360e-10
2.540780403724e-10
2.626158893088e-10
2.711537382452e-10
2.796915871815e-10
2.882294361179e-10
2.946699086456e-10
2.987799629414e-10
3.028900172372e-10
3.070000715330e-10
3.111101258288e-10
3.152201801245e-10
3.193302344203e-10
3.234402887161e-10
3.275503430119e-10
3.316603973077e-10
3.357704516035e-10
2.222167196587e-10
2.196955010286e-10
2.172308508927e-10
2.148208865343e-10
2.124638078675e-10
2.101578929532e-10
2.079014938043e-10
2.056930324572e-10
2.035309972922e-10
2.014139395829e-10
1.993404702592e-10
2.012789970617e-10
2.070414036218e-10
2.131434778212e-10
2.196161644799e-10
2.264942850400e-10
2.336219467574e-10
2.407510266670e-10
2.478801065765e-10
2.550091864861e-10
2.621382663957e-10
2.686684596903e-10
2.644186939170e-10
2.601689281438e-10
2.559191623705e-10
2.516693965972e-10
2.474196308239e-10
2.431698650506e-10
2.389200992773e-10
2.346703335040e-10
2.304205677307e-10
2.261742786903e-10
2.218356338922e-10
2.175210670706e-10
2.133711296571e-10
2.093765754935e-10
2.055288380922e-10
2.018199693116e-10
1.982425845530e-10
1.947898136850e-10
1.914552570084e-10
1.882329456674e-10
1.862008676629e-10
1.937489728215e-10
2.019348950582e-10
2.108430442969e-10
2.205734124725e-10
2.311696295765e-10
2.419566644429e-10
2.527436993093e-10
2.635307341757e-10
2.743177690422e-10
2.851048039086e-10
2.907004111694e-10
2.932676856603e-10
2.958349601513e-10
2.984022346422e-10
3.009695091331e-10
3.035367836240e-10
3.061040581149e-10
3.086713326058e-10
3.112386070967e-10
3.138058815876e-10
3.153146140505e-10
3.111777890306e-10
3.070409640107e-10
3.029041389908e-10
2.987673139709e-10
2.946304889510e-10
2.904936639310e-10
2.863568389111e-10
2.822200138912e-10
2.780831888713e-10
2.739463638514e-10
2.698828896227e-10
2.658532696053e-10
2.618236495879e-10
2.577940295705e-10
2.537644095531e-10
2.497347895357e-10
2.457051695183e-10
2.416755495009e-10
2.376459294836e-10
2.336163094662e-10
2.324249524670e-10
2.418770817863e-10
2.513292111056e-10
2.607813404250e-10
2.702334697443e-10
2.796855990636e-10
2.891377283829e-10
2.985898577022e-10
3.080419870215e-10
3.174941163408e-10
3.269462456601e-10
3.162343051195e-10
2.983209110574e-10
2.804075169953e-10
2.624941229332e-10
2.445807288711e-10
2.266680162836e-10
2.101198471799e-10
1.958235175272e-10
1.833486701261e-10
1.723680429771e-10
1.666258902106e-10
1.727611827824e-10
1.793655597181e-10
1.864949563119e-10
1.942145692096e-10
2.026008559579e-10
2.117440759834e-10
2.217515521240e-10
2.326127594474e-10
2.436010940571e-10
2.545894286668e-10
2.586963891342e-10
2.609683164970e-10
2.632402438597e-10
2.655121712225e-10
2.677840985853e-10
2.700560259481e-10
2.723279533109e-10
2.745998806736e-10
2.768718080364e-10
2.791437353992e-10
2.799496220750e-10
2.775790872624e-10
2.752085524499e-10
2.728380176373e-10
2.704674828247e-10
2.680969480121e-10
2.657264131995e-10
2.633558783869e-10
2.609853435743e-10
2.586148087617e-10
2.562442739491e-10
2.528570519252e-10
2.492792010490e-10
2.457013501729e-10
2.421234992968e-10
2.385456484207e-10
2.349677975446e-10
2.313899466685e-10
2.278120957924e-10
2.242690043741e-10
2.208320922513e-10
2.218554443416e-10
2.307897916138e-10
2.398462825527e-10
2.489027734917e-10
2.579592644306e-10
2.670157553696e-10
2.760722463085e-10
2.851287372474e-10
2.941852281864e-10
3.032417191253e-10
3.122982100643e-10
3.005828002303e-10
2.864236373642e-10
2.722644744981e-10
2.581053116319e-10
2.439461487658e-10
2.297869858997e-10
2.161759220759e-10
2.040610254554e-10
1.932319511992e-10
1.834943078596e-10
1.792896084772e-10
1.817028335376e-10
1.841819086011e-10
1.867295662367e-10
1.893486923250e-10
1.920423369626e-10
1.948137263119e-10
1.976662754908e-10
2.006036026122e-10
2.036295440941e-10
2.067481713767e-10
2.131988560988e-10
2.202596459515e-10
2.278017143625e-10
2.355538029776e-10
2.433058915926e-10
2.510579802077e-10
2.588100688227e-10
2.665621574378e-10
2.743142460528e-10
2.820663346679e-10
2.874427716778e-10
2.901795957930e-10
2.929164199082e-10
2.956532440234e-10
2.983900681386e-10
3.011268922538e-10
3.038637163690e-10
3.066005404842e-10
3.093373645995e-10
3.120741887147e-10
3.148110128299e-10
2.251913348725e-10
2.215482174794e-10
2.180210992657e-10
2.146045268198e-10
2.112933832937e-10
2.080828628338e-10
2.049684473066e-10
2.019458850850e-10
1.990111716835e-10
1.961605320577e-10
1.933904044042e-10
1.952798852848e-10
2.016098908651e-10
2.083640191886e-10
2.155863733301e-10
2.233273907663e-10
2.315543113748e-10
2.398436522026e-10
2.481329930304e-10
2.564223338582e-10
2.647116746860e-10
2.722814173597e-10
2.668983932587e-10
2.615153691578e-10
2.561323450568e-10
2.507493209559e-10
2.453662968549e-10
2.399832727540e-10
2.346002486530e-10
2.292172245521e-10
2.238794155984e-10
2.187657241749e-10
2.141439488412e-10
2.098976130887e-10
2.058164070934e-10
2.018908823233e-10
1.981122976009e-10
1.944725541241e-10
1.909641375227e-10
1.875800660743e-10
1.843138443312e-10
1.811594215084e-10
1.791690202292e-10
1.865367634713e-10
1.945364419520e-10
2.032530006909e-10
2.127873233304e-10
2.232601544205e-10
2.345610465569e-10
2.459266467890e-10
2.572922470211e-10
2.686578472532e-10
2.800234474853e-10
2.859663839417e-10
2.887460998623e-10
2.915258157829e-10
2.943055317035e-10
2.970852476241e-10
2.998649635447e-10
3.026446794653e-10
3.054243953859e-10
3.082041113065e-10
3.109838272271e-10
3.127432227722e-10
3.090609096474e-10
3.053785965227e-10
3.016962833980e-10
2.980139702732e-10
2.943316571485e-10
2.906493440238e-10
2.869670308990e-10
2.832847177743e-10
2.796024046496e-10
2.759200915248e-10
2.716727720532e-10
2.671646804215e-10
2.626565887898e-10
2.581484971581e-10
2.536404055264e-10
2.491323138947e-10
2.446242222630e-10
2.401161306313e-10
2.356080389996e-10
2.310999473679e-10
2.294689531097e-10
2.386270740023e-10
2.477851948948e-10
2.569433157874e-10
2.661014366800e-10
2.752595575726e-10
2.844176784651e-10
2.935757993577e-10
3.027339202503e-10
3.118920411428e-10
3.210501620354e-10
3.117647397003e-10
2.958923376410e-10
2.800199355816e-10
2.641475335223e-10
2.482751314630e-10
2.324027294037e-10
2.169970772616e-10
2.034083122927e-10
1.914211593880e-10
1.807682205962e-10
1.750000309794e-10
1.803375682251e-10
1.860109404950e-10
1.920528731643e-10
1.985004862429e-10
2.053960576864e-10
2.127879515295e-10
2.207317539134e-10
2.292699730452e-10
2.379896788702e-10
2.467093846952e-10
2.495313626715e-10
2.507806132215e-10
2.520298637714e-10
2.532791143214e-10
2.545283648713e-10
2.557776154213e-10
2.570268659712e-10
2.582761165212e-10
2.595253670711e-10
2.607746176211e-10
2.616823026805e-10
2.618499291770e-10
2.620175556735e-10
2.621851821701e-10
2.623528086666e-10
2.625204351631e-10
2.626880616597e-10
2.628556881562e-10
2.630233146528e-10
2.631909411493e-10
2.633585676458e-10
2.593106052645e-10
2.544722199686e-10
2.496338346727e-10
2.447954493769e-10
2.399570640810e-10
2.351186787851e-10
2.302802934892e-10
2.254533722012e-10
2.207820934628e-10
2.163004584236e-10
2.161838453668e-10
2.236344563791e-10
2.315273427154e-10
2.394727320647e-10
2.474181214139e-10
2.553635107631e-10
2.633089001124e-10
2.712542894616e-10
2.791996788108e-10
2.871450681601e-10
2.950904575093e-10
2.846404400808e-10
2.720262571491e-10
2.594120742174e-10
2.467978912857e-10
2.341837083540e-10
2.216992025357e-10
2.102924582921e-10
2.000020632110e-10
1.906717811152e-10
1.821732306264e-10
1.786492991569e-10
1.812150931452e-10
1.838556618694e-10
1.865743223953e-10
1.893745909308e-10
1.922601979969e-10
1.952351050095e-10
1.983035224231e-10
2.014699296137e-10
2.047390966968e-10
2.081161085054e-10
2.140030484059e-10
2.203754306868e-10
2.271389351617e-10
2.341052634555e-10
2.410715917492e-10
2.480379200429e-10
2.550042483367e-10
2.619705766304e-10
2.689369049241e-10
2.759032332179e-10
2.802156347099e-10
2.815792286446e-10
2.829428225792e-10
2.843064165138e-10
2.856700104485e-10
2.870336043831e-10
2.883971983177e-10
2.897607922524e-10
2.911243861870e-10
2.924879801216e-10
2.938515740563e-10
2.282405088392e-10
2.234324480174e-10
2.188171182056e-10
2.143886024859e-10
2.101357833845e-10
2.060484084170e-10
2.021170075679e-10
1.983328200407e-10
1.946877290859e-10
1.911742038850e-10
1.877852476167e-10
1.896280300736e-10
1.964560730855e-10
2.037942055360e-10
2.117018047189e-10
2.202478357580e-10
2.294866759922e-10
2.389362777383e-10
2.483858794843e-10
2.578354812304e-10
2.672850829764e-10
2.758943750291e-10
2.693780926005e-10
2.628618101718e-10
2.563455277432e-10
2.498292453146e-10
2.433129628860e-10
2.367966804574e-10
2.302803980287e-10
2.238113018026e-10
2.176543739837e-10
2.118271244010e-10
2.069677755749e-10
2.027904235076e-10
1.987783631568e-10
1.949219743236e-10
1.912123691461e-10
1.876413237144e-10
1.842012172078e-10
1.808849776072e-10
1.776860331671e-10
1.745982689475e-10
1.726489585798e-10
1.798422258739e-10
1.876609548123e-10
1.961904299371e-10
2.055321793314e-10
2.158080352070e-10
2.271654286709e-10
2.391095942687e-10
2.510537598664e-10
2.629979254642e-10
2.749420910620e-10
2.812323567140e-10
2.842245140643e-10
2.872166714146e-10
2.902088287649e-10
2.932009861152e-10
2.961931434655e-10
2.991853008157e-10
3.021774581660e-10
3.051696155163e-10
3.081617728666e-10
3.101718314938e-10
3.069440302642e-10
3.037162290347e-10
3.004884278052e-10
2.972606265756e-10
2.940328253461e-10
2.908050241165e-10
2.875772228870e-10
2.843494216574e-10
2.811216204279e-10
2.778938191983e-10
2.734626544838e-10
2.684760912378e-10
2.634895279918e-10
2.585029647457e-10
2.535164014997e-10
2.485298382537e-10
2.435432750077e-10
2.385567117616e-10
2.335701485156e-10
2.285835852696e-10
2.265142735576e-10
2.353770662182e-10
2.442411786840e-10
2.531052911499e-10
2.619694036157e-10
2.708335160815e-10
2.796976285474e-10
2.885617410132e-10
2.974258534790e-10
3.062899659449e-10
3.151540784107e-10
3.072951742811e-10
2.934637642245e-10
2.796323541680e-10
2.658009441114e-10
2.519695340549e-10
2.381381239983e-10
2.243397244322e-10
2.116043427358e-10
2.002372189691e-10
1.900290910574e-10
1.842604334657e-10
1.886089524485e-10
1.931676811598e-10
1.979522396151e-10
2.029798347001e-10
2.082694669385e-10
2.138421704559e-10
2.197212925264e-10
2.259328205371e-10
2.323782636833e-10
2.388293407237e-10
2.403663362088e-10
2.405929099460e-10
2.408194836831e-10
2.410460574202e-10
2.412726311573e-10
2.414992048944e-10
2.417257786316e-10
2.419523523687e-10
2.421789261058e-10
2.424054998429e-10
2.434149832859e-10
2.461207710916e-10
2.488265588972e-10
2.515323467029e-10
2.542381345085e-10
2.569439223142e-10
2.596497101199e-10
2.623554979255e-10
2.650612857312e-10
2.677670735368e-10
2.704728613425e-10
2.657641586039e-10
2.596652388882e-10
2.535663191726e-10
2.474673994569e-10
2.413684797412e-10
2.352695600255e-10
2.291706403099e-10
2.231406002873e-10
2.174019507791e-10
2.119510695872e-10
2.107949999010e-10
2.168544994014e-10
2.232726815350e-10
2.300426906377e-10
2.368769783972e-10
2.437112661567e-10
2.505455539162e-10
2.573798416757e-10
2.642141294353e-10
2.710484171948e-10
2.778827049543e-10
2.686980799314e-10
2.576288769341e-10
2.465596739368e-10
2.354904709395e-10
2.244516048057e-10
2.141326273629e-10
2.047207592730e-10
1.961014247747e-10
1.881785643979e-10
1.808710397544e-10
1.780135471223e-10
1.807299642017e-10
1.835305688745e-10
1.864193364738e-10
1.894004966222e-10
1.924785538943e-10
1.956583105280e-10
1.989448914247e-10
2.023437717119e-10
2.058608071804e-10
2.095022679524e-10
2.148133305577e-10
2.204913372161e-10
2.264776586921e-10
2.326567239334e-10
2.388372919058e-10
2.450178598782e-10
2.511984278506e-10
2.573789958230e-10
2.635595637954e-10
2.697401317679e-10
2.729884977421e-10
2.729788614962e-10
2.729692252502e-10
2.729595890043e-10
2.729499527583e-10
2.729403165124e-10
2.729306802664e-10
2.729210440205e-10
2.729114077745e-10
2.729017715286e-10
2.728921352826e-10
2.313052064996e-10
2.253490036057e-10
2.196189711510e-10
2.141731122197e-10
2.089907985033e-10
2.040533510841e-10
1.993438154762e-10
1.948467671164e-10
1.905481426012e-10
1.864350927817e-10
1.824958544816e-10
1.842941282852e-10
1.915591847050e-10
1.994205391704e-10
2.079547474627e-10
2.172520560863e-10
2.274190406096e-10
2.380289032739e-10
2.486387659382e-10
2.592486286025e-10
2.698584912668e-10
2.795073326985e-10
2.718577919422e-10
2.642082511859e-10
2.565587104296e-10
2.489091696733e-10
2.412596289170e-10
2.336100881607e-10
2.259658554260e-10
2.186356864898e-10
2.117661458629e-10
2.053151373386e-10
2.002569686048e-10
1.961487733349e-10
1.922057458270e-10
1.884181216477e-10
1.847768911644e-10
1.812737279951e-10
1.779009254445e-10
1.746513399076e-10
1.715183403644e-10
1.684957632147e-10
1.665867720351e-10
1.736115555008e-10
1.812548770429e-10
1.896021931121e-10
1.987554622023e-10
2.088373301800e-10
2.199966574845e-10
2.322925417483e-10
2.448152727118e-10
2.573380036752e-10
2.698607346387e-10
2.764983294862e-10
2.797029282662e-10
2.829075270462e-10
2.861121258262e-10
2.893167246062e-10
2.925213233862e-10
2.957259221662e-10
2.989305209462e-10
3.021351197261e-10
3.053397185061e-10
3.076004402154e-10
3.048271508811e-10
3.020538615467e-10
2.992805722123e-10
2.965072828780e-10
2.937339935436e-10
2.909607042092e-10
2.881874148749e-10
2.854141255405e-10
2.826408362061e-10
2.798675468718e-10
2.752525369144e-10
2.697875020540e-10
2.643224671937e-10
2.588574323333e-10
2.533923974730e-10
2.479273626127e-10
2.424623277523e-10
2.369972928920e-10
2.315322580316e-10
2.260715540330e-10
2.236102088644e-10
2.321270584341e-10
2.406971624732e-10
2.492672665123e-10
2.578373705514e-10
2.664074745905e-10
2.749775786296e-10
2.835476826687e-10
2.921177867078e-10
3.006878907469e-10
3.092579947860e-10
3.028256088619e-10
2.910351908081e-10
2.792447727543e-10
2.674543547006e-10
2.556639366468e-10
2.438735185930e-10
2.320831005392e-10
2.204885974483e-10
2.099045461941e-10
2.002900786754e-10
1.945556524890e-10
1.976755631991e-10
2.008971669655e-10
2.042255181682e-10
2.076660117826e-10
2.112244125600e-10
2.149068872612e-10
2.187200403214e-10
2.226709533801e-10
2.267672291750e-10
2.309492967521e-10
2.312013097462e-10
2.304052066705e-10
2.296091035948e-10
2.288130005190e-10
2.280168974433e-10
2.272207943676e-10
2.264264697096e-10
2.256375684335e-10
2.248541453539e-10
2.240761436066e-10
2.251636526307e-10
2.303916130061e-10
2.356355621209e-10
2.408795112357e-10
2.461234603505e-10
2.513674094653e-10
2.566113585801e-10
2.618553076948e-10
2.670992568096e-10
2.723432059244e-10
2.775871550392e-10
2.722177119433e-10
2.648582578078e-10
2.574988036724e-10
2.501393495369e-10
2.427798954015e-10
2.354204412660e-10
2.280609871306e-10
2.208747968457e-10
2.141237464483e-10
2.077731486534e-10
2.056682774914e-10
2.104735436489e-10
2.155087235441e-10
2.207907223499e-10
2.263381442263e-10
2.320590215503e-10
2.377822077201e-10
2.435053938899e-10
2.492285800597e-10
2.549517662295e-10
2.606749523993e-10
2.527557197820e-10
2.432314967191e-10
2.337072736562e-10
2.242190724431e-10
2.153011594877e-10
2.070654992547e-10
1.994366840108e-10
1.923500239904e-10
1.857497085087e-10
1.795873331137e-10
1.773823038926e-10
1.802474257899e-10
1.832066235071e-10
1.862646078299e-10
1.894264094022e-10
1.926974063428e-10
1.960833547731e-10
1.995904226211e-10
2.032252271192e-10
2.069948764752e-10
2.109070162687e-10
2.156297719913e-10
2.206073657317e-10
2.258201950121e-10
2.312081844113e-10
2.366029920624e-10
2.419977997135e-10
2.473926073646e-10
2.527874150157e-10
2.581822226668e-10
2.635770303178e-10
2.657613607743e-10
2.643784943477e-10
2.629956279212e-10
2.616127614947e-10
2.602298950682e-10
2.588470286416e-10
2.574641622151e-10
2.560812957886e-10
2.546984293621e-10
2.533155629355e-10
2.519326965090e-10
2.343699041600e-10
2.272984747334e-10
2.204267224737e-10
2.139580547138e-10
2.078582235579e-10
2.020965574259e-10
1.966456937821e-10
1.914811446038e-10
1.865809285716e-10
1.819252583260e-10
1.774962734071e-10
1.792520835586e-10
1.869004802145e-10
1.952306567606e-10
2.043380268251e-10
2.143366791247e-10
2.253641815793e-10
2.371215288096e-10
2.488916523921e-10
2.606617759747e-10
2.724318995572e-10
2.831202903678e-10
2.743374912839e-10
2.655546921999e-10
2.567718931160e-10
2.479890940320e-10
2.392062949481e-10
2.304234958641e-10
2.217670730590e-10
2.136940320880e-10
2.061881157096e-10
1.991915916803e-10
1.939676819355e-10
1.899283720784e-10
1.860538647262e-10
1.823342756835e-10
1.787604956817e-10
1.753241158959e-10
1.720173618899e-10
1.688330348985e-10
1.657644595126e-10
1.628054369679e-10
1.609358648842e-10
1.677981544247e-10
1.752717235779e-10
1.834420571831e-10
1.924113590222e-10
2.023028492606e-10
2.132664592609e-10
2.254864842517e-10
2.385767855571e-10
2.516780818862e-10
2.647793782154e-10
2.717643022585e-10
2.751813424682e-10
2.785983826779e-10
2.820154228875e-10
2.854324630972e-10
2.888495033069e-10
2.922665435166e-10
2.956835837263e-10
2.991006239359e-10
3.025176641456e-10
3.050290489371e-10
3.027102714979e-10
3.003914940587e-10
2.980727166195e-10
2.957539391803e-10
2.934351617412e-10
2.911163843020e-10
2.887976068628e-10
2.864788294236e-10
2.841600519844e-10
2.818412745453e-10
2.770424193450e-10
2.710989128703e-10
2.651554063956e-10
2.592118999210e-10
2.532683934463e-10
2.473248869716e-10
2.413813804970e-10
2.354378740223e-10
2.294943675477e-10
2.236042995015e-10
2.207796656848e-10
2.288770506501e-10
2.371531462624e-10
2.454292418748e-10
2.537053374871e-10
2.619814330995e-10
2.702575287118e-10
2.785336243242e-10
2.868097199365e-10
2.950858155489e-10
3.033619111612e-10
2.983560434427e-10
2.886066173917e-10
2.788571913407e-10
2.691077652897e-10
2.593583392387e-10
2.496089131877e-10
2.398594871367e-10
2.301100610857e-10
2.205526916882e-10
2.117224405794e-10
2.060694086214e-10
2.076578736083e-10
2.092710178731e-10
2.109094210652e-10
2.125736811298e-10
2.142644150354e-10
2.159822595364e-10
2.177278719730e-10
2.195019311093e-10
2.213051380135e-10
2.231382169820e-10
2.221450714605e-10
2.204177303780e-10
2.187170447211e-10
2.170424022149e-10
2.153932091943e-10
2.137688899016e-10
2.121688858168e-10
2.105926550172e-10
2.090396715655e-10
2.075094249243e-10
2.085275603700e-10
2.153044209200e-10
2.225365546259e-10
2.302266757685e-10
2.380087861924e-10
2.457908966163e-10
2.535730070402e-10
2.613551174641e-10
2.691372278881e-10
2.769193383120e-10
2.847014487359e-10
2.786712652826e-10
2.700512767274e-10
2.614312881722e-10
2.528112996169e-10
2.441913110617e-10
2.355713225065e-10
2.269513869319e-10
2.186545454839e-10
2.109429375867e-10
2.037567518472e-10
2.007850070363e-10
2.044573740034e-10
2.082665792690e-10
2.122204162533e-10
2.163272816462e-10
2.205962349309e-10
2.250370650977e-10
2.296309461041e-10
2.342430306842e-10
2.388551152643e-10
2.434671998443e-10
2.368133596325e-10
2.288341165040e-10
2.210199909583e-10
2.137097394290e-10
2.068675798777e-10
2.004499475923e-10
1.944185212115e-10
1.887394569201e-10
1.833827530525e-10
1.783217199103e-10
1.767555216719e-10
1.797674572154e-10
1.828838197011e-10
1.861101358235e-10
1.894523292737e-10
1.929167570382e-10
1.965102497542e-10
2.002401566604e-10
2.041143957669e-10
2.081415099634e-10
2.123307299032e-10
2.164524432035e-10
2.207235164264e-10
2.251665375114e-10
2.297596448892e-10
2.343686922190e-10
2.389777395487e-10
2.435867868785e-10
2.481958342083e-10
2.528048815381e-10
2.574139288678e-10
2.585342238064e-10
2.557781271993e-10
2.530220305922e-10
2.502659339851e-10
2.475098373780e-10
2.447537407709e-10
2.419976441638e-10
2.392415475567e-10
2.364854509496e-10
2.337293543425e-10
2.309732577354e-10
2.374346018204e-10
2.292609526741e-10
2.212404374960e-10
2.137434286658e-10
2.067378578777e-10
2.001769370966e-10
1.940196349556e-10
1.882298178214e-10
1.827755401935e-10
1.776284550005e-10
1.727633208065e-10
1.744785793292e-10
1.824629943664e-10
1.912132126226e-10
2.008449586656e-10
2.114985108829e-10
2.233455783800e-10
2.362141543452e-10
2.491445388460e-10
2.620749233468e-10
2.750053078476e-10
2.867332480372e-10
2.768171906256e-10
2.669011332140e-10
2.569850758023e-10
2.470690183907e-10
2.371529609791e-10
2.272369035675e-10
2.177214834113e-10
2.089708251204e-10
2.008964002942e-10
1.934227380858e-10
1.880614099740e-10
1.840903748305e-10
1.802835736017e-10
1.766310241387e-10
1.731235371828e-10
1.697526391736e-10
1.665105039028e-10
1.633898918530e-10
1.603840962332e-10
1.574868948617e-10
1.556557564084e-10
1.623614638432e-10
1.696709510352e-10
1.776696084547e-10
1.864597251785e-10
1.961648867218e-10
2.069358217155e-10
2.189582866493e-10
2.323382984025e-10
2.460181600973e-10
2.596980217920e-10
2.670302750308e-10
2.706597566701e-10
2.742892383095e-10
2.779187199489e-10
2.815482015883e-10
2.851776832276e-10
2.888071648670e-10
2.924366465064e-10
2.960661281457e-10
2.996956097851e-10
3.024576576587e-10
3.005933921147e-10
2.987291265707e-10
2.968648610267e-10
2.950005954827e-10
2.931363299387e-10
2.912720643947e-10
2.894077988507e-10
2.875435333067e-10
2.856792677627e-10
2.838150022187e-10
2.788323017755e-10
2.724103236865e-10
2.659883455976e-10
2.595663675086e-10
2.531443894196e-10
2.467224113306e-10
2.403004332416e-10
2.338784551527e-10
2.274564770637e-10
2.211903168408e-10
2.180198869292e-10
2.256360424088e-10
2.336091300516e-10
2.415912172372e-10
2.495733044228e-10
2.575553916084e-10
2.655374787941e-10
2.735195659797e-10
2.815016531653e-10
2.894837403509e-10
2.974658275365e-10
2.938864780235e-10
2.861780439753e-10
2.784696099271e-10
2.707611758788e-10
2.630527418306e-10
2.553443077824e-10
2.476358737341e-10
2.399274396859e-10
2.322190056377e-10
2.245389015919e-10
2.190316482202e-10
2.187019858631e-10
2.183733143576e-10
2.180456292435e-10
2.177189260867e-10
2.173932004801e-10
2.170684480427e-10
2.167446644197e-10
2.164218452822e-10
2.160999863273e-10
2.157790832772e-10
2.137058652712e-10
2.112181341644e-10
2.087876555032e-10
2.064124753664e-10
2.040907277446e-10
2.018206296505e-10
1.996004765529e-10
1.974286381080e-10
1.953035541668e-10
1.932237310377e-10
1.941806315312e-10
2.020336289897e-10
2.105485740911e-10
2.198128451864e-10
2.298941120344e-10
2.402143837674e-10
2.505346555004e-10
2.608549272335e-10
2.711751989665e-10
2.814954706995e-10
2.918157424326e-10
2.851248186220e-10
2.752442956470e-10
2.653637726720e-10
2.554832496970e-10
2.456027267220e-10
2.357222037470e-10
2.258481939880e-10
2.164784861931e-10
2.078552472979e-10
1.998926896925e-10
1.961282495713e-10
1.987755786490e-10
2.014953526089e-10
2.042905864145e-10
2.071644646827e-10
2.101203537869e-10
2.131618150113e-10
2.162926188652e-10
2.195167606763e-10
2.228384776009e-10
2.262622672015e-10
2.210352714539e-10
2.151016625114e-10
2.094782962332e-10
2.041414606532e-10
1.990698001915e-10
1.942440300421e-10
1.896466911186e-10
1.852619389951e-10
1.810753614650e-10
1.770738202892e-10
1.761331533378e-10
1.792900380035e-10
1.825621514328e-10
1.859559198166e-10
1.894782562395e-10
1.931366076839e-10
1.969390075853e-10
2.008941347216e-10
2.050113793428e-10
2.093009176034e-10
2.137737955384e-10
2.172814157709e-10
2.208397894931e-10
2.245166532333e-10
2.283111053671e-10
2.321343923756e-10
2.359576793840e-10
2.397809663925e-10
2.436042534009e-10
2.474275404094e-10
2.512508274178e-10
2.513070868386e-10
2.471777600509e-10
2.430484332632e-10
2.389191064756e-10
2.347897796879e-10
2.306604529002e-10
2.265323599483e-10
2.224954835441e-10
2.185999648627e-10
2.148385068608e-10
2.112043062412e-10
2.404992994809e-10
2.312234306147e-10
2.220601825085e-10
2.135292327785e-10
2.056295050957e-10
1.982934407869e-10
1.914627900028e-10
1.850870617953e-10
1.791222738895e-10
1.735299366542e-10
1.682762216379e-10
1.699527182988e-10
1.782313357365e-10
1.873577761256e-10
1.974693082118e-10
2.087345243344e-10
2.213628157028e-10
2.353067798808e-10
2.493974252999e-10
2.634880707189e-10
2.775787161380e-10
2.903462057066e-10
2.792968899673e-10
2.682475742280e-10
2.571982584887e-10
2.461489427494e-10
2.350996270101e-10
2.240897098202e-10
2.138208528230e-10
2.044518940071e-10
1.958695068420e-10
1.879786268752e-10
1.825041984859e-10
1.786005702980e-10
1.748604364580e-10
1.712737362817e-10
1.678312179443e-10
1.645243587936e-10
1.613452949020e-10
1.582867586306e-10
1.553420231637e-10
1.525048531203e-10
1.507111096208e-10
1.572660164392e-10
1.644170377856e-10
1.722493649038e-10
1.808652340144e-10
1.903884136994e-10
2.009701887383e-10
2.127974568669e-10
2.261038633204e-10
2.403582383083e-10
2.546166653687e-10
2.622962478030e-10
2.661381708721e-10
2.699800939412e-10
2.738220170102e-10
2.776639400793e-10
2.815058631484e-10
2.853477862174e-10
2.891897092865e-10
2.930316323555e-10
2.968735554246e-10
2.998862663803e-10
2.984765127315e-10
2.970667590827e-10
2.956570054339e-10
2.942472517851e-10
2.928374981363e-10
2.914277444874e-10
2.900179908386e-10
2.886082371898e-10
2.871984835410e-10
2.857887298922e-10
2.806221842061e-10
2.737217345028e-10
2.668212847995e-10
2.599208350962e-10
2.530203853929e-10
2.461199356896e-10
2.392194859863e-10
2.323190362830e-10
2.254303820129e-10
2.188278991439e-10
2.153282516621e-10
2.224717077082e-10
2.300651138408e-10
2.377531925997e-10
2.454412713585e-10
2.531293501174e-10
2.608174288763e-10
2.685055076352e-10
2.761935863940e-10
2.838816651529e-10
2.915697439118e-10
2.894169126043e-10
2.837494705589e-10
2.780820285134e-10
2.724145864679e-10
2.667471444225e-10
2.610797023770e-10
2.554122603316e-10
2.497448182861e-10
2.440773762407e-10
2.384099341952e-10
2.335435458201e-10
2.309201077218e-10
2.282966696235e-10
2.256816623638e-10
2.231194257826e-10
2.206147158764e-10
2.181656167913e-10
2.157702968126e-10
2.134270037964e-10
2.111340608953e-10
2.088898625560e-10
2.058843959183e-10
2.027556998344e-10
1.997206700284e-10
1.967751622912e-10
1.939152733377e-10
1.911373235506e-10
1.884378411849e-10
1.858135478939e-10
1.832613454470e-10
1.807783035277e-10
1.816807904217e-10
1.903038083333e-10
1.997861512763e-10
2.102630091956e-10
2.218994990581e-10
2.346378709184e-10
2.474963039606e-10
2.603547370028e-10
2.732131700449e-10
2.860716030871e-10
2.989300361293e-10
2.915783719614e-10
2.804373145666e-10
2.692962571718e-10
2.581551997770e-10
2.470141423822e-10
2.358730849874e-10
2.247556742318e-10
2.143453125707e-10
2.048566454859e-10
1.961724568201e-10
1.916826019567e-10
1.934010348988e-10
1.951505580385e-10
1.969320228122e-10
1.987463120324e-10
2.005943413471e-10
2.024770607800e-10
2.043954563593e-10
2.063505518398e-10
2.083434105244e-10
2.103751371927e-10
2.068943540080e-10
2.029131109022e-10
1.990821962069e-10
1.953932532795e-10
1.918385335949e-10
1.884108424178e-10
1.851034901966e-10
1.819102489885e-10
1.788253133186e-10
1.758432649547e-10
1.755151524289e-10
1.788151478965e-10
1.822416127211e-10
1.858019591735e-10
1.895041903027e-10
1.933569599910e-10
1.973696404866e-10
2.015523985235e-10
2.059162813301e-10
2.104733140580e-10
2.152366104409e-10
2.181167623709e-10
2.209561851254e-10
2.238705096005e-10
2.268627391818e-10
2.299000925322e-10
2.329376192193e-10
2.359751459064e-10
2.390126725935e-10
2.420501992807e-10
2.450877259678e-10
2.440799498708e-10
2.385773929025e-10
2.330748359343e-10
2.275722789660e-10
2.221770825358e-10
2.170307270387e-10
2.121173873286e-10
2.074215880777e-10
2.029291946339e-10
1.986272709148e-10
1.945039550017e-10
2.435639971413e-10
2.331859085554e-10
2.228860247879e-10
2.133154657600e-10
2.045329730334e-10
1.964450583121e-10
1.889724581558e-10
1.820475276180e-10
1.756121866890e-10
1.696162874258e-10
1.640163045426e-10
1.656557165976e-10
1.741915083613e-10
1.836547412641e-10
1.942052529201e-10
2.060418486475e-10
2.194149474186e-10
2.343994054165e-10
2.496503117538e-10
2.649012180911e-10
2.801521244284e-10
2.939591633760e-10
2.817765893090e-10
2.695940152420e-10
2.574114411751e-10
2.452288671081e-10
2.330462930412e-10
2.210283724547e-10
2.100575272961e-10
2.001242670460e-10
1.910880412608e-10
1.828325879373e-10
1.772659914333e-10
1.734287099083e-10
1.697540397957e-10
1.662318591549e-10
1.628528690388e-10
1.596085115156e-10
1.564908972975e-10
1.534927416897e-10
1.506073077625e-10
1.478283558162e-10
1.460709394269e-10
1.524806617516e-10
1.594787298051e-10
1.671500461866e-10
1.755966750999e-10
1.849424092905e-10
1.953388773547e-10
2.069738336639e-10
2.200825985618e-10
2.346983165193e-10
2.495353089454e-10
2.575622205753e-10
2.616165850741e-10
2.656709495728e-10
2.697253140716e-10
2.737796785703e-10
2.778340430691e-10
2.818884075678e-10
2.859427720666e-10
2.899971365653e-10
2.940515010641e-10
2.973148751020e-10
2.963596333483e-10
2.954043915947e-10
2.944491498411e-10
2.934939080874e-10
2.925386663338e-10
2.915834245802e-10
2.906281828265e-10
2.896729410729e-10
2.887176993193e-10
2.877624575657e-10
2.824120666367e-10
2.750331453190e-10
2.676542240014e-10
2.602753026838e-10
2.528963813662e-10
2.455174600486e-10
2.381385387310e-10
2.307596174133e-10
2.234393979154e-10
2.165154116561e-10
2.127022668000e-10
2.193948992104e-10
2.265223785512e-10
2.339151679621e-10
2.413092382943e-10
2.487033086264e-10
2.560973789585e-10
2.634914492907e-10
2.708855196228e-10
2.782795899549e-10
2.856736602871e-10
2.849473471851e-10
2.813208971424e-10
2.776944470998e-10
2.740679970571e-10
2.704415470144e-10
2.668150969717e-10
2.631886469290e-10
2.595621968863e-10
2.559357468436e-10
2.523092968010e-10
2.483497896951e-10
2.434577228121e-10
2.385656559292e-10
2.336735890463e-10
2.287815221634e-10
2.239331456846e-10
2.192739331264e-10
2.148046504663e-10
2.105139161249e-10
2.063912401039e-10
2.024269383601e-10
1.986152320671e-10
1.949452375498e-10
1.914084100461e-10
1.879976306948e-10
1.847062791659e-10
1.815281907719e-10
1.784576179308e-10
1.754891954768e-10
1.726179093748e-10
1.698390684580e-10
1.706929066420e-10
1.798612862572e-10
1.900704884188e-10
2.015084147583e-10
2.144110926238e-10
2.290613580695e-10
2.444579524208e-10
2.598545467721e-10
2.752511411234e-10
2.906477354747e-10
3.060443298259e-10
2.980319253007e-10
2.856303334862e-10
2.732287416716e-10
2.608271498570e-10
2.484255580425e-10
2.360239662279e-10
2.236736735174e-10
2.122537692044e-10
2.019433313066e-10
1.925881694708e-10
1.874340266729e-10
1.883094762400e-10
1.891931421213e-10
1.900851405304e-10
1.909855898830e-10
1.918946108492e-10
1.928123264075e-10
1.937388619002e-10
1.946743450906e-10
1.956189062214e-10
1.965726780757e-10
1.944539960204e-10
1.920317936665e-10
1.896691928722e-10
1.873640205086e-10
1.851142078242e-10
1.829177842520e-10
1.807728716536e-10
1.786776789624e-10
1.766304971956e-10
1.746296948054e-10
1.749014731340e-10
1.783427668508e-10
1.819221976265e-10
1.856482532603e-10
1.895301314661e-10
1.935778156786e-10
1.978021607853e-10
2.022149903335e-10
2.068292070471e-10
2.116589188268e-10
2.167195828259e-10
2.189585568029e-10
2.210727035171e-10
2.232280744098e-10
2.254258871103e-10
2.276657926887e-10
2.299175590545e-10
2.321693254204e-10
2.344210917862e-10
2.366728581520e-10
2.389246245178e-10
2.368528129030e-10
2.299770257541e-10
2.231691114233e-10
2.167189851491e-10
2.106312338166e-10
2.048761539004e-10
1.994272018929e-10
1.942605849670e-10
1.893549136612e-10
1.846909058924e-10
1.802511336600e-10
2.408703084631e-10
2.307019633981e-10
2.207160213811e-10
2.115088255826e-10
2.030390277339e-10
1.952214521282e-10
1.879835547245e-10
1.812631652447e-10
1.750066968729e-10
1.691677143476e-10
1.637057794470e-10
1.653065132543e-10
1.736268769622e-10
1.828292095880e-10
1.930615943402e-10
2.045072308172e-10
2.173955003746e-10
2.319116151145e-10
2.468574658752e-10
2.618033166358e-10
2.767491673965e-10
2.903237864223e-10
2.792162342221e-10
2.681086820218e-10
2.570011298215e-10
2.458935776212e-10
2.347860254210e-10
2.237281242629e-10
2.134401512842e-10
2.040567518733e-10
1.954636476015e-10
1.875650318413e-10
1.818371881191e-10
1.775310067113e-10
1.734240609611e-10
1.695028363464e-10
1.657550136063e-10
1.621693394590e-10
1.587355137454e-10
1.554440906122e-10
1.522863917406e-10
1.492544299392e-10
1.472692600647e-10
1.535054636305e-10
1.602931724374e-10
1.677089305339e-10
1.758441339243e-10
1.848088163949e-10
1.947366555764e-10
2.057916841457e-10
2.181774245414e-10
2.320379987910e-10
2.462602907713e-10
2.538850990453e-10
2.576613751571e-10
2.614376512689e-10
2.652139273807e-10
2.689902034926e-10
2.727664796044e-10
2.765427557162e-10
2.803190318280e-10
2.840953079398e-10
2.878715840517e-10
2.909602588020e-10
2.903817262910e-10
2.898031937800e-10
2.892246612690e-10
2.886461287581e-10
2.880675962471e-10
2.874890637361e-10
2.869105312251e-10
2.863319987141e-10
2.857534662031e-10
2.851749336922e-10
2.802132318465e-10
2.732285287695e-10
2.662438256925e-10
2.592591226154e-10
2.522744195384e-10
2.452897164614e-10
2.383050133844e-10
2.313203103073e-10
2.243679328478e-10
2.177491230583e-10
2.139799093223e-10
2.198018856693e-10
2.259495321275e-10
2.323259830902e-10
2.387079018764e-10
2.450898206625e-10
2.514717394487e-10
2.578536582349e-10
2.642355770211e-10
2.706174958072e-10
2.769994145934e-10
2.768376784109e-10
2.743389225968e-10
2.718401667827e-10
2.693414109685e-10
2.668426551544e-10
2.643438993403e-10
2.618451435261e-10
2.593463877120e-10
2.568476318979e-10
2.543488760837e-10
2.511041164757e-10
2.457705462447e-10
2.404369760138e-10
2.351034057828e-10
2.297698355518e-10
2.244662604155e-10
2.193721846490e-10
2.145041898191e-10
2.098475520593e-10
2.053887988892e-10
2.011155790361e-10
1.970592067098e-10
1.931741614386e-10
1.894393426765e-10
1.858462022795e-10
1.823868285699e-10
1.790538881828e-10
1.758405741734e-10
1.727405596145e-10
1.697479560163e-10
1.668572759950e-10
1.676782929858e-10
1.769990180897e-10
1.874169552514e-10
1.991379625349e-10
2.124228307193e-10
2.276056071967e-10
2.437971133008e-10
2.599886194050e-10
2.761801255091e-10
2.923716316133e-10
3.085631377174e-10
3.009448516369e-10
2.888622295217e-10
2.767796074066e-10
2.646969852914e-10
2.526143631762e-10
2.405317410611e-10
2.284491189459e-10
2.168475508370e-10
2.063604158225e-10
1.968408410411e-10
1.914383626111e-10
1.919017795795e-10
1.923674455893e-10
1.928353770528e-10
1.933055905426e-10
1.937781027929e-10
1.942529307022e-10
1.947300913349e-10
1.952096019237e-10
1.956914798712e-10
1.961757427525e-10
1.943465750256e-10
1.922872740994e-10
1.902711564058e-10
1.882968777199e-10
1.863631490354e-10
1.844687337579e-10
1.826124450678e-10
1.807931434410e-10
1.790097343162e-10
1.772611658985e-10
1.775005104407e-10
1.805070278400e-10
1.836171493431e-10
1.868363241094e-10
1.901703902563e-10
1.936256101938e-10
1.972087098831e-10
2.009269225358e-10
2.047880373519e-10
2.088004539875e-10
2.129732435527e-10
2.153203783006e-10
2.176075583065e-10
2.199438498351e-10
2.223308518760e-10
2.247702335942e-10
2.272635574367e-10
2.297802286721e-10
2.322968999075e-10
2.348135711429e-10
2.373302423783e-10
2.352916647863e-10
2.281916996082e-10
2.212446442220e-10
2.147030741440e-10
2.085372260053e-10
2.027156334809e-10
1.972102485169e-10
1.919959894328e-10
1.870503588672e-10
1.823531192886e-10
1.778860162003e-10
2.339887024478e-10
2.250030788788e-10
2.164954411771e-10
2.086077313341e-10
2.012745726353e-10
1.944394689042e-10
1.880533461512e-10
1.820733724698e-10
1.764619961537e-10
1.711861563622e-10
1.662166312724e-10
1.677741598995e-10
1.755282383305e-10
1.840337940981e-10
1.934056331490e-10
2.037832020071e-10
2.153375732953e-10
2.282744314761e-10
2.418495419366e-10
2.554246523970e-10
2.689997628575e-10
2.814168933793e-10
2.729903850052e-10
2.645638766311e-10
2.561373682571e-10
2.477108598830e-10
2.392843515089e-10
2.308578431348e-10
2.225238467877e-10
2.147147493021e-10
2.074351635956e-10
2.006329987931e-10
1.946768902511e-10
1.893493097240e-10
1.843055539950e-10
1.795235305638e-10
1.749833818070e-10
1.706672093479e-10
1.665588382387e-10
1.626436144001e-10
1.589082299755e-10
1.553405722098e-10
1.528871512472e-10
1.588898019515e-10
1.653830669186e-10
1.724296579753e-10
1.801034506322e-10
1.884920839247e-10
1.977003222998e-10
2.078544535265e-10
2.191081152784e-10
2.315592112885e-10
2.442989731421e-10
2.509766362044e-10
2.541180749718e-10
2.572595137391e-10
2.604009525065e-10
2.635423912738e-10
2.666838300412e-10
2.698252688085e-10
2.729667075759e-10
2.761081463432e-10
2.792495851106e-10
2.818542061227e-10
2.815957991071e-10
2.813373920914e-10
2.810789850758e-10
2.808205780601e-10
2.805621710445e-10
2.803037640289e-10
2.800453570132e-10
2.797869499976e-10
2.795285429820e-10
2.792701359663e-10
2.751135118049e-10
2.691577104993e-10
2.632019091937e-10
2.572461078882e-10
2.512903065826e-10
2.453345052770e-10
2.393787039714e-10
2.334229026658e-10
2.274671013602e-10
2.216437084719e-10
2.181905056753e-10
2.227603847063e-10
2.275248367125e-10
2.323723180478e-10
2.372197993831e-10
2.420672807185e-10
2.469147620538e-10
2.517622433891e-10
2.566097247244e-10
2.614572060598e-10
2.663046873951e-10
2.660806617422e-10
2.640453835936e-10
2.620101054449e-10
2.599748272963e-10
2.579395491476e-10
2.559042709990e-10
2.538689928503e-10
2.518337147017e-10
2.497984365530e-10
2.477631584044e-10
2.450934126423e-10
2.406471575626e-10
2.362009024829e-10
2.317546474033e-10
2.273083923236e-10
2.229383752344e-10
2.187329666227e-10
2.146832784212e-10
2.107808186881e-10
2.070177019157e-10
2.033865958461e-10
1.994414482474e-10
1.955340391685e-10
1.917767941566e-10
1.881612200676e-10
1.846794523919e-10
1.813241981492e-10
1.780886848972e-10
1.749666151041e-10
1.719521252369e-10
1.690397490088e-10
1.698356350586e-10
1.791098442668e-10
1.894554310612e-10
2.010694282137e-10
2.142003376728e-10
2.291467741247e-10
2.448653741226e-10
2.605839741205e-10
2.763025741184e-10
2.920211741163e-10
3.077397741142e-10
3.012827765161e-10
2.906678543689e-10
2.800529322216e-10
2.694380100743e-10
2.588230879271e-10
2.482081657798e-10
2.375932436325e-10
2.269783516095e-10
2.168447257720e-10
2.075772761077e-10
2.022305003852e-10
2.025267850701e-10
2.028239391926e-10
2.031219665856e-10
2.034208711041e-10
2.037206566260e-10
2.040213270523e-10
2.043228863067e-10
2.046253383363e-10
2.049286871118e-10
2.052329366270e-10
2.030263289819e-10
2.005813586880e-10
1.981945753988e-10
1.958639263820e-10
1.935874543381e-10
1.913632919193e-10
1.891896566197e-10
1.870648460121e-10
1.849872332999e-10
1.829552631644e-10
1.826602879851e-10
1.847385983300e-10
1.868647470465e-10
1.890404050751e-10
1.912673220911e-10
1.935473311987e-10
1.958823539624e-10
1.982744058091e-10
2.007256018297e-10
2.032381630168e-10
2.058144229767e-10
2.087529573518e-10
2.117935741742e-10
2.149240772001e-10
2.181485120286e-10
2.214711707355e-10
2.248966109346e-10
2.284214764604e-10
2.319671727043e-10
2.355128689482e-10
2.390585651921e-10
2.378512358342e-10
2.313627669188e-10
2.248951568541e-10
2.187050812277e-10
2.128466324720e-10
2.072938559850e-10
2.020234367337e-10
1.970143720215e-10
1.922476917574e-10
1.877062183744e-10
1.833743599921e-10
2.271070964324e-10
2.195252357478e-10
2.124332460214e-10
2.057851441607e-10
1.995405203576e-10
1.936637253440e-10
1.881231894191e-10
1.828908551173e-10
1.779417019911e-10
1.732533465180e-10
1.688057036347e-10
1.703165955689e-10
1.774717038095e-10
1.852543568803e-10
1.937509003119e-10
2.030642817533e-10
2.133182426864e-10
2.246628476719e-10
2.368416179980e-10
2.490459881582e-10
2.612503583185e-10
2.725100003362e-10
2.667645357884e-10
2.610190712405e-10
2.552736066926e-10
2.495281421447e-10
2.437826775969e-10
2.380372130490e-10
2.322917485011e-10
2.265474482902e-10
2.209687868466e-10
2.156582681254e-10
2.094676030727e-10
2.028533288342e-10
1.966439809528e-10
1.908034794070e-10
1.852999069719e-10
1.801049256879e-10
1.751932888105e-10
1.705424304978e-10
1.661321191631e-10
1.619441632583e-10
1.589506533911e-10
1.646655915134e-10
1.708068077744e-10
1.774238440739e-10
1.845742286933e-10
1.923251531781e-10
2.007555902491e-10
2.099589942732e-10
2.200467802227e-10
2.310804237861e-10
2.423376555130e-10
2.480681733636e-10
2.505747747865e-10
2.530813762093e-10
2.555879776322e-10
2.580945790551e-10
2.606011804780e-10
2.631077819008e-10
2.656143833237e-10
2.681209847466e-10
2.706275861694e-10
2.727481534434e-10
2.728098719231e-10
2.728715904028e-10
2.729333088825e-10
2.729950273622e-10
2.730567458419e-10
2.731184643217e-10
2.731801828014e-10
2.732419012811e-10
2.733036197608e-10
2.733653382405e-10
2.700137917633e-10
2.650868922292e-10
2.601599926950e-10
2.552330931609e-10
2.503061936267e-10
2.453792940926e-10
2.404523945584e-10
2.355254950242e-10
2.305985954901e-10
2.256801454049e-10
2.225701364920e-10
2.257996122053e-10
2.291056091209e-10
2.324186530054e-10
2.357316968899e-10
2.390447407744e-10
2.423577846588e-10
2.456708285433e-10
2.489838724278e-10
2.522969163123e-10
2.556099601967e-10
2.553236450735e-10
2.537518445903e-10
2.521800441071e-10
2.506082436240e-10
2.490364431408e-10
2.474646426576e-10
2.458928421745e-10
2.443210416913e-10
2.427492412082e-10
2.411774407250e-10
2.390827088089e-10
2.355237688805e-10
2.319648289521e-10
2.284058890238e-10
2.248683304082e-10
2.214311492887e-10
2.180974629466e-10
2.148626663137e-10
2.117224235365e-10
2.086726485860e-10
2.057094875204e-10
2.018819922631e-10
1.979522880308e-10
1.941726488883e-10
1.905346399999e-10
1.870304470425e-10
1.836528201760e-10
1.803950239764e-10
1.772507926058e-10
1.742142895888e-10
1.712800716557e-10
1.720492132126e-10
1.812716239942e-10
1.915387382198e-10
2.030387279369e-10
2.160078432127e-10
2.306879410528e-10
2.459336349444e-10
2.611793288360e-10
2.764250227277e-10
2.916707166193e-10
3.069164105109e-10
3.016207013954e-10
2.924734792160e-10
2.833262570367e-10
2.741790348573e-10
2.650318126779e-10
2.558845904985e-10
2.467373683191e-10
2.375901461398e-10
2.284429239604e-10
2.195524893465e-10
2.143121224853e-10
2.143972975181e-10
2.144825402808e-10
2.145678508542e-10
2.146532293193e-10
2.147386757572e-10
2.148241902490e-10
2.149097728762e-10
2.149954237201e-10
2.150811428623e-10
2.151669303846e-10
2.125176240451e-10
2.096232083361e-10
2.068065751160e-10
2.040646305479e-10
2.013944427264e-10
1.987932312201e-10
1.962583574143e-10
1.937873155828e-10
1.913777246262e-10
1.890273204191e-10
1.881290267816e-10
1.891733302705e-10
1.902292923251e-10
1.912971092751e-10
1.923769818833e-10
1.934691154712e-10
1.945737200498e-10
1.956910104535e-10
1.968212064800e-10
1.979645330339e-10
1.991212202764e-10
2.025743006168e-10
2.062821786922e-10
2.101283240491e-10
2.141206176373e-10
2.182675509365e-10
2.225782862460e-10
2.270627242488e-10
2.316374455011e-10
2.362121667534e-10
2.407868880058e-10
2.404108068820e-10
2.345338342293e-10
2.286568615766e-10
2.228591146957e-10
2.173379043099e-10
2.120836500563e-10
2.070774475575e-10
2.023021362142e-10
1.977421026755e-10
1.933831103026e-10
1.892121507011e-10
2.204252571285e-10
2.143077765576e-10
2.085206845828e-10
2.030379198624e-10
1.978360918193e-10
1.928941470622e-10
1.881930845860e-10
1.837157116260e-10
1.794464335537e-10
1.753710724031e-10
1.714767095751e-10
1.729372726191e-10
1.794586875995e-10
1.864912179741e-10
1.940974024192e-10
2.023504161789e-10
2.113364328191e-10
2.211576445134e-10
2.318336940594e-10
2.426673239194e-10
2.535009537795e-10
2.636031072932e-10
2.605386865715e-10
2.574742658498e-10
2.544098451282e-10
2.513454244065e-10
2.482810036848e-10
2.452165829631e-10
2.421521622414e-10
2.390877415198e-10
2.360233207981e-10
2.329589000764e-10
2.266905782159e-10
2.184314271705e-10
2.107529414122e-10
2.035959643553e-10
1.969091111088e-10
1.906475328024e-10
1.847719094092e-10
1.792476232418e-10
1.740440764099e-10
1.691341238081e-10
1.655149748304e-10
1.708771314622e-10
1.765983541917e-10
1.827159586162e-10
1.892726165286e-10
1.963173527066e-10
2.039067729112e-10
2.121065881779e-10
2.209935223005e-10
2.306016362837e-10
2.403763378838e-10
2.451597105228e-10
2.470314746012e-10
2.489032386796e-10
2.507750027580e-10
2.526467668364e-10
2.545185309148e-10
2.563902949932e-10
2.582620590715e-10
2.601338231499e-10
2.620055872283e-10
2.636421007641e-10
2.640239447392e-10
2.644057887142e-10
2.647876326893e-10
2.651694766643e-10
2.655513206394e-10
2.659331646144e-10
2.663150085895e-10
2.666968525645e-10
2.670786965396e-10
2.674605405147e-10
2.649140717218e-10
2.610160739590e-10
2.571180761963e-10
2.532200784336e-10
2.493220806709e-10
2.454240829081e-10
2.415260851454e-10
2.376280873827e-10
2.337300896200e-10
2.298320918572e-10
2.271291686622e-10
2.289077750958e-10
2.306863815294e-10
2.324649879630e-10
2.342435943967e-10
2.360222008303e-10
2.378008072639e-10
2.395794136975e-10
2.413580201311e-10
2.431366265648e-10
2.449152329984e-10
2.445666284047e-10
2.434583055871e-10
2.423499827694e-10
2.412416599517e-10
2.401333371340e-10
2.390250143163e-10
2.379166914987e-10
2.368083686810e-10
2.357000458633e-10
2.345917230456e-10
2.330720049755e-10
2.304003801984e-10
2.277287554213e-10
2.250746612923e-10
2.224798398300e-10
2.199441663777e-10
2.174656413394e-10
2.150423542476e-10
2.126724788521e-10
2.103542685299e-10
2.080860519922e-10
2.043830055960e-10
2.004311008434e-10
1.966291234471e-10
1.929687003205e-10
1.894420704717e-10
1.860420300749e-10
1.827618833533e-10
1.795953985671e-10
1.765367684994e-10
1.735805749119e-10
1.743212553699e-10
1.834862247752e-10
1.936683721064e-10
2.050469843541e-10
2.178461132209e-10
2.322291079808e-10
2.470018957662e-10
2.617746835516e-10
2.765474713369e-10
2.913202591223e-10
3.060930469077e-10
3.019586262747e-10
2.942791040632e-10
2.865995818517e-10
2.789200596402e-10
2.712405374287e-10
2.635610152172e-10
2.558814930058e-10
2.482019707943e-10
2.405224485828e-10
2.328429263713e-10
2.279257161391e-10
2.277438978715e-10
2.275620796038e-10
2.273802613362e-10
2.271984430685e-10
2.270166334876e-10
2.268350317199e-10
2.266537202644e-10
2.264726984254e-10
2.262919655095e-10
2.261115208257e-10
2.229398583822e-10
2.195187204528e-10
2.162009941970e-10
2.129820606447e-10
2.098575718707e-10
2.068234314006e-10
2.038757762924e-10
2.010109607287e-10
1.982255409735e-10
1.955162615619e-10
1.939353336412e-10
1.938262144645e-10
1.937172180122e-10
1.936083440774e-10
1.934995924536e-10
1.933909629349e-10
1.932824553156e-10
1.931740693908e-10
1.930658049557e-10
1.929576618064e-10
1.928496397390e-10
1.967508805855e-10
2.010503486541e-10
2.055419215812e-10
2.102387687554e-10
2.151552914526e-10
2.203072703256e-10
2.257120346045e-10
2.313077182979e-10
2.369114645587e-10
2.425152108195e-10
2.429703779299e-10
2.377049015398e-10
2.324394251497e-10
2.271739487597e-10
2.220228022937e-10
2.171000284938e-10
2.123908186884e-10
2.078815704100e-10
2.035598123460e-10
1.994140891529e-10
1.954338600642e-10
2.141253521145e-10
2.093325666686e-10
2.047496385930e-10
2.003630799274e-10
1.961605343325e-10
1.921306608513e-10
1.882630317099e-10
1.845480422183e-10
1.809768311326e-10
1.775412100877e-10
1.742336009186e-10
1.756398592145e-10
1.814906679520e-10
1.877447060236e-10
1.944451461086e-10
2.016415521619e-10
2.093911075723e-10
2.177601378456e-10
2.268260136462e-10
2.362886596806e-10
2.457515492405e-10
2.546962142501e-10
2.543128373546e-10
2.539294604592e-10
2.535460835637e-10
2.531627066682e-10
2.527793297727e-10
2.523959528773e-10
2.520125759818e-10
2.516291990863e-10
2.512458221908e-10
2.508624452954e-10
2.453900367167e-10
2.362165141867e-10
2.270429930913e-10
2.182270736161e-10
2.100701958989e-10
2.025011218109e-10
1.954585233223e-10
1.888893171491e-10
1.827473243080e-10
1.769921829531e-10
1.726448367012e-10
1.775756672075e-10
1.827964328246e-10
1.883334806405e-10
1.942164497572e-10
2.004788020319e-10
2.071584589203e-10
2.142985700187e-10
2.219484462167e-10
2.301228487813e-10
2.384150202546e-10
2.422512476819e-10
2.434881744159e-10
2.447251011498e-10
2.459620278837e-10
2.471989546176e-10
2.484358813515e-10
2.496728080855e-10
2.509097348194e-10
2.521466615533e-10
2.533835882872e-10
2.545360480848e-10
2.552380175552e-10
2.559399870256e-10
2.566419564960e-10
2.573439259664e-10
2.580458954368e-10
2.587478649072e-10
2.594498343776e-10
2.601518038480e-10
2.608537733184e-10
2.615557427888e-10
2.598143516802e-10
2.569452556889e-10
2.540761596976e-10
2.512070637063e-10
2.483379677150e-10
2.454688717237e-10
2.425997757324e-10
2.397306797411e-10
2.368615837498e-10
2.339924877586e-10
2.317788159723e-10
2.320229849551e-10
2.322671539379e-10
2.325113229206e-10
2.327554919034e-10
2.329996608862e-10
2.332438298690e-10
2.334879988517e-10
2.337321678345e-10
2.339763368173e-10
2.342205058001e-10
2.338096117360e-10
2.331647665838e-10
2.325199214316e-10
2.318750762794e-10
2.312302311272e-10
2.305853859750e-10
2.299405408228e-10
2.292956956706e-10
2.286508505184e-10
2.280060053662e-10
2.270613011420e-10
2.252908997581e-10
2.235478924895e-10
2.218316483981e-10
2.201415557734e-10
2.184770214059e-10
2.168374698932e-10
2.152223429762e-10
2.136310989061e-10
2.120632118380e-10
2.105181712517e-10
2.069467638079e-10
2.029727816533e-10
1.991485480128e-10
1.954657551269e-10
1.919166986092e-10
1.884942236465e-10
1.851916768544e-10
1.820028631068e-10
1.789220067500e-10
1.759437166904e-10
1.766541087132e-10
1.857556065028e-10
1.958458953541e-10
2.070953649755e-10
2.197159398743e-10
2.337702749088e-10
2.480701565880e-10
2.623700382671e-10
2.766699199462e-10
2.909698016253e-10
3.052696833045e-10
3.022965511539e-10
2.960847289104e-10
2.898729066668e-10
2.836610844232e-10
2.774492621796e-10
2.712374399360e-10
2.650256176924e-10
2.588137954488e-10
2.526019732052e-10
2.463901509616e-10
2.422977126477e-10
2.418385039274e-10
2.413792952072e-10
2.409200864869e-10
2.404608777667e-10
2.400016690465e-10
2.395424603262e-10
2.390832516060e-10
2.386240428858e-10
2.381648341655e-10
2.377056254453e-10
2.342049906810e-10
2.303465410879e-10
2.264895335960e-10
2.227144710164e-10
2.190631886246e-10
2.155296966927e-10
2.121083858158e-10
2.087939971975e-10
2.055815956781e-10
2.024665452160e-10
2.001114594609e-10
1.987137537527e-10
1.973354375471e-10
1.959761101557e-10
1.946353818547e-10
1.933128735130e-10
1.920082162342e-10
1.907210510139e-10
1.894510284101e-10
1.881978082273e-10
1.869610592121e-10
1.912529172891e-10
1.960773387833e-10
2.011514543240e-10
2.064951637290e-10
2.121305391272e-10
2.180821296937e-10
2.243773191632e-10
2.309779910947e-10
2.376107623640e-10
2.442435336332e-10
2.455299489777e-10
2.408759688503e-10
2.362219887229e-10
2.315680085955e-10
2.269141235911e-10
2.223594588866e-10
2.179840405566e-10
2.137774915757e-10
2.097302207566e-10
2.058333497442e-10
2.020786480003e-10
2.081755520718e-10
2.045831172350e-10
2.011125666192e-10
1.977578007593e-10
1.945131204944e-10
1.913731946581e-10
1.883330308486e-10
1.853879489415e-10
1.825335570493e-10
1.797657296679e-10
1.770805877821e-10
1.784282564572e-10
1.835691908370e-10
1.890151585682e-10
1.947941380651e-10
2.009376373223e-10
2.074812686263e-10
2.144654393432e-10
2.219361870841e-10
2.299099954419e-10
2.380021447015e-10
2.457893212071e-10
2.480869881378e-10
2.503846550685e-10
2.526823219992e-10
2.549799889300e-10
2.572776558607e-10
2.595753227914e-10
2.618729897221e-10
2.641706566529e-10
2.664683235836e-10
2.687659905143e-10
2.640901006363e-10
2.543425330792e-10
2.445949655221e-10
2.348473979650e-10
2.251166250525e-10
2.159264371252e-10
2.074571804680e-10
1.996272258145e-10
1.923668192656e-10
1.856159985499e-10
1.804166140822e-10
1.848208074714e-10
1.894454048450e-10
1.943073757000e-10
1.994254774557e-10
2.048204972949e-10
2.105155343522e-10
2.165363303260e-10
2.229116584941e-10
2.296440612789e-10
2.364537026254e-10
2.393427848411e-10
2.399448742306e-10
2.405469636200e-10
2.411490530094e-10
2.417511423989e-10
2.423532317883e-10
2.429553211778e-10
2.435574105672e-10
2.441594999567e-10
2.447615893461e-10
2.454299954055e-10
2.464520903713e-10
2.474741853370e-10
2.484962803028e-10
2.495183752685e-10
2.505404702343e-10
2.515625652000e-10
2.525846601657e-10
2.536067551315e-10
2.546288500972e-10
2.556509450630e-10
2.547146316386e-10
2.528744374187e-10
2.510342431989e-10
2.491940489790e-10
2.473538547592e-10
2.455136605393e-10
2.436734663194e-10
2.418332720996e-10
2.399930778797e-10
2.381528836599e-10
2.364284632825e-10
2.351381948144e-10
2.338479263463e-10
2.325576578783e-10
2.312673894102e-10
2.299771209421e-10
2.286868524740e-10
2.273965840059e-10
2.261103130723e-10
2.248380264221e-10
2.235799775660e-10
2.231221310310e-10
2.229471388123e-10
2.227724208673e-10
2.225979765519e-10
2.224238052236e-10
2.222499062423e-10
2.220762789695e-10
2.219029227690e-10
2.217298370066e-10
2.215570210497e-10
2.212055945380e-10
2.203575307450e-10
2.195159447755e-10
2.186807626918e-10
2.178519116772e-10
2.170293200150e-10
2.162129170674e-10
2.154026332554e-10
2.145984000395e-10
2.138001498997e-10
2.130078163169e-10
2.095756580884e-10
2.055797528798e-10
2.017333737428e-10
1.980282819640e-10
1.944568331722e-10
1.910119246930e-10
1.876869484017e-10
1.844757484162e-10
1.813725830600e-10
1.783720906005e-10
1.790502477741e-10
1.880818272454e-10
1.980729416732e-10
2.091850844346e-10
2.216181427833e-10
2.353114418369e-10
2.491384174097e-10
2.629653929826e-10
2.767923685555e-10
2.906193441284e-10
3.044463197012e-10
3.026344760332e-10
2.978903537575e-10
2.931462314818e-10
2.884021092061e-10
2.836579869304e-10
2.789138646547e-10
2.741697423790e-10
2.694256201033e-10
2.646814978276e-10
2.599373755519e-10
2.566697091562e-10
2.559331099834e-10
2.551965108105e-10
2.544599116377e-10
2.537233124649e-10
2.529867132921e-10
2.522501141193e-10
2.515135149464e-10
2.507769157736e-10
2.500403166008e-10
2.493037174280e-10
2.455463056193e-10
2.414335040888e-10
2.373207025582e-10
2.332079010277e-10
2.290950994972e-10
2.250011562062e-10
2.210338471336e-10
2.172040202356e-10
2.135046508172e-10
2.099291847405e-10
2.066938985644e-10
2.038541585833e-10
2.010913907125e-10
1.984025072657e-10
1.957845835251e-10
1.932348471292e-10
1.907506682797e-10
1.883295506939e-10
1.859691232377e-10
1.836671321801e-10
1.814214340153e-10
1.860538689316e-10
1.913444068079e-10
1.969446290750e-10
2.028825468615e-10
2.091896544781e-10
2.159014882053e-10
2.230582962197e-10
2.306482638915e-10
2.383100601692e-10
2.459718564469e-10
2.480895200256e-10
2.440470361609e-10
2.400045522961e-10
2.359620684314e-10
2.319195845667e-10
2.278771007019e-10
2.238798203979e-10
2.200176142878e-10
2.162864040791e-10
2.126796363532e-10
2.091911876576e-10
2.025474614106e-10
2.000444026434e-10
1.976024537255e-10
1.952194037356e-10
1.928931471346e-10
1.906216775613e-10
1.884030820602e-10
1.862355357090e-10
1.841172966117e-10
1.820467012304e-10
1.800221600279e-10
1.813066171760e-10
1.856958738662e-10
1.903029223463e-10
1.951443850222e-10
2.002386200088e-10
2.056059537547e-10
2.112689521118e-10
2.172527374687e-10
2.235853613487e-10
2.302527401626e-10
2.368824281640e-10
2.418611389209e-10
2.468398496779e-10
2.518185604348e-10
2.567972711917e-10
2.617759819486e-10
2.667546927056e-10
2.717334034625e-10
2.767121142194e-10
2.816908249763e-10
2.866695357333e-10
2.827901645559e-10
2.724685519717e-10
2.621469393876e-10
2.518253268034e-10
2.415037142192e-10
2.311821016351e-10
2.210253119222e-10
2.116595691800e-10
2.030552894837e-10
1.951232365688e-10
1.889210827095e-10
1.926823029875e-10
1.965963293627e-10
2.006726669350e-10
2.049216258320e-10
2.093544082794e-10
2.139832072223e-10
2.188213183243e-10
2.238832675125e-10
2.291652737765e-10
2.344923849962e-10
2.364343220003e-10
2.364015740452e-10
2.363688260902e-10
2.363360781352e-10
2.363033301802e-10
2.362705822251e-10
2.362378342701e-10
2.362050863151e-10
2.361723383600e-10
2.361395904050e-10
2.363239427262e-10
2.376661631873e-10
2.390083836484e-10
2.403506041095e-10
2.416928245706e-10
2.430350450317e-10
2.443772654928e-10
2.457194859539e-10
2.470617064150e-10
2.484039268761e-10
2.497461473372e-10
2.496149115970e-10
2.488036191486e-10
2.479923267002e-10
2.471810342517e-10
2.463697418033e-10
2.455584493549e-10
2.447471569065e-10
2.439358644580e-10
2.431245720096e-10
2.423132795612e-10
2.410781105927e-10
2.382534046737e-10
2.354286987548e-10
2.326039928359e-10
2.297792869169e-10
2.269546308896e-10
2.241672317107e-10
2.214474700832e-10
2.187929136330e-10
2.162012452347e-10
2.136702562662e-10
2.131971292417e-10
2.134461314203e-10
2.136957159200e-10
2.139458847858e-10
2.141966400725e-10
2.144479838444e-10
2.146999181756e-10
2.149524451499e-10
2.152055668610e-10
2.154592854123e-10
2.156443215619e-10
2.156355914821e-10
2.156268621092e-10
2.156181334430e-10
2.156094054834e-10
2.156006782304e-10
2.155919516839e-10
2.155832258438e-10
2.155745007100e-10
2.155657762824e-10
2.155570525609e-10
2.122722026938e-10
2.082545630151e-10
2.043861807256e-10
2.006588900234e-10
1.970651101016e-10
1.935977936833e-10
1.902503808971e-10
1.870167578553e-10
1.838912193866e-10
1.808684354434e-10
1.815122831887e-10
1.904670494715e-10
2.003512199393e-10
2.113174068903e-10
2.235535701890e-10
2.368526087649e-10
2.502066782315e-10
2.635607476981e-10
2.769148171648e-10
2.902688866314e-10
3.036229560980e-10
3.029724009125e-10
2.996959786047e-10
2.964195562969e-10
2.931431339890e-10
2.898667116812e-10
2.865902893734e-10
2.833138670656e-10
2.800374447578e-10
2.767610224500e-10
2.734846001422e-10
2.710417056647e-10
2.700277160393e-10
2.690137264139e-10
2.679997367885e-10
2.669857471631e-10
2.659717575377e-10
2.649577679123e-10
2.639437782869e-10
2.629297886615e-10
2.619157990360e-10
2.609018094106e-10
2.568876205576e-10
2.525204670896e-10
2.481533136216e-10
2.437861601535e-10
2.394190066855e-10
2.350518532175e-10
2.306846997494e-10
2.263199728552e-10
2.220628902752e-10
2.179630024522e-10
2.137241103530e-10
2.092675737428e-10
2.049930946966e-10
2.008897404559e-10
1.969474364493e-10
1.931568837071e-10
1.895094856329e-10
1.859972829172e-10
1.826128955576e-10
1.793494710956e-10
1.762006383064e-10
1.811300034030e-10
1.868345774160e-10
1.929101599513e-10
1.993941614775e-10
2.063291970876e-10
2.137640242114e-10
2.217546906419e-10
2.303185366883e-10
2.390093579745e-10
2.477001792607e-10
2.506490910735e-10
2.472181034714e-10
2.437871158693e-10
2.403561282672e-10
2.369251406652e-10
2.334941530631e-10
2.300631654610e-10
2.266329863505e-10
2.232657077992e-10
2.199970253504e-10
2.168226710514e-10
1.972156744427e-10
1.957027017253e-10
1.942127663150e-10
1.927453460205e-10
1.912999343142e-10
1.898760397493e-10
1.884731854029e-10
1.870909083432e-10
1.857287591201e-10
1.843863012783e-10
1.830631108908e-10
1.842793665629e-10
1.878724104910e-10
1.916083536102e-10
1.954958937616e-10
1.995444492863e-10
2.037642352077e-10
2.081663492890e-10
2.127628694919e-10
2.175669646391e-10
2.225930204155e-10
2.279755351210e-10
2.356352897041e-10
2.432950442872e-10
2.509547988703e-10
2.586145534535e-10
2.662743080366e-10
2.739340626197e-10
2.815938172028e-10
2.892535717860e-10
2.969133263691e-10
3.045730809522e-10
3.014902284755e-10
2.905945708642e-10
2.796989132530e-10
2.688032556418e-10
2.579075980306e-10
2.470119404194e-10
2.361162828082e-10
2.252354225281e-10
2.150014042830e-10
2.056569717872e-10
1.982669809687e-10
2.012422993178e-10
2.043082771366e-10
2.074691221919e-10
2.107293067353e-10
2.140935886152e-10
2.175670344449e-10
2.211550450618e-10
2.248633835497e-10
2.286864862740e-10
2.325310673670e-10
2.335258591594e-10
2.328582738599e-10
2.321906885604e-10
2.315231032609e-10
2.308555179614e-10
2.301879326619e-10
2.295203473624e-10
2.288527620629e-10
2.281851767634e-10
2.275175914639e-10
2.272178900469e-10
2.288802360034e-10
2.305425819598e-10
2.322049279162e-10
2.338672738727e-10
2.355296198291e-10
2.371919657856e-10
2.388543117420e-10
2.405166576984e-10
2.421790036549e-10
2.438413496113e-10
2.445151915554e-10
2.447328008784e-10
2.449504102014e-10
2.451680195244e-10
2.453856288475e-10
2.456032381705e-10
2.458208474935e-10
2.460384568165e-10
2.462560661395e-10
2.464736754625e-10
2.457277579028e-10
2.413686145331e-10
2.370094711633e-10
2.326503277935e-10
2.282911844237e-10
2.239745739157e-10
2.198119617923e-10
2.158012524778e-10
2.119342800701e-10
2.082034536672e-10
2.046017076323e-10
2.041174985953e-10
2.047218059933e-10
2.053297022242e-10
2.059412193532e-10
2.065563898284e-10
2.071752464868e-10
2.077978225600e-10
2.084241516806e-10
2.090542678874e-10
2.096882056326e-10
2.103558199784e-10
2.111117752236e-10
2.118731834144e-10
2.126401037652e-10
2.134125963507e-10
2.141907221218e-10
2.149745429218e-10
2.157641215022e-10
2.165595215402e-10
2.173608076551e-10
2.181680454264e-10
2.150390429680e-10
2.109998949344e-10
2.071096865717e-10
2.033603290055e-10
1.997443086857e-10
1.962546371299e-10
1.928848058444e-10
1.896287458113e-10
1.864807910106e-10
1.834356455161e-10
1.840429711855e-10
1.929135467550e-10
2.026825185663e-10
2.134936485772e-10
2.255231002253e-10
2.383937756929e-10
2.512749390533e-10
2.641561024137e-10
2.770372657740e-10
2.899184291344e-10
3.027995924948e-10
3.033103257918e-10
3.015016034518e-10
2.996928811119e-10
2.978841587720e-10
2.960754364321e-10
2.942667140921e-10
2.924579917522e-10
2.906492694123e-10
2.888405470724e-10
2.870318247325e-10
2.854137021732e-10
2.841223220953e-10
2.828309420173e-10
2.815395619393e-10
2.802481818613e-10
2.789568017833e-10
2.776654217053e-10
2.763740416273e-10
2.750826615493e-10
2.737912814713e-10
2.724999013933e-10
2.682289354959e-10
2.636074300904e-10
2.589859246849e-10
2.543644192794e-10
2.497429138738e-10
2.451214084683e-10
2.404999030628e-10
2.358783976573e-10
2.312568922517e-10
2.266361832951e-10
2.212493934147e-10
2.149763421970e-10
2.090492012181e-10
2.034401267512e-10
1.981241853235e-10
1.930789831707e-10
1.882843509003e-10
1.837220740003e-10
1.793756616010e-10
1.752301473012e-10
1.712719169890e-10
1.764600360768e-10
1.825324388203e-10
1.890376672843e-10
1.960237077465e-10
2.035459121769e-10
2.116684678884e-10
2.204662336923e-10
2.299888094851e-10
2.397086557797e-10
2.494285020744e-10
2.532086621213e-10
2.503891707819e-10
2.475696794425e-10
2.447501881031e-10
2.419306967637e-10
2.391112054243e-10
2.362917140849e-10
2.334722227455e-10
2.306527314061e-10
2.278332400667e-10
2.250320431557e-10
1.921573919491e-10
1.915454592076e-10
1.909374115414e-10
1.903332120690e-10
1.897328243741e-10
1.891362124985e-10
1.885433409349e-10
1.879541746196e-10
1.873686789260e-10
1.867868196577e-10
1.862085630416e-10
1.873512248744e-10
1.901005745002e-10
1.929318184552e-10
1.958486711141e-10
1.988550749238e-10
2.019552181817e-10
2.051535545032e-10
2.084548241685e-10
2.118640775646e-10
2.153867009660e-10
2.193404034352e-10
2.294094404872e-10
2.397502388966e-10
2.500910373059e-10
2.604318357152e-10
2.707726341245e-10
2.811134325339e-10
2.914542309432e-10
3.017950293525e-10
3.121358277618e-10
3.224766261712e-10
3.201902923950e-10
3.087205897568e-10
2.972508871185e-10
2.857811844803e-10
2.743114818420e-10
2.628417792037e-10
2.513720765655e-10
2.399023739272e-10
2.284326712890e-10
2.173929376508e-10
2.085856841790e-10
2.105982180815e-10
2.126499661094e-10
2.147420856667e-10
2.168757801575e-10
2.190523012946e-10
2.212729515477e-10
2.235390867430e-10
2.258521188231e-10
2.282076987716e-10
2.305697497378e-10
2.306173963186e-10
2.293149736746e-10
2.280125510307e-10
2.267106698697e-10
2.254196574083e-10
2.241432651301e-10
2.228812460820e-10
2.216333588417e-10
2.203993673636e-10
2.191790408297e-10
2.184511796164e-10
2.203017002661e-10
2.221838406412e-10
2.240984181514e-10
2.260462786262e-10
2.280241946266e-10
2.300066660783e-10
2.319891375301e-10
2.339716089819e-10
2.359540804337e-10
2.379365518855e-10
2.394154715138e-10
2.406619826083e-10
2.419084937027e-10
2.431550047972e-10
2.444015158916e-10
2.456480269861e-10
2.468945380805e-10
2.481410491749e-10
2.493875602694e-10
2.506340713638e-10
2.503774052130e-10
2.444838243924e-10
2.385902435717e-10
2.326966627511e-10
2.268033746598e-10
2.210717626993e-10
2.156227006995e-10
2.104357980550e-10
2.054925800930e-10
2.007762682082e-10
1.962715895953e-10
1.957796431369e-10
1.966826648633e-10
1.975940554564e-10
1.985139317972e-10
1.994424129532e-10
2.003796202299e-10
2.013256772240e-10
2.022807098772e-10
2.032448465323e-10
2.042182179909e-10
2.053205016801e-10
2.067738689268e-10
2.082479582615e-10
2.097432160492e-10
2.112601015675e-10
2.127990874769e-10
2.143606603121e-10
2.159453209943e-10
2.175535853676e-10
2.191859847583e-10
2.208430665603e-10
2.178789639978e-10
2.138185748712e-10
2.099067556996e-10
2.061354987064e-10
2.024973614396e-10
1.989854177502e-10
1.955932137829e-10
1.923147283943e-10
1.891443374857e-10
1.860767818061e-10
1.866452238784e-10
1.954237110036e-10
2.050687101885e-10
2.157151805146e-10
2.275266853668e-10
2.399349426210e-10
2.523431998751e-10
2.647514571292e-10
2.771597143833e-10
2.895679716374e-10
3.019762288916e-10
3.036482506710e-10
3.033072282990e-10
3.029662059270e-10
3.026251835549e-10
3.022841611829e-10
3.019431388109e-10
3.016021164388e-10
3.012610940668e-10
3.009200716948e-10
3.005790493227e-10
2.997856986818e-10
2.982169281512e-10
2.966481576206e-10
2.950793870900e-10
2.935106165595e-10
2.919418460289e-10
2.903730754983e-10
2.888043049677e-10
2.872355344371e-10
2.856667639066e-10
2.840979933760e-10
2.795702504343e-10
2.746943930912e-10
2.698185357482e-10
2.649426784052e-10
2.600668210622e-10
2.551909637191e-10
2.503151063761e-10
2.454392490331e-10
2.405633916901e-10
2.356875343471e-10
2.293016212220e-10
2.210053133289e-10
2.132690605684e-10
2.060561023521e-10
1.993150807273e-10
1.930011454438e-10
1.870749548427e-10
1.815018553325e-10
1.762512032849e-10
1.712958013232e-10
1.666114271043e-10
1.720248222304e-10
1.784239667989e-10
1.853175884533e-10
1.927653047137e-10
2.008367182514e-10
2.096135987222e-10
2.191926628427e-10
2.296590822819e-10
2.404079535850e-10
2.511568248881e-10
2.557682331692e-10
2.535602380924e-10
2.513522430157e-10
2.491442479390e-10
2.469362528622e-10
2.447282577855e-10
2.425202627087e-10
2.403122676320e-10
2.381042725553e-10
2.358962774785e-10
2.336882824018e-10
1.873520952790e-10
1.875611644550e-10
1.877707007594e-10
1.879807057597e-10
1.881911810302e-10
1.884021281522e-10
1.886135487143e-10
1.888254443122e-10
1.890378165485e-10
1.892506670335e-10
1.894639973843e-10
1.905272324407e-10
1.923822248409e-10
1.942736931614e-10
1.962027239597e-10
1.981704473818e-10
2.001780393697e-10
2.022267240058e-10
2.043177760008e-10
2.064525233390e-10
2.086323500909e-10
2.113323740629e-10
2.232486935278e-10
2.362054335059e-10
2.492272757414e-10
2.622491179770e-10
2.752709602125e-10
2.882928024480e-10
3.013146446835e-10
3.143364869191e-10
3.273583291546e-10
3.403801713901e-10
3.388903563146e-10
3.268466086493e-10
3.148028609840e-10
3.027591133187e-10
2.907153656534e-10
2.786716179881e-10
2.666278703227e-10
2.545841226574e-10
2.425403749921e-10
2.304966273268e-10
2.200374186383e-10
2.208664810737e-10
2.217018146617e-10
2.225434908263e-10
2.233915820802e-10
2.242461620459e-10
2.251073054767e-10
2.259750882785e-10
2.268495875322e-10
2.277289112692e-10
2.286084321086e-10
2.277089334778e-10
2.257789538301e-10
2.238796227196e-10
2.220119806975e-10
2.201752412579e-10
2.183686437084e-10
2.165914521205e-10
2.148429543294e-10
2.131224609830e-10
2.114293046355e-10
2.103357341325e-10
2.123303432431e-10
2.143631441943e-10
2.164352445082e-10
2.185477949479e-10
2.207019916480e-10
2.228990783731e-10
2.251403489126e-10
2.274265602654e-10
2.297291572125e-10
2.320317541597e-10
2.343157514722e-10
2.365911643381e-10
2.388665772040e-10
2.411419900699e-10
2.434174029358e-10
2.456928158016e-10
2.479682286675e-10
2.502436415334e-10
2.525190543993e-10
2.547944672652e-10
2.550270525232e-10
2.475990342517e-10
2.401710159802e-10
2.327429977087e-10
2.253283038981e-10
2.182432322487e-10
2.115901343629e-10
2.053306730603e-10
1.994309173213e-10
1.938607269577e-10
1.885932375993e-10
1.880962294925e-10
1.892510392664e-10
1.904201164576e-10
1.916037271156e-10
1.928021439463e-10
1.940156465212e-10
1.952445214948e-10
1.964890628307e-10
1.977495720357e-10
1.990263584032e-10
2.005206102482e-10
2.026106431485e-10
2.047447039157e-10
2.069241985715e-10
2.091505936499e-10
2.114254194877e-10
2.137502737329e-10
2.161268250862e-10
2.185568172956e-10
2.210420734230e-10
2.235845004062e-10
2.207948999647e-10
2.167135821230e-10
2.127804093852e-10
2.089874594011e-10
2.053273648118e-10
2.017932654870e-10
1.983787656114e-10
1.950778950556e-10
1.918850745403e-10
1.887950841663e-10
1.893221204455e-10
1.980000602587e-10
2.075117566771e-10
2.179834313871e-10
2.295407584011e-10
2.414761095490e-10
2.534114606969e-10
2.653468118447e-10
2.772821629926e-10
2.892175141405e-10
3.011528652883e-10
3.039861755503e-10
3.051128531461e-10
3.062395307420e-10
3.073662083379e-10
3.084928859337e-10
3.096195635296e-10
3.107462411255e-10
3.118729187213e-10
3.129995963172e-10
3.141262739130e-10
3.141576951903e-10
3.123115342071e-10
3.104653732240e-10
3.086192122408e-10
3.067730512576e-10
3.049268902745e-10
3.030807292913e-10
3.012345683081e-10
2.993884073250e-10
2.975422463418e-10
2.956960853586e-10
2.909115653726e-10
2.857813560921e-10
2.806511468115e-10
2.755209375310e-10
2.703907282505e-10
2.652605189700e-10
2.601303096895e-10
2.550001004089e-10
2.498698911284e-10
2.447396818479e-10
2.375065059390e-10
2.273817509160e-10
2.176627935715e-10
2.087402303968e-10
2.005203793015e-10
1.929233704505e-10
1.858809961159e-10
1.793346571031e-10
1.732337283480e-10
1.675342471522e-10
1.621978521156e-10
1.678070947123e-10
1.744963719740e-10
1.817410990424e-10
1.896134560553e-10
1.981986957199e-10
2.075982431380e-10
2.179337215966e-10
2.293293550787e-10
2.411072513902e-10
2.528851477018e-10
2.583278042170e-10
2.567313054030e-10
2.551348065889e-10
2.535383077748e-10
2.519418089607e-10
2.503453101467e-10
2.487488113326e-10
2.471523125185e-10
2.455558137045e-10
2.439593148904e-10
2.423628160763e-10
1.834377623592e-10
1.843310399489e-10
1.852330600088e-10
1.861439515132e-10
1.870638459860e-10
1.879928775640e-10
1.889311830618e-10
1.898789020392e-10
1.908361768706e-10
1.918031528158e-10
1.927799780939e-10
1.937904100072e-10
1.948329647329e-10
1.958867976164e-10
1.969520926602e-10
1.980290378917e-10
1.991178254732e-10
2.002186518168e-10
2.013317177018e-10
2.024572283975e-10
2.035953937890e-10
2.053388640299e-10
2.185959566759e-10
2.334953553211e-10
2.487225626558e-10
2.639497699904e-10
2.791769773250e-10
2.944041846596e-10
3.096313919942e-10
3.248585993289e-10
3.400858066635e-10
3.553130139981e-10
3.545640240662e-10
3.421959815769e-10
3.298279390875e-10
3.174598965981e-10
3.050918541088e-10
2.927238116194e-10
2.803557691301e-10
2.679877266407e-10
2.556196841513e-10
2.432516416620e-10
2.321272670288e-10
2.315740691738e-10
2.310208713188e-10
2.304676734638e-10
2.299144756087e-10
2.293612777537e-10
2.288080798987e-10
2.282548820436e-10
2.277016841886e-10
2.271484863336e-10
2.265962418849e-10
2.249145565303e-10
2.226120897977e-10
2.203562864091e-10
2.181457420288e-10
2.159791081130e-10
2.138550891661e-10
2.117724401578e-10
2.097299640894e-10
2.077265096998e-10
2.057609693015e-10
2.044460323941e-10
2.064420167621e-10
2.084773585285e-10
2.105532333754e-10
2.126708642824e-10
2.148315239293e-10
2.170365372465e-10
2.192872841245e-10
2.215852022936e-10
2.239317903860e-10
2.263286111959e-10
2.292539725103e-10
2.324076513511e-10
2.355613301919e-10
2.387150090326e-10
2.418686878734e-10
2.450223667142e-10
2.481760455550e-10
2.513297243957e-10
2.544834032365e-10
2.576370820773e-10
2.582930525230e-10
2.495826164871e-10
2.408721804512e-10
2.321617444153e-10
2.235077965509e-10
2.153749511752e-10
2.078131901598e-10
2.007644018988e-10
1.941781004520e-10
1.880102144343e-10
1.822220996173e-10
1.817270047173e-10
1.830592826891e-10
1.844112393359e-10
1.857833139032e-10
1.871759588071e-10
1.885896401315e-10
1.900248381483e-10
1.914820478612e-10
1.929617795749e-10
1.944645594914e-10
1.962846553094e-10
1.989820136633e-10
2.017545395743e-10
2.046054194937e-10
2.075380225581e-10
2.105559138720e-10
2.136628689658e-10
2.168628895540e-10
2.201602207302e-10
2.235593697554e-10
2.270651265404e-10
2.243933913396e-10
2.202014975122e-10
2.161633491356e-10
2.122706401817e-10
2.085156523442e-10
2.048912039597e-10
2.013906041644e-10
1.980076116713e-10
1.947363976341e-10
1.915715121312e-10
1.920382559588e-10
2.006698778019e-10
2.101139554867e-10
2.204908633991e-10
2.318431105188e-10
2.433911355232e-10
2.549391605276e-10
2.664871855320e-10
2.780352105364e-10
2.895832355408e-10
3.011312605452e-10
3.048577191502e-10
3.071176340553e-10
3.093775489605e-10
3.116374638656e-10
3.138973787707e-10
3.161572936758e-10
3.184172085809e-10
3.206771234860e-10
3.229370383911e-10
3.251969532962e-10
3.258244801317e-10
3.236536274194e-10
3.214827747071e-10
3.193119219947e-10
3.171410692824e-10
3.149702165700e-10
3.127993638577e-10
3.106285111454e-10
3.084576584330e-10
3.062868057207e-10
3.041159530084e-10
2.992886217656e-10
2.941487636370e-10
2.890089055084e-10
2.838690473797e-10
2.787291892511e-10
2.735893311224e-10
2.684494729938e-10
2.633096148651e-10
2.581697567365e-10
2.530298986079e-10
2.451444124655e-10
2.334836878044e-10
2.219410757760e-10
2.113327980510e-10
2.016923626751e-10
1.928930969992e-10
1.848295097637e-10
1.774130414768e-10
1.705687984444e-10
1.642330146873e-10
1.583510592632e-10
1.641084676560e-10
1.710247912913e-10
1.785497399050e-10
1.867673479208e-10
1.957778665959e-10
2.057018741889e-10
2.166857029471e-10
2.288937892709e-10
2.415986672151e-10
2.543035451594e-10
2.605223832960e-10
2.595345105352e-10
2.585466377745e-10
2.575587650137e-10
2.565708922530e-10
2.555830194922e-10
2.545951467315e-10
2.536072739707e-10
2.526194012100e-10
2.516315284492e-10
2.506436556885e-10
1.852226544550e-10
1.862222077571e-10
1.872326077641e-10
1.882540319945e-10
1.892866618618e-10
1.903306827820e-10
1.913862842843e-10
1.924536601261e-10
1.935330084114e-10
1.946245317134e-10
1.957284372013e-10
1.969707264002e-10
1.983436872386e-10
1.997359225452e-10
2.011478410695e-10
2.025798632009e-10
2.040324213858e-10
2.055059605637e-10
2.070009386208e-10
2.085178268650e-10
2.100571105208e-10
2.121498951632e-10
2.245199156919e-10
2.378804583864e-10
2.512697616397e-10
2.646590648931e-10
2.780483681464e-10
2.914376713998e-10
3.048269746531e-10
3.182162779065e-10
3.316055811599e-10
3.449948844132e-10
3.445133243901e-10
3.339438638021e-10
3.233744032142e-10
3.128049426263e-10
3.022354820384e-10
2.916660214505e-10
2.810965608626e-10
2.705271002747e-10
2.599576396868e-10
2.493881790989e-10
2.397668175861e-10
2.382042982116e-10
2.366417788371e-10
2.350792594626e-10
2.335167400882e-10
2.319542207137e-10
2.303917013392e-10
2.288291819647e-10
2.272666625902e-10
2.257122037553e-10
2.241786834989e-10
2.229505986102e-10
2.219005201589e-10
2.208602868989e-10
2.198297610183e-10
2.188088072653e-10
2.177972928892e-10
2.167950875826e-10
2.158020634258e-10
2.148180948319e-10
2.138430584943e-10
2.131686029133e-10
2.140582088874e-10
2.149552710753e-10
2.158598836126e-10
2.167721422263e-10
2.176921442684e-10
2.186199887508e-10
2.195557763805e-10
2.204996095963e-10
2.214515926060e-10
2.224118314248e-10
2.245429317557e-10
2.272662332707e-10
2.300177738158e-10
2.327693143608e-10
2.355208549059e-10
2.382723954509e-10
2.410239359959e-10
2.437754765410e-10
2.465270170860e-10
2.492785576311e-10
2.497980503845e-10
2.419473639191e-10
2.340966774537e-10
2.262489061983e-10
2.187138724469e-10
2.116645584044e-10
2.050554651902e-10
1.988466045536e-10
1.930026891132e-10
1.874924613068e-10
1.822881341033e-10
1.818368640416e-10
1.830319043516e-10
1.842427562972e-10
1.854697357749e-10
1.867131671527e-10
1.879733835559e-10
1.892507271643e-10
1.905455495227e-10
1.918582118626e-10
1.931890854389e-10
1.950802430186e-10
1.985722820201e-10
2.021916183826e-10
2.059453420011e-10
2.098410792307e-10
2.138870446042e-10
2.180920986510e-10
2.224658126717e-10
2.270185414680e-10
2.316661728650e-10
2.363138122183e-10
2.333724318699e-10
2.284073129343e-10
2.234989655463e-10
2.187897677597e-10
2.142749236147e-10
2.099426445987e-10
2.057820766815e-10
2.017832095178e-10
1.979367960355e-10
1.942342810485e-10
1.944958399766e-10
2.036280559674e-10
2.136600964989e-10
2.247318468302e-10
2.365958348450e-10
2.484839633897e-10
2.603720919345e-10
2.722602204792e-10
2.841483490240e-10
2.960364775687e-10
3.079246061135e-10
3.102650218760e-10
3.108152414919e-10
3.113654611078e-10
3.119156807236e-10
3.124659003395e-10
3.130161199554e-10
3.135663395712e-10
3.141165591871e-10
3.146667788030e-10
3.152169984189e-10
3.144969667527e-10
3.115993614602e-10
3.087017561678e-10
3.058041508753e-10
3.029065455828e-10
3.000089402904e-10
2.971113349979e-10
2.942137297054e-10
2.913161244129e-10
2.884185191205e-10
2.855209138280e-10
2.824694805240e-10
2.793999498069e-10
2.763304190898e-10
2.732608883727e-10
2.701913576556e-10
2.671218269385e-10
2.640522962214e-10
2.609827655043e-10
2.579132347872e-10
2.548437040701e-10
2.479630043737e-10
2.358419473308e-10
2.237693128124e-10
2.125855116682e-10
2.024664115269e-10
1.932668809161e-10
1.848670194690e-10
1.771669032700e-10
1.700825908972e-10
1.635430508519e-10
1.574877715703e-10
1.631981037343e-10
1.700697439706e-10
1.775454974003e-10
1.857086918498e-10
1.946587187188e-10
2.045150998077e-10
2.154228555644e-10
2.275585953244e-10
2.403230862069e-10
2.530875770894e-10
2.596145306390e-10
2.592108871522e-10
2.588072436653e-10
2.584036001784e-10
2.579999566915e-10
2.575963132046e-10
2.571926697177e-10
2.567890262309e-10
2.563853827440e-10
2.559817392571e-10
2.555780957702e-10
1.870426226802e-10
1.881525831753e-10
1.892757959122e-10
1.904124996516e-10
1.915629389244e-10
1.927273642071e-10
1.939060321034e-10
1.950992055332e-10
1.963071539276e-10
1.975301534321e-10
1.987684871167e-10
2.002571695168e-10
2.019832517688e-10
2.037393480601e-10
2.055262481071e-10
2.073447695760e-10
2.091957593306e-10
2.110800947472e-10
2.129986851016e-10
2.149524730318e-10
2.169424360823e-10
2.194282677712e-10
2.307141622795e-10
2.422655614516e-10
2.538169606237e-10
2.653683597958e-10
2.769197589678e-10
2.884711581399e-10
3.000225573120e-10
3.115739564841e-10
3.231253556562e-10
3.346767548283e-10
3.344626247139e-10
3.256917460274e-10
3.169208673410e-10
3.081499886545e-10
2.993791099681e-10
2.906082312816e-10
2.818373525952e-10
2.730664739088e-10
2.642955952223e-10
2.555247165359e-10
2.474063681434e-10
2.448345272494e-10
2.422626863555e-10
2.396908454615e-10
2.371190045676e-10
2.345471636736e-10
2.319753227797e-10
2.294034818857e-10
2.268318725211e-10
2.242939377171e-10
2.218121664784e-10
2.210206424176e-10
2.211934850271e-10
2.213665981811e-10
2.215399825152e-10
2.217136386671e-10
2.218875672765e-10
2.220617689852e-10
2.222362444368e-10
2.224109942770e-10
2.225860191538e-10
2.226686299085e-10
2.222578904322e-10
2.218486634841e-10
2.214409407248e-10
2.210347138762e-10
2.206299747207e-10
2.202267151009e-10
2.198249269188e-10
2.194246021355e-10
2.190257327706e-10
2.186283109013e-10
2.200019165975e-10
2.222298436952e-10
2.245033562108e-10
2.268238676841e-10
2.291730219383e-10
2.315224241876e-10
2.338718264369e-10
2.362212286863e-10
2.385706309356e-10
2.409200331849e-10
2.413030482460e-10
2.343121113511e-10
2.273211744562e-10
2.205240155614e-10
2.141212758515e-10
2.080798428174e-10
2.023699728649e-10
1.969650999532e-10
1.918414223044e-10
1.869775519834e-10
1.823542164664e-10
1.819468562726e-10
1.830045342023e-10
1.840745808387e-10
1.851572144214e-10
1.862526583543e-10
1.873611413600e-10
1.884828976386e-10
1.896181670325e-10
1.907671951978e-10
1.919302337813e-10
1.938905212521e-10
1.981642342984e-10
2.026305950679e-10
2.073029299988e-10
2.121958236847e-10
2.173252709433e-10
2.227088514865e-10
2.283584750283e-10
2.340931493176e-10
2.398278236070e-10
2.455624978963e-10
2.423831861469e-10
2.368268114539e-10
2.312704367609e-10
2.257220055389e-10
2.203613777377e-10
2.152494603654e-10
2.103693371771e-10
2.057055920143e-10
2.012441461323e-10
1.969721162458e-10
1.970171406079e-10
2.066747551266e-10
2.173279904193e-10
2.291203270861e-10
2.413485591712e-10
2.535767912563e-10
2.658050233414e-10
2.780332554265e-10
2.902614875116e-10
3.024897195966e-10
3.147179516817e-10
3.156723246018e-10
3.145128489284e-10
3.133533732551e-10
3.121938975817e-10
3.110344219083e-10
3.098749462350e-10
3.087154705616e-10
3.075559948882e-10
3.063965192149e-10
3.052370435415e-10
3.031694533737e-10
2.995450955011e-10
2.959207376285e-10
2.922963797559e-10
2.886720218833e-10
2.850476640107e-10
2.814233061381e-10
2.777989482655e-10
2.741745903929e-10
2.705502325202e-10
2.669258746476e-10
2.656503392824e-10
2.646511359768e-10
2.636519326712e-10
2.626527293657e-10
2.616535260601e-10
2.606543227545e-10
2.596551194490e-10
2.586559161434e-10
2.576567128378e-10
2.566575095323e-10
2.507815962818e-10
2.382002068572e-10
2.256279201868e-10
2.138531652204e-10
2.032464245102e-10
1.936421162658e-10
1.849045444020e-10
1.769214470883e-10
1.695991473473e-10
1.628588600155e-10
1.566338456674e-10
1.622977842720e-10
1.691253038862e-10
1.765524883196e-10
1.846619697247e-10
1.935522931470e-10
2.033419408030e-10
2.141746426769e-10
2.262264801157e-10
2.390475051987e-10
2.518716090195e-10
2.587066779821e-10
2.588872637691e-10
2.590678495561e-10
2.592484353431e-10
2.594290211301e-10
2.596096069170e-10
2.597901927040e-10
2.599707784910e-10
2.601513642780e-10
2.603319500650e-10
2.605125358520e-10
1.888987112525e-10
1.901233982506e-10
1.913640689018e-10
1.926210381704e-10
1.938946293511e-10
1.951851743456e-10
1.964930139513e-10
1.978184981614e-10
1.991619864770e-10
2.005238482320e-10
2.019044629322e-10
2.036551416453e-10
2.057588835767e-10
2.079065421480e-10
2.100995070361e-10
2.123392271755e-10
2.146272139506e-10
2.169650445968e-10
2.193543658268e-10
2.217968976982e-10
2.242944377435e-10
2.272236743352e-10
2.369371694260e-10
2.466506645168e-10
2.563641596076e-10
2.660776546984e-10
2.757911497893e-10
2.855046448801e-10
2.952181399709e-10
3.049316350617e-10
3.146451301526e-10
3.243586252434e-10
3.244119250377e-10
3.174396282527e-10
3.104673314677e-10
3.034950346827e-10
2.965227378978e-10
2.895504411128e-10
2.825781443278e-10
2.756058475428e-10
2.686335507578e-10
2.616612539728e-10
2.550459187006e-10
2.514647562872e-10
2.478835938738e-10
2.443024314604e-10
2.407212690470e-10
2.371401066336e-10
2.335589442202e-10
2.299777818068e-10
2.263985579389e-10
2.228933837769e-10
2.194950912717e-10
2.191238125298e-10
2.204909411956e-10
2.218752361844e-10
2.232770228618e-10
2.246966348683e-10
2.261344143837e-10
2.275894796997e-10
2.290483420364e-10
2.305072043731e-10
2.319660667098e-10
2.329007513914e-10
2.310398219125e-10
2.291788924336e-10
2.273179629547e-10
2.254682850442e-10
2.236481839800e-10
2.218572332648e-10
2.200947381633e-10
2.183600258428e-10
2.166524445172e-10
2.149713626299e-10
2.156409299305e-10
2.174116651004e-10
2.192117218225e-10
2.210418344792e-10
2.229027621836e-10
2.247952898297e-10
2.267202291954e-10
2.286669808315e-10
2.306142447851e-10
2.325615087387e-10
2.328080461075e-10
2.266775077131e-10
2.207274108786e-10
2.150816945358e-10
2.097175850553e-10
2.046145254109e-10
1.997539119037e-10
1.951188675383e-10
1.906940462365e-10
1.864654630985e-10
1.824203467587e-10
1.820569816517e-10
1.829771722374e-10
1.839067121189e-10
1.848457445094e-10
1.857944155621e-10
1.867528744460e-10
1.877212734245e-10
1.886997679351e-10
1.896885166737e-10
1.906876816795e-10
1.927152228630e-10
1.977578601384e-10
2.030714820184e-10
2.086785351566e-10
2.146040157207e-10
2.208758419414e-10
2.275243466727e-10
2.343460558981e-10
2.411677651235e-10
2.479894743489e-10
2.548111835743e-10
2.513939404240e-10
2.452463099735e-10
2.390986795230e-10
2.329510490725e-10
2.268037105881e-10
2.208315191698e-10
2.151657776033e-10
2.097834887143e-10
2.046639002347e-10
1.997882374033e-10
1.996046683223e-10
2.098140090069e-10
2.211240171527e-10
2.335329478720e-10
2.461012834975e-10
2.586696191229e-10
2.712379547483e-10
2.838062903737e-10
2.963746259991e-10
3.089429616245e-10
3.215112972500e-10
3.210796273276e-10
3.182104563650e-10
3.153412854024e-10
3.124721144398e-10
3.096029434772e-10
3.067337725146e-10
3.038646015520e-10
3.009954305894e-10
2.981262596268e-10
2.952570886642e-10
2.918419399947e-10
2.874908295419e-10
2.831397190892e-10
2.787886086365e-10
2.744374981837e-10
2.700863877310e-10
2.657352772782e-10
2.613841668255e-10
2.570330563728e-10
2.526819459200e-10
2.483308354673e-10
2.488311980408e-10
2.499023221467e-10
2.509734462527e-10
2.520445703587e-10
2.531156944646e-10
2.541868185706e-10
2.552579426766e-10
2.563290667825e-10
2.574001908885e-10
2.584713149945e-10
2.536001881900e-10
2.405584663836e-10
2.275167445772e-10
2.151360275727e-10
2.040324708230e-10
1.940188115187e-10
1.849420845720e-10
1.766766701010e-10
1.691184442921e-10
1.621803700250e-10
1.557891300920e-10
1.614073439434e-10
1.681912952998e-10
1.755705252262e-10
1.836269808841e-10
1.924583741688e-10
2.021821642059e-10
2.129408113626e-10
2.249088030180e-10
2.377719241905e-10
2.506556409495e-10
2.577988253252e-10
2.585636403860e-10
2.593284554469e-10
2.600932705077e-10
2.608580855686e-10
2.616229006295e-10
2.623877156903e-10
2.631525307512e-10
2.639173458120e-10
2.646821608729e-10
2.654469759337e-10
1.907920062535e-10
1.921359371972e-10
1.934989356387e-10
1.948814102676e-10
1.962837815372e-10
1.977064820910e-10
1.991499572073e-10
2.006146652646e-10
2.021010782260e-10
2.036096821469e-10
2.051409777046e-10
2.071704180677e-10
2.096783584473e-10
2.122477635860e-10
2.148809210894e-10
2.175802335098e-10
2.203482256579e-10
2.231875524793e-10
2.261010075487e-10
2.290735355257e-10
2.320501398418e-10
2.352845855629e-10
2.431601765725e-10
2.510357675820e-10
2.589113585916e-10
2.667869496011e-10
2.746625406107e-10
2.825381316203e-10
2.904137226298e-10
2.982893136394e-10
3.061649046489e-10
3.140404956585e-10
3.143612253615e-10
3.091875104780e-10
3.040137955945e-10
2.988400807109e-10
2.936663658274e-10
2.884926509439e-10
2.833189360604e-10
2.781452211768e-10
2.729715062933e-10
2.677977914098e-10
2.626854692579e-10
2.580949853250e-10
2.535045013922e-10
2.489140174593e-10
2.443235335264e-10
2.397330495936e-10
2.351425656607e-10
2.305520817278e-10
2.259668957130e-10
2.215102121956e-10
2.172259244724e-10
2.172592633205e-10
2.197928460045e-10
2.223862169840e-10
2.250415178834e-10
2.277588427596e-10
2.304942908427e-10
2.332297389257e-10
2.359651870087e-10
2.387006350918e-10
2.414360831748e-10
2.432195185593e-10
2.399255528853e-10
2.366315872112e-10
2.333376215371e-10
2.300436558631e-10
2.267501165353e-10
2.235120756348e-10
2.203652125497e-10
2.173057296255e-10
2.143300372218e-10
2.114347396622e-10
2.114494740053e-10
2.127979793237e-10
2.141637950487e-10
2.155472566470e-10
2.169487083102e-10
2.183685032397e-10
2.198070039438e-10
2.212645825463e-10
2.227416211073e-10
2.242385119573e-10
2.243459038087e-10
2.193151777883e-10
2.145051211911e-10
2.099015263476e-10
2.054913796322e-10
2.012627386068e-10
1.972046240277e-10
1.933069246591e-10
1.895603131557e-10
1.859561715418e-10
1.824865250324e-10
1.821672404207e-10
1.829498184534e-10
1.837391492994e-10
1.845353207418e-10
1.853384220917e-10
1.861485442220e-10
1.869657796012e-10
1.877902223289e-10
1.886219681718e-10
1.894611146008e-10
1.915540871427e-10
1.973531492656e-10
2.035142917306e-10
2.100725185414e-10
2.170674959435e-10
2.245443553753e-10
2.324248926065e-10
2.403336367679e-10
2.482423809294e-10
2.561511250908e-10
2.640598692523e-10
2.604046947010e-10
2.536658084931e-10
2.469269222851e-10
2.401880360772e-10
2.334491498693e-10
2.267108047273e-10
2.201860397602e-10
2.140263353877e-10
2.082018876652e-10
2.026860509996e-10
2.022610672293e-10
2.130501001943e-10
2.250550102744e-10
2.379455686579e-10
2.508540078237e-10
2.637624469894e-10
2.766708861552e-10
2.895793253209e-10
3.024877644867e-10
3.153962036524e-10
3.283046428182e-10
3.264869300534e-10
3.219080638015e-10
3.173291975497e-10
3.127503312978e-10
3.081714650460e-10
3.035925987942e-10
2.990137325423e-10
2.944348662905e-10
2.898560000387e-10
2.852771337868e-10
2.805144266157e-10
2.754365635828e-10
2.703587005499e-10
2.652808375170e-10
2.602029744842e-10
2.551251114513e-10
2.500472484184e-10
2.449693853855e-10
2.398915223527e-10
2.348136593198e-10
2.297357962869e-10
2.320120567991e-10
2.351535083166e-10
2.382949598341e-10
2.414364113516e-10
2.445778628692e-10
2.477193143867e-10
2.508607659042e-10
2.540022174217e-10
2.571436689392e-10
2.602851204567e-10
2.564187800981e-10
2.429167259100e-10
2.294146717218e-10
2.164343740805e-10
2.048246207381e-10
1.943969752114e-10
1.849796399882e-10
1.764325694929e-10
1.686404584951e-10
1.615075099248e-10
1.549534766314e-10
1.605266210314e-10
1.672675463344e-10
1.745994248303e-10
1.826035291404e-10
1.913767509216e-10
2.010355423321e-10
2.117211144941e-10
2.236063868959e-10
2.364963431823e-10
2.494396728796e-10
2.568909726683e-10
2.582400170030e-10
2.595890613377e-10
2.609381056724e-10
2.622871500071e-10
2.636361943419e-10
2.649852386766e-10
2.663342830113e-10
2.676833273460e-10
2.690323716808e-10
2.703814160155e-10
1.927236377480e-10
1.941915391868e-10
1.956819731224e-10
1.971954623831e-10
1.987325460985e-10
2.002937803395e-10
2.018797387895e-10
2.034910134467e-10
2.051282153615e-10
2.067919754085e-10
2.084829450975e-10
2.108091798170e-10
2.137500561505e-10
2.167741462637e-10
2.198850327142e-10
2.230865067044e-10
2.263825834948e-10
2.297454044295e-10
2.331102586686e-10
2.364751129077e-10
2.398399671469e-10
2.433454967907e-10
2.493831837190e-10
2.554208706472e-10
2.614585575755e-10
2.674962445038e-10
2.735339314321e-10
2.795716183604e-10
2.856093052887e-10
2.916469922170e-10
2.976846791453e-10
3.037223660736e-10
3.043105256853e-10
3.009353927033e-10
2.975602597212e-10
2.941851267391e-10
2.908099937571e-10
2.874348607750e-10
2.840597277929e-10
2.806845948109e-10
2.773094618288e-10
2.739343288467e-10
2.703250198151e-10
2.647252143628e-10
2.591254089105e-10
2.535256034582e-10
2.479257980058e-10
2.423259925535e-10
2.367261871012e-10
2.311263816489e-10
2.255368764100e-10
2.201441013688e-10
2.150031954355e-10
2.154261777025e-10
2.190991573329e-10
2.228995568039e-10
2.268341236643e-10
2.308459304929e-10
2.348579643223e-10
2.388699981516e-10
2.428820319810e-10
2.468940658104e-10
2.509060996398e-10
2.535382857273e-10
2.488112838580e-10
2.440842819888e-10
2.393572801195e-10
2.346302782503e-10
2.299032763810e-10
2.251917906074e-10
2.206363525259e-10
2.162615652947e-10
2.120568919819e-10
2.080125994854e-10
2.074178516980e-10
2.083760382858e-10
2.093431188291e-10
2.103192177368e-10
2.113044617489e-10
2.122989799916e-10
2.133029040333e-10
2.143163679431e-10
2.153395083501e-10
2.163724645053e-10
2.163484777899e-10
2.124160502180e-10
2.086240250709e-10
2.049650148880e-10
2.014321415442e-10
1.980189930970e-10
1.947195849494e-10
1.915283248305e-10
1.884399811652e-10
1.854496544547e-10
1.825527513397e-10
1.822776328222e-10
1.829224728466e-10
1.835718915448e-10
1.842259378567e-10
1.848846614223e-10
1.855481125939e-10
1.862163424493e-10
1.868894028047e-10
1.875673462283e-10
1.882502260536e-10
1.904068596283e-10
1.969500914888e-10
2.039590368099e-10
2.114852509324e-10
2.195881904539e-10
2.283296594427e-10
2.373254385402e-10
2.463212176377e-10
2.553169967352e-10
2.643127758327e-10
2.733085549302e-10
2.694154489781e-10
2.620853070127e-10
2.547551650473e-10
2.474250230819e-10
2.400948811165e-10
2.327647391511e-10
2.254461645863e-10
2.184443469114e-10
2.118643479185e-10
2.056691640582e-10
2.049891240918e-10
2.163875796258e-10
2.291096467377e-10
2.423581894438e-10
2.556067321499e-10
2.688552748560e-10
2.821038175621e-10
2.953523602682e-10
3.086009029743e-10
3.218494456804e-10
3.350979883864e-10
3.318942327791e-10
3.256056712381e-10
3.193171096970e-10
3.130285481559e-10
3.067399866148e-10
3.004514250738e-10
2.941628635327e-10
2.878743019916e-10
2.815857404506e-10
2.752971789095e-10
2.691869132367e-10
2.633822976236e-10
2.575776820106e-10
2.517730663976e-10
2.459684507846e-10
2.401638351716e-10
2.343592195586e-10
2.285546039456e-10
2.228303142506e-10
2.173768094603e-10
2.121838637812e-10
2.157824308752e-10
2.205942693851e-10
2.256256056893e-10
2.308282523446e-10
2.360400312737e-10
2.412518102027e-10
2.464635891318e-10
2.516753680608e-10
2.568871469898e-10
2.620989259189e-10
2.592373720063e-10
2.452749854364e-10
2.313125988664e-10
2.177484867868e-10
2.056229456237e-10
1.947766159470e-10
1.850172106599e-10
1.761891424643e-10
1.681651669814e-10
1.608402099319e-10
1.541267402361e-10
1.596554573292e-10
1.663538888681e-10
1.736390078748e-10
1.815914226555e-10
1.903072172566e-10
1.999018526333e-10
2.105153105742e-10
2.223189681534e-10
2.352207621741e-10
2.482237048096e-10
2.559831200113e-10
2.579163936199e-10
2.598496672285e-10
2.617829408371e-10
2.637162144457e-10
2.656494880543e-10
2.675827616629e-10
2.695160352715e-10
2.714493088801e-10
2.733825824886e-10
2.753158560972e-10
1.946947820332e-10
1.962916013204e-10
1.979148303304e-10
1.995651297103e-10
2.012431823274e-10
2.029496942115e-10
2.046853955455e-10
2.064510417066e-10
2.082474143630e-10
2.100753226275e-10
2.119356042727e-10
2.145780499464e-10
2.179830202458e-10
2.214977945292e-10
2.251277713052e-10
2.288642736415e-10
2.326173778036e-10
2.363704819656e-10
2.401235861277e-10
2.438766902898e-10
2.476297944519e-10
2.514064080184e-10
2.556061908654e-10
2.598059737125e-10
2.640057565595e-10
2.682055394065e-10
2.724053222535e-10
2.766051051006e-10
2.808048879476e-10
2.850046707946e-10
2.892044536416e-10
2.934042364887e-10
2.942598260092e-10
2.926832749286e-10
2.911067238479e-10
2.895301727673e-10
2.879536216867e-10
2.863770706061e-10
2.848005195255e-10
2.832239684449e-10
2.816474173643e-10
2.800708662837e-10
2.779645703724e-10
2.713554434006e-10
2.647463164288e-10
2.581371894571e-10
2.515280624853e-10
2.449189355135e-10
2.383098085417e-10
2.317006815699e-10
2.251084906680e-10
2.187947375770e-10
2.128254930989e-10
2.136237659342e-10
2.184098335898e-10
2.234152720180e-10
2.286443986505e-10
2.339330182262e-10
2.392216378019e-10
2.445102573776e-10
2.497988769533e-10
2.550874965290e-10
2.603761161047e-10
2.638570528952e-10
2.576970148308e-10
2.515369767663e-10
2.453769387019e-10
2.392169006375e-10
2.330568625731e-10
2.268969431886e-10
2.209081605518e-10
2.152273874964e-10
2.098314578533e-10
2.046994718140e-10
2.035370916120e-10
2.041341319566e-10
2.047346852319e-10
2.053387825340e-10
2.059464553273e-10
2.065577354495e-10
2.071726551175e-10
2.077912469330e-10
2.084135438882e-10
2.090395793718e-10
2.089016061853e-10
2.059377444977e-10
2.030568078492e-10
2.002553640500e-10
1.975301677395e-10
1.948781478447e-10
1.922963960352e-10
1.897821560843e-10
1.873328140533e-10
1.849458892270e-10
1.826190257329e-10
1.823881590993e-10
1.828951354133e-10
1.834049380227e-10
1.839175906277e-10
1.844331171943e-10
1.849515419576e-10
1.854728894265e-10
1.859971843864e-10
1.865244519043e-10
1.870547173319e-10
1.892732919166e-10
1.965486767004e-10
2.044057299724e-10
2.129171131504e-10
2.221681158713e-10
2.321431704405e-10
2.422259844740e-10
2.523087985076e-10
2.623916125411e-10
2.724744265746e-10
2.825572406082e-10
2.784262032551e-10
2.705048055322e-10
2.625834078094e-10
2.546620100865e-10
2.467406123636e-10
2.388192146408e-10
2.308978169179e-10
2.230485993769e-10
2.156579673843e-10
2.087413991258e-10
2.077917780771e-10
2.198312879424e-10
2.331821639833e-10
2.467708102297e-10
2.603594564761e-10
2.739481027226e-10
2.875367489690e-10
3.011253952154e-10
3.147140414618e-10
3.283026877083e-10
3.418913339547e-10
3.373015355049e-10
3.293032786746e-10
3.213050218443e-10
3.133067650140e-10
3.053085081837e-10
2.973102513534e-10
2.893119945231e-10
2.813137376928e-10
2.733154808625e-10
2.653172240321e-10
2.578593998576e-10
2.513280316645e-10
2.447966634713e-10
2.382652952782e-10
2.317339270851e-10
2.252176469719e-10
2.189701472628e-10
2.130599013752e-10
2.074603184667e-10
2.021475315219e-10
1.971000572919e-10
2.015916226827e-10
2.074999177537e-10
2.137649928436e-10
2.204201710126e-10
2.275021996782e-10
2.347843060188e-10
2.420664123594e-10
2.493485186999e-10
2.566306250405e-10
2.639127313811e-10
2.620559639144e-10
2.476332449627e-10
2.332105260111e-10
2.190786546260e-10
2.064275179649e-10
1.951577423962e-10
1.850547965965e-10
1.759463862311e-10
1.676925470347e-10
1.601784014117e-10
1.533087789355e-10
1.587936980461e-10
1.654501584321e-10
1.726890990256e-10
1.805904738210e-10
1.892495716076e-10
1.987808775531e-10
2.093231635756e-10
2.210462892302e-10
2.339451811659e-10
2.470077367397e-10
2.550752673544e-10
2.575927702369e-10
2.601102731193e-10
2.626277760018e-10
2.651452788842e-10
2.676627817667e-10
2.701802846492e-10
2.726977875316e-10
2.752152904141e-10
2.777327932965e-10
2.802502961790e-10
1.967066640275e-10
1.984375817950e-10
2.001992323728e-10
2.019924415936e-10
2.038180651461e-10
2.056769899359e-10
2.075701355227e-10
2.094984556369e-10
2.114629397818e-10
2.134646149266e-10
2.155045472967e-10
2.184841337622e-10
2.223870251364e-10
2.264318912788e-10
2.305714972467e-10
2.347128513317e-10
2.388542054167e-10
2.429955595018e-10
2.471369135868e-10
2.512782676719e-10
2.554196217569e-10
2.594673192462e-10
2.618291980119e-10
2.641910767777e-10
2.665529555435e-10
2.689148343092e-10
2.712767130750e-10
2.736385918407e-10
2.760004706065e-10
2.783623493722e-10
2.807242281380e-10
2.830861069038e-10
2.842091263330e-10
2.844311571538e-10
2.846531879747e-10
2.848752187955e-10
2.850972496164e-10
2.853192804372e-10
2.855413112581e-10
2.857633420789e-10
2.859853728998e-10
2.862074037206e-10
2.856041209297e-10
2.779856724384e-10
2.703672239472e-10
2.627487754559e-10
2.551303269647e-10
2.475118784735e-10
2.398934299822e-10
2.322749814910e-10
2.246817291965e-10
2.174618147456e-10
2.106914629961e-10
2.118512644847e-10
2.177248337059e-10
2.239333791521e-10
2.304549006374e-10
2.370201059595e-10
2.435853112815e-10
2.501505166036e-10
2.567157219256e-10
2.632809272477e-10
2.698461325697e-10
2.741758200631e-10
2.665827458035e-10
2.589896715439e-10
2.513965972843e-10
2.438035230247e-10
2.362104487651e-10
2.286173745055e-10
2.211806390994e-10
2.142030536435e-10
2.076522483215e-10
2.014902294113e-10
1.997988814341e-10
2.000614848057e-10
2.003247793852e-10
2.005887679053e-10
2.008534531130e-10
2.011188377699e-10
2.013849246522e-10
2.016517165508e-10
2.019192162713e-10
2.021874266344e-10
2.019503293001e-10
1.998428972254e-10
1.977789946878e-10
1.957572868032e-10
1.937764927165e-10
1.918353828949e-10
1.899327765833e-10
1.880675394092e-10
1.862385811272e-10
1.844448534938e-10
1.826853482644e-10
1.824988194957e-10
1.828678061498e-10
1.832382879038e-10
1.836102738632e-10
1.839837732076e-10
1.843587951913e-10
1.847353491443e-10
1.851134444731e-10
1.854930906611e-10
1.858742972699e-10
1.881531414848e-10
1.961488948748e-10
2.048543840457e-10
2.143684964000e-10
2.248093847140e-10
2.359566814382e-10
2.471265304078e-10
2.582963793774e-10
2.694662283470e-10
2.806360773166e-10
2.918059262862e-10
2.874369575321e-10
2.789243040518e-10
2.704116505715e-10
2.618989970912e-10
2.533863436108e-10
2.448736901305e-10
2.363610366502e-10
2.278483831699e-10
2.195899200867e-10
2.119068106137e-10
2.106721313206e-10
2.233863789149e-10
2.372546812289e-10
2.511834310156e-10
2.651121808024e-10
2.790409305891e-10
2.929696803759e-10
3.068984301626e-10
3.208271799494e-10
3.347559297362e-10
3.486846795229e-10
3.427088382307e-10
3.330008861111e-10
3.232929339916e-10
3.135849818721e-10
3.038770297525e-10
2.941690776330e-10
2.844611255134e-10
2.747531733939e-10
2.650452212743e-10
2.553372691548e-10
2.465318864786e-10
2.392737657053e-10
2.320156449321e-10
2.247806584664e-10
2.178857776586e-10
2.114012930584e-10
2.052916223049e-10
1.995251809321e-10
1.940738362254e-10
1.889124482249e-10
1.840184820741e-10
1.891521403224e-10
1.958730063760e-10
2.030890730545e-10
2.108571641472e-10
2.192431431762e-10
2.283168018348e-10
2.376692355870e-10
2.470216693391e-10
2.563741030912e-10
2.657265368433e-10
2.648745558226e-10
2.499915044891e-10
2.351084531557e-10
2.204251736364e-10
2.072384113860e-10
1.955403632974e-10
1.850923978072e-10
1.757042980243e-10
1.672225761932e-10
1.595220168550e-10
1.524994537572e-10
1.579411917151e-10
1.645561941127e-10
1.717495267640e-10
1.796004991423e-10
1.882036168646e-10
1.976724043876e-10
2.081444427877e-10
2.197880984299e-10
2.326696001577e-10
2.457917686697e-10
2.541674146975e-10
2.572691468538e-10
2.603708790101e-10
2.634726111665e-10
2.665743433228e-10
2.696760754791e-10
2.727778076354e-10
2.758795397918e-10
2.789812719481e-10
2.820830041044e-10
2.851847362608e-10
1.987605598088e-10
2.006310032798e-10
2.025369849366e-10
2.044795273250e-10
2.064596925994e-10
2.084785844602e-10
2.105373502045e-10
2.126371829009e-10
2.147793236942e-10
2.169650642524e-10
2.191957493637e-10
2.225350635302e-10
2.269726514194e-10
2.315022210059e-10
2.360318250139e-10
2.405614290219e-10
2.450910330299e-10
2.496206370379e-10
2.541502410459e-10
2.586798450539e-10
2.632094490619e-10
2.675282304739e-10
2.680522051584e-10
2.685761798429e-10
2.691001545274e-10
2.696241292119e-10
2.701481038964e-10
2.706720785809e-10
2.711960532654e-10
2.717200279499e-10
2.722440026344e-10
2.727679773189e-10
2.741584266568e-10
2.761790393791e-10
2.781996521014e-10
2.802202648237e-10
2.822408775460e-10
2.842614902683e-10
2.862821029907e-10
2.883027157130e-10
2.903233284353e-10
2.923439411576e-10
2.932436714869e-10
2.846159014762e-10
2.759881314655e-10
2.673603614548e-10
2.587325914441e-10
2.501048214334e-10
2.414770514227e-10
2.328492814120e-10
2.242565827750e-10
2.161450342134e-10
2.085998044468e-10
2.101079349556e-10
2.170441171255e-10
2.244538948857e-10
2.322654026243e-10
2.401071936927e-10
2.479489847611e-10
2.557907758295e-10
2.636325668979e-10
2.714743579663e-10
2.793161490347e-10
2.844945872310e-10
2.754684767762e-10
2.664423663215e-10
2.574162558667e-10
2.483901454119e-10
2.393640349571e-10
2.303379245023e-10
2.214537906528e-10
2.131884238507e-10
2.055178379900e-10
1.983800616129e-10
1.961955085013e-10
1.961481644057e-10
1.961008431539e-10
1.960535447293e-10
1.960062691154e-10
1.959590162958e-10
1.959117862539e-10
1.958645789733e-10
1.958173944375e-10
1.957702326301e-10
1.954467670773e-10
1.940984410223e-10
1.927685908665e-10
1.914568394355e-10
1.901628197521e-10
1.888861746936e-10
1.876265566636e-10
1.863836272761e-10
1.851570570527e-10
1.839465251314e-10
1.827517189867e-10
1.826096142556e-10
1.828404850525e-10
1.830719403618e-10
1.833039824063e-10
1.835366134197e-10
1.837698356472e-10
1.840036513456e-10
1.842380627829e-10
1.844730722390e-10
1.847086820051e-10
1.870461715173e-10
1.957507360677e-10
2.053050119704e-10
2.158398026256e-10
2.275133085303e-10
2.397701924359e-10
2.520270763415e-10
2.642839602472e-10
2.765408441528e-10
2.887977280585e-10
3.010546119641e-10
2.964477118092e-10
2.873438025714e-10
2.782398933336e-10
2.691359840958e-10
2.600320748580e-10
2.509281656203e-10
2.418242563825e-10
2.327203471447e-10
2.236679129634e-10
2.151697026489e-10
2.136334603789e-10
2.270583451793e-10
2.413271984744e-10
2.555960518015e-10
2.698649051286e-10
2.841337584557e-10
2.984026117828e-10
3.126714651099e-10
3.269403184370e-10
3.412091717641e-10
3.554780250912e-10
3.481161409565e-10
3.366984935477e-10
3.252808461389e-10
3.138631987301e-10
3.024455513213e-10
2.910279039126e-10
2.796102565038e-10
2.681926090950e-10
2.567749616862e-10
2.453573142775e-10
2.352043730996e-10
2.272194997462e-10
2.194954013531e-10
2.122790873838e-10
2.055221690592e-10
1.991821314671e-10
1.932215487792e-10
1.876073449146e-10
1.823101794561e-10
1.773039347421e-10
1.725652852083e-10
1.781586227565e-10
1.854799472721e-10
1.934287904059e-10
2.020894424080e-10
2.115619973036e-10
2.219662389003e-10
2.332720588145e-10
2.446948199782e-10
2.561175811419e-10
2.675403423055e-10
2.676931477307e-10
2.523497640155e-10
2.370063803003e-10
2.217883471791e-10
2.080557006727e-10
1.959244874579e-10
1.851300143014e-10
1.754628750904e-10
1.667552322460e-10
1.588709898543e-10
1.516986286476e-10
1.570977901047e-10
1.636718384551e-10
1.708201232842e-10
1.786213191265e-10
1.871691602514e-10
1.965762251513e-10
2.069789226674e-10
2.185441497546e-10
2.313940191494e-10
2.445758005998e-10
2.532595620406e-10
2.569455234708e-10
2.606314849010e-10
2.643174463311e-10
2.680034077613e-10
2.716893691915e-10
2.753753306217e-10
2.790612920519e-10
2.827472534821e-10
2.864332149123e-10
2.901191763425e-10
2.008577993135e-10
2.028734565197e-10
2.049299790468e-10
2.070286223734e-10
2.091706939385e-10
2.113575558577e-10
2.135906278119e-10
2.158713901203e-10
2.182013870131e-10
2.205822301183e-10
2.230156021792e-10
2.267390482514e-10
2.316564449193e-10
2.365742988502e-10
2.414921527812e-10
2.464100067121e-10
2.513278606431e-10
2.562457145741e-10
2.611635685050e-10
2.660814224360e-10
2.709992763669e-10
2.755891417017e-10
2.742752123049e-10
2.729612829081e-10
2.716473535114e-10
2.703334241146e-10
2.690194947178e-10
2.677055653210e-10
2.663916359243e-10
2.650777065275e-10
2.637637771307e-10
2.624498477339e-10
2.641077269806e-10
2.679269216044e-10
2.717461162282e-10
2.755653108519e-10
2.793845054757e-10
2.832037000995e-10
2.870228947232e-10
2.908420893470e-10
2.946612839708e-10
2.984804785945e-10
3.008832220442e-10
2.912461305140e-10
2.816090389839e-10
2.719719474537e-10
2.623348559235e-10
2.526977643934e-10
2.430606728632e-10
2.334235813331e-10
2.238330422527e-10
2.148441045094e-10
2.065492679137e-10
2.083930630554e-10
2.163676437987e-10
2.249768360538e-10
2.340759046113e-10
2.431942814260e-10
2.523126582407e-10
2.614310350555e-10
2.705494118702e-10
2.796677886849e-10
2.887861654997e-10
2.948133543989e-10
2.843542077490e-10
2.738950610990e-10
2.634359144491e-10
2.529767677991e-10
2.425176211492e-10
2.320584744992e-10
2.217276177087e-10
2.121833608704e-10
2.034268594716e-10
1.953644502656e-10
1.927198066854e-10
1.923850005561e-10
1.920513557059e-10
1.917188661034e-10
1.913875257589e-10
1.910573287240e-10
1.907282690913e-10
1.904003409941e-10
1.900735386059e-10
1.897478561400e-10
1.893490147080e-10
1.886750043423e-10
1.880057753968e-10
1.873412771725e-10
1.866814596844e-10
1.860262736492e-10
1.853756704734e-10
1.847296022405e-10
1.840880216998e-10
1.834508822550e-10
1.828181379523e-10
1.827205436238e-10
1.828131721177e-10
1.829058945735e-10
1.829987111343e-10
1.830916219434e-10
1.831846271445e-10
1.832777268815e-10
1.833709212986e-10
1.834642105402e-10
1.835575947513e-10
1.859521507392e-10
1.953541904158e-10
2.057576268012e-10
2.173314448830e-10
2.302397845919e-10
2.435837034336e-10
2.569276222753e-10
2.702715411170e-10
2.836154599587e-10
2.969593788004e-10
3.103032976421e-10
3.054584660862e-10
2.957633010910e-10
2.860681360957e-10
2.763729711005e-10
2.666778061052e-10
2.569826411100e-10
2.472874761147e-10
2.375923111195e-10
2.278971461243e-10
2.185346485998e-10
2.166792286643e-10
2.307907588526e-10
2.453997157200e-10
2.600086725874e-10
2.746176294548e-10
2.892265863223e-10
3.038355431897e-10
3.184445000571e-10
3.330534569245e-10
3.476624137920e-10
3.622713706594e-10
3.535234436822e-10
3.403961009842e-10
3.272687582862e-10
3.141414155882e-10
3.010140728902e-10
2.878867301922e-10
2.747593874942e-10
2.616320447961e-10
2.485047020981e-10
2.353773594001e-10
2.239208954268e-10
2.157574337271e-10
2.081682641318e-10
2.010948444453e-10
1.944863278870e-10
1.882983388627e-10
1.824919752377e-10
1.770329896835e-10
1.718911136898e-10
1.670394960546e-10
1.624542338559e-10
1.683727999240e-10
1.761342313391e-10
1.846457941823e-10
1.940217592293e-10
2.044008486703e-10
2.159531458168e-10
2.288748820421e-10
2.423679706173e-10
2.558610591925e-10
2.693541477677e-10
2.705117396389e-10
2.547080235419e-10
2.389043074450e-10
2.231684861663e-10
2.088794617949e-10
1.963101237542e-10
1.851676460884e-10
1.752221146906e-10
1.662904932303e-10
1.582252550818e-10
1.509061703964e-10
1.562633481328e-10
1.627969373711e-10
1.699007243930e-10
1.776527581738e-10
1.861460132068e-10
1.954921364466e-10
2.058263826951e-10
2.173142027439e-10
2.301184381412e-10
2.433598325298e-10
2.523517093836e-10
2.566219000877e-10
2.608920907918e-10
2.651622814958e-10
2.694324721999e-10
2.737026629040e-10
2.779728536080e-10
2.822430443121e-10
2.865132350161e-10
2.907834257202e-10
2.950536164243e-10
2.029997692086e-10
2.051666041827e-10
2.073801961672e-10
2.096420750869e-10
2.119538383496e-10
2.143171546084e-10
2.167337677787e-10
2.192055013292e-10
2.217342628713e-10
2.243220490687e-10
2.269709508953e-10
2.310341689867e-10
2.363402728406e-10
2.416463766945e-10
2.469524805484e-10
2.522585844024e-10
2.575646882563e-10
2.628707921102e-10
2.681768959641e-10
2.734829998180e-10
2.787891036719e-10
2.836500529294e-10
2.804982194514e-10
2.773463859734e-10
2.741945524953e-10
2.710427190173e-10
2.678908855392e-10
2.647390520612e-10
2.615872185832e-10
2.584353851051e-10
2.552835516271e-10
2.521317181490e-10
2.540570273045e-10
2.596748038297e-10
2.652925803549e-10
2.709103568801e-10
2.765281334054e-10
2.821459099306e-10
2.877636864558e-10
2.933814629810e-10
2.989992395062e-10
3.046170160315e-10
3.085227726014e-10
2.978763595518e-10
2.872299465022e-10
2.765835334526e-10
2.659371204030e-10
2.552907073533e-10
2.446442943037e-10
2.339978812541e-10
2.234110985479e-10
2.135587411380e-10
2.045386525131e-10
2.067059576236e-10
2.156953741731e-10
2.255022196485e-10
2.358864065982e-10
2.462813691593e-10
2.566763317204e-10
2.670712942814e-10
2.774662568425e-10
2.878612194036e-10
2.982561819646e-10
3.051321215668e-10
2.932399387217e-10
2.813477558766e-10
2.694555730314e-10
2.575633901863e-10
2.456712073412e-10
2.337790244961e-10
2.220021227759e-10
2.111877300311e-10
2.013780004665e-10
1.924391478279e-10
1.893651088249e-10
1.887635135417e-10
1.881657285777e-10
1.875717178471e-10
1.869814457182e-10
1.863948770066e-10
1.858119769680e-10
1.852327112914e-10
1.846570460921e-10
1.840849479055e-10
1.836202387222e-10
1.835464091679e-10
1.834726389602e-10
1.833989280274e-10
1.833252762982e-10
1.832516837013e-10
1.831781501656e-10
1.831046756198e-10
1.830312599932e-10
1.829579032148e-10
1.828846052139e-10
1.828316078459e-10
1.827858673417e-10
1.827401497184e-10
1.826944549587e-10
1.826487830456e-10
1.826031339618e-10
1.825575076904e-10
1.825119042141e-10
1.824663235160e-10
1.824207655789e-10
1.848708532548e-10
1.949592481351e-10
2.062122417080e-10
2.188438477255e-10
2.329662606536e-10
2.473972144313e-10
2.618281682091e-10
2.762591219868e-10
2.906900757646e-10
3.051210295423e-10
3.195519833201e-10
3.144692203632e-10
3.041827996105e-10
2.938963788578e-10
2.836099581051e-10
2.733235373524e-10
2.630371165997e-10
2.527506958470e-10
2.424642750943e-10
2.321778543416e-10
2.220065124634e-10
2.198130999566e-10
2.345231725578e-10
2.494722329655e-10
2.644212933733e-10
2.793703537811e-10
2.943194141888e-10
3.092684745966e-10
3.242175350044e-10
3.391665954121e-10
3.541156558199e-10
3.690647162276e-10
3.589307464080e-10
3.440937084208e-10
3.292566704335e-10
3.144196324463e-10
2.995825944590e-10
2.847455564718e-10
2.699085184845e-10
2.550714804973e-10
2.402344425100e-10
2.254095050387e-10
2.134210891052e-10
2.053961495441e-10
1.979528384308e-10
1.910301345409e-10
1.845752642305e-10
1.785423535595e-10
1.728913363848e-10
1.675870634493e-10
1.625985705882e-10
1.578984738540e-10
1.534624666032e-10
1.596060263984e-10
1.676851365684e-10
1.766257705227e-10
1.865734936573e-10
1.977086220574e-10
2.102572506837e-10
2.245067659593e-10
2.400411212565e-10
2.556045372432e-10
2.711679532299e-10
2.733303315470e-10
2.570662830683e-10
2.408022345896e-10
2.245659092977e-10
2.097097719307e-10
1.966972811329e-10
1.852052931775e-10
1.749820141016e-10
1.658283374269e-10
1.575847482677e-10
1.501219485621e-10
1.554377237835e-10
1.619313400497e-10
1.689911694132e-10
1.766946444726e-10
1.851339912702e-10
1.944199393380e-10
2.046866072359e-10
2.160980223207e-10
2.288428571330e-10
2.421438644599e-10
2.514438567267e-10
2.562982767046e-10
2.611526966826e-10
2.660071166605e-10
2.708615366384e-10
2.757159566164e-10
2.805703765943e-10
2.854247965722e-10
2.902792165502e-10
2.951336365281e-10
2.999880565060e-10
2.098250774997e-10
2.111427257309e-10
2.124770275352e-10
2.138283006438e-10
2.151968709222e-10
2.165830726323e-10
2.179872487043e-10
2.194097510200e-10
2.208509407063e-10
2.223111884411e-10
2.237908747712e-10
2.276916410357e-10
2.338138431129e-10
2.399360451901e-10
2.460582472673e-10
2.521804493445e-10
2.583026514218e-10
2.644248534990e-10
2.705470555762e-10
2.766692576534e-10
2.827914597306e-10
2.883875502246e-10
2.845136322206e-10
2.806397142166e-10
2.767657962126e-10
2.728918782085e-10
2.690179602045e-10
2.651440422005e-10
2.612701241965e-10
2.573962061924e-10
2.535222881884e-10
2.496483701844e-10
2.513944566033e-10
2.572278189661e-10
2.630611813289e-10
2.688945436917e-10
2.747279060545e-10
2.805612684173e-10
2.863946307801e-10
2.922279931429e-10
2.980613555057e-10
3.038947178685e-10
3.080229905807e-10
2.976580012633e-10
2.872930119458e-10
2.769280226283e-10
2.665630333108e-10
2.561980439934e-10
2.458330546759e-10
2.354680653584e-10
2.251198153814e-10
2.153724449392e-10
2.064341379701e-10
2.087052693278e-10
2.178313172523e-10
2.277896232366e-10
2.381390015566e-10
2.484883798767e-10
2.588377581967e-10
2.691871365168e-10
2.795365148369e-10
2.898858931569e-10
3.002352714770e-10
3.070734430664e-10
2.951851787594e-10
2.832969144523e-10
2.714086501452e-10
2.595203858382e-10
2.476321215311e-10
2.357438572240e-10
2.239002146854e-10
2.129081325915e-10
2.029448272639e-10
1.938723265543e-10
1.905227239548e-10
1.895795148016e-10
1.886455986175e-10
1.877208387374e-10
1.868051011627e-10
1.858982544968e-10
1.850001698825e-10
1.841107209403e-10
1.832297837098e-10
1.823572365918e-10
1.817095788636e-10
1.818776658673e-10
1.820460641304e-10
1.822147745182e-10
1.823837978992e-10
1.825531351454e-10
1.827227871317e-10
1.828927547364e-10
1.830630388412e-10
1.832336403309e-10
1.834045600936e-10
1.838331140494e-10
1.843561805019e-10
1.848822320447e-10
1.854112943042e-10
1.859433932012e-10
1.864785549549e-10
1.870168060871e-10
1.875581734267e-10
1.881026841143e-10
1.886503656065e-10
1.914165412581e-10
2.009511214869e-10
2.114853414780e-10
2.231851070688e-10
2.358973860519e-10
2.486769762669e-10
2.614565664820e-10
2.742361566971e-10
2.870157469121e-10
2.997953371272e-10
3.125749273422e-10
3.082211153777e-10
2.992983961653e-10
2.903756769529e-10
2.814529577405e-10
2.725302385280e-10
2.636075193156e-10
2.546848001032e-10
2.457620808908e-10
2.368393616784e-10
2.279166424659e-10
2.262445147239e-10
2.402697231703e-10
2.542978784960e-10
2.683260338218e-10
2.823541891475e-10
2.963823444732e-10
3.104104997990e-10
3.244386551247e-10
3.384668104505e-10
3.524949657762e-10
3.665231211020e-10
3.568500125050e-10
3.427329169225e-10
3.286158213401e-10
3.144987257576e-10
3.003816301752e-10
2.862645345927e-10
2.721474390103e-10
2.580303434278e-10
2.439132478453e-10
2.297961522629e-10
2.173743599211e-10
2.080018798232e-10
1.994042143439e-10
1.914890974044e-10
1.841783532052e-10
1.774053054177e-10
1.711127377533e-10
1.652512736956e-10
1.597780782166e-10
1.546558092204e-10
1.498517644137e-10
1.558789627920e-10
1.638682608411e-10
1.727207548874e-10
1.825843286770e-10
1.936426927391e-10
2.061269332394e-10
2.203318360542e-10
2.362517559069e-10
2.523771939506e-10
2.685026319943e-10
2.711321947558e-10
2.552049290044e-10
2.392776632530e-10
2.234100619956e-10
2.089863628966e-10
1.963121470899e-10
1.850873161693e-10
1.750766961369e-10
1.660933808048e-10
1.579869528933e-10
1.506349939330e-10
1.556238092640e-10
1.617088150002e-10
1.682890406250e-10
1.754275046692e-10
1.831983917551e-10
1.916896403392e-10
2.010062850828e-10
2.112748237075e-10
2.226489944101e-10
2.350278339439e-10
2.440119385519e-10
2.491269712481e-10
2.542420039443e-10
2.593570366404e-10
2.644720693366e-10
2.695871020328e-10
2.747021347290e-10
2.798171674252e-10
2.849322001214e-10
2.900472328176e-10
2.951622655137e-10
2.201282546985e-10
2.197878340360e-10
2.194484646452e-10
2.191101416637e-10
2.187728602592e-10
2.184366156293e-10
2.181014030007e-10
2.177672176297e-10
2.174340548015e-10
2.171019098300e-10
2.167707780578e-10
2.201128794298e-10
2.270814297565e-10
2.342693082323e-10
2.414571867080e-10
2.486450651837e-10
2.558329436594e-10
2.630208221352e-10
2.702087006109e-10
2.773965790866e-10
2.845844575623e-10
2.911863893925e-10
2.872412816031e-10
2.832961738137e-10
2.793510660242e-10
2.754059582348e-10
2.714608504454e-10
2.675157426560e-10
2.635706348665e-10
2.596255270771e-10
2.556804192877e-10
2.517353114983e-10
2.530416278042e-10
2.581671616339e-10
2.632926954637e-10
2.684182292935e-10
2.735437631233e-10
2.786692969531e-10
2.837948307828e-10
2.889203646126e-10
2.940458984424e-10
2.991714322722e-10
3.027752645562e-10
2.934446337010e-10
2.841140028457e-10
2.747833719905e-10
2.654527411353e-10
2.561221102801e-10
2.467914794249e-10
2.374608485697e-10
2.281302177145e-10
2.190896212899e-10
2.107339366008e-10
2.129825151209e-10
2.217134101079e-10
2.311169558287e-10
2.406494840818e-10
2.501820123348e-10
2.597145405879e-10
2.692470688410e-10
2.787795970941e-10
2.883121253472e-10
2.978446536003e-10
3.041279212595e-10
2.930817990849e-10
2.820356769103e-10
2.709895547357e-10
2.599434325611e-10
2.488973103865e-10
2.378511882119e-10
2.268053542833e-10
2.162948379717e-10
2.067153251608e-10
1.979483620296e-10
1.943901879295e-10
1.930294893834e-10
1.916877077430e-10
1.903644512474e-10
1.890593388791e-10
1.877719999983e-10
1.865020739919e-10
1.852492099367e-10
1.840130662762e-10
1.827933105103e-10
1.818896134368e-10
1.821175072992e-10
1.823459729454e-10
1.825750125300e-10
1.828046282184e-10
1.830348221870e-10
1.832655966230e-10
1.834969537250e-10
1.837288957023e-10
1.839614247757e-10
1.841945431770e-10
1.853748009604e-10
1.869151023156e-10
1.884812152378e-10
1.900737940146e-10
1.916935152351e-10
1.933410787495e-10
1.950172086764e-10
1.967226544647e-10
1.984581920104e-10
2.002246248339e-10
2.035421429776e-10
2.115002654863e-10
2.201060044384e-10
2.294170627018e-10
2.389478902299e-10
2.484787177580e-10
2.580095452861e-10
2.675403728142e-10
2.770712003423e-10
2.866020278704e-10
2.961328553985e-10
2.930720091557e-10
2.866533832406e-10
2.802347573255e-10
2.738161314103e-10
2.673975054952e-10
2.609788795801e-10
2.545602536650e-10
2.481416277499e-10
2.417230018348e-10
2.353043759197e-10
2.348195250980e-10
2.471911869787e-10
2.595628488593e-10
2.719345107400e-10
2.843061726207e-10
2.966778345014e-10
3.090494963821e-10
3.214211582628e-10
3.337928201435e-10
3.461644820241e-10
3.585361439048e-10
3.504012572352e-10
3.384213927124e-10
3.264415281896e-10
3.144616636667e-10
3.024817991439e-10
2.905019346211e-10
2.785220700983e-10
2.665422055755e-10
2.545623410527e-10
2.425824765299e-10
2.305065595142e-10
2.185939483474e-10
2.078089738178e-10
1.980381785697e-10
1.891449321875e-10
1.810160919966e-10
1.735571638985e-10
1.666886122688e-10
1.603430127177e-10
1.544628313431e-10
1.489986753395e-10
1.547477707205e-10
1.624557511038e-10
1.709718523563e-10
1.804301927345e-10
1.909963067177e-10
2.028769159788e-10
2.163335889621e-10
2.316092562306e-10
2.474168715411e-10
2.632244868515e-10
2.660076328900e-10
2.508821336795e-10
2.357566344689e-10
2.208082028899e-10
2.073745208043e-10
1.954816717289e-10
1.848789358082e-10
1.753671898394e-10
1.667862838734e-10
1.590059509915e-10
1.519191479595e-10
1.564028954983e-10
1.618579729066e-10
1.677073305358e-10
1.739953175909e-10
1.807731936562e-10
1.881005291982e-10
1.960469610592e-10
2.046944125500e-10
2.141399282136e-10
2.244993314081e-10
2.327743154916e-10
2.379611845820e-10
2.431480536723e-10
2.483349227626e-10
2.535217918529e-10
2.587086609433e-10
2.638955300336e-10
2.690823991239e-10
2.742692682143e-10
2.794561373046e-10
2.846430063949e-10
2.314105839043e-10
2.291516749901e-10
2.268928906921e-10
2.246595282905e-10
2.224697043970e-10
2.203221581528e-10
2.182156769191e-10
2.161490939935e-10
2.141212864553e-10
2.121311731312e-10
2.101777126726e-10
2.130208496960e-10
2.205417301127e-10
2.286025712744e-10
2.368561261486e-10
2.451096810229e-10
2.533632358971e-10
2.616167907713e-10
2.698703456455e-10
2.781239005198e-10
2.863774553940e-10
2.939852285604e-10
2.899689309856e-10
2.859526334107e-10
2.819363358359e-10
2.779200382611e-10
2.739037406862e-10
2.698874431114e-10
2.658711455366e-10
2.618548479618e-10
2.578385503869e-10
2.538222528121e-10
2.546887990050e-10
2.591065043018e-10
2.635242095986e-10
2.679419148953e-10
2.723596201921e-10
2.767773254888e-10
2.811950307856e-10
2.856127360824e-10
2.900304413791e-10
2.944481466759e-10
2.975275385316e-10
2.892312661387e-10
2.809349937457e-10
2.726387213528e-10
2.643424489598e-10
2.560461765668e-10
2.477499041739e-10
2.394536317809e-10
2.311573593880e-10
2.229373627818e-10
2.152166657353e-10
2.174387464685e-10
2.257363835390e-10
2.344442884207e-10
2.431599666069e-10
2.518756447930e-10
2.605913229791e-10
2.693070011652e-10
2.780226793513e-10
2.867383575374e-10
2.954540357235e-10
3.011823994526e-10
2.909784194104e-10
2.807744393683e-10
2.705704593261e-10
2.603664792840e-10
2.501624992418e-10
2.399585191997e-10
2.297545391575e-10
2.197910287968e-10
2.106285789483e-10
2.021994701062e-10
1.984179182434e-10
1.966073568790e-10
1.948295394325e-10
1.930835856058e-10
1.913686463751e-10
1.896839026151e-10
1.880285637936e-10
1.864018667353e-10
1.848030744480e-10
1.832314750098e-10
1.820700051139e-10
1.823579821224e-10
1.826468715508e-10
1.829366777421e-10
1.832274050672e-10
1.835190579247e-10
1.838116407415e-10
1.841051579723e-10
1.843996141008e-10
1.846950136391e-10
1.849913611284e-10
1.869425647810e-10
1.895460613083e-10
1.922230983416e-10
1.949768364472e-10
1.978106199336e-10
2.007279904010e-10
2.037327015071e-10
2.068287350803e-10
2.100203187239e-10
2.133119450768e-10
2.173078746160e-10
2.232183515375e-10
2.294342647255e-10
2.357163295667e-10
2.419983944079e-10
2.482804592490e-10
2.545625240902e-10
2.608445889313e-10
2.671266537725e-10
2.734087186137e-10
2.796907834548e-10
2.779229029337e-10
2.740083703158e-10
2.700938376980e-10
2.661793050802e-10
2.622647724624e-10
2.583502398446e-10
2.544357072268e-10
2.505211746090e-10
2.466066419912e-10
2.426921093734e-10
2.433974823514e-10
2.541126507870e-10
2.648278192227e-10
2.755429876583e-10
2.862581560939e-10
2.969733245296e-10
3.076884929652e-10
3.184036614008e-10
3.291188298364e-10
3.398339982721e-10
3.505491667077e-10
3.439525019654e-10
3.341098685022e-10
3.242672350390e-10
3.144246015759e-10
3.045819681127e-10
2.947393346495e-10
2.848967011863e-10
2.750540677232e-10
2.652114342600e-10
2.553688007968e-10
2.440704189958e-10
2.302764686157e-10
2.169534210763e-10
2.050510908191e-10
1.943867933815e-10
1.847769152949e-10
1.760724417540e-10
1.681511738753e-10
1.609119563225e-10
1.542703344572e-10
1.481552443613e-10
1.536328781744e-10
1.610673843294e-10
1.692580121977e-10
1.783262932348e-10
1.884212782982e-10
1.997277943724e-10
2.124778638144e-10
2.269667956886e-10
2.424565491316e-10
2.579463417088e-10
2.608830710242e-10
2.465593383546e-10
2.322356056849e-10
2.182662492155e-10
2.057873516188e-10
1.946581932246e-10
1.846710241290e-10
1.756586491398e-10
1.674849924230e-10
1.600381792695e-10
1.532253849093e-10
1.571898215264e-10
1.620074062292e-10
1.671296280871e-10
1.725863258468e-10
1.784113666603e-10
1.846433496544e-10
1.913264622925e-10
1.985115296964e-10
2.062573096291e-10
2.146321029653e-10
2.216679062969e-10
2.267957083338e-10
2.320541034003e-10
2.373128088848e-10
2.425715143693e-10
2.478302198537e-10
2.530889253382e-10
2.583476308227e-10
2.636063363072e-10
2.688650417916e-10
2.741237472761e-10
2.429112563989e-10
2.387562005162e-10
2.346011446335e-10
2.304460887508e-10
2.262936352907e-10
2.222405360769e-10
2.183300706476e-10
2.145548399931e-10
2.109079481617e-10
2.073829602210e-10
2.039738643648e-10
2.063715646716e-10
2.143681572909e-10
2.230094430673e-10
2.322550655893e-10
2.415742968620e-10
2.508935281348e-10
2.602127594075e-10
2.695319906802e-10
2.788512219529e-10
2.881704532257e-10
2.967840677282e-10
2.926965803680e-10
2.886090930078e-10
2.845216056476e-10
2.804341182873e-10
2.763466309271e-10
2.722591435669e-10
2.681716562066e-10
2.640841688464e-10
2.599966814862e-10
2.559091941260e-10
2.563359702059e-10
2.600458469697e-10
2.637557237334e-10
2.674656004971e-10
2.711754772609e-10
2.748853540246e-10
2.785952307884e-10
2.823051075521e-10
2.860149843158e-10
2.897248610796e-10
2.922798125071e-10
2.850178985764e-10
2.777559846457e-10
2.704940707150e-10
2.632321567843e-10
2.559702428536e-10
2.487083289229e-10
2.414464149922e-10
2.341845010615e-10
2.269226715038e-10
2.198942529823e-10
2.220854381980e-10
2.298727928937e-10
2.377716210128e-10
2.456704491320e-10
2.535692772511e-10
2.614681053703e-10
2.693669334894e-10
2.772657616086e-10
2.851645897277e-10
2.930634178468e-10
2.982368776456e-10
2.888750397359e-10
2.795132018263e-10
2.701513639166e-10
2.607895260069e-10
2.514276880972e-10
2.420658501875e-10
2.327040122778e-10
2.234021014640e-10
2.146928524478e-10
2.066371778327e-10
2.026160877466e-10
2.003203632104e-10
1.980760788629e-10
1.958815249328e-10
1.937350665910e-10
1.916351398892e-10
1.895802479596e-10
1.875689574564e-10
1.855998952220e-10
1.836717451602e-10
1.822507549583e-10
1.825990928494e-10
1.829487648545e-10
1.832997786528e-10
1.836521419823e-10
1.840058626408e-10
1.843609484863e-10
1.847174074374e-10
1.850752474742e-10
1.854344766386e-10
1.857951030354e-10
1.885370727724e-10
1.922521428276e-10
1.961165646409e-10
2.001395292283e-10
2.043309975458e-10
2.087017828372e-10
2.132636437816e-10
2.180293901304e-10
2.230130028323e-10
2.282237861290e-10
2.329156899690e-10
2.359489921232e-10
2.389822942774e-10
2.420155964316e-10
2.450488985858e-10
2.480822007401e-10
2.511155028943e-10
2.541488050485e-10
2.571821072027e-10
2.602154093569e-10
2.632487115111e-10
2.627737967116e-10
2.613633573911e-10
2.599529180706e-10
2.585424787501e-10
2.571320394296e-10
2.557216001091e-10
2.543111607886e-10
2.529007214681e-10
2.514902821476e-10
2.500798428271e-10
2.519754396048e-10
2.610341145954e-10
2.700927895860e-10
2.791514645766e-10
2.882101395671e-10
2.972688145577e-10
3.063274895483e-10
3.153861645388e-10
3.244448395294e-10
3.335035145200e-10
3.425621895106e-10
3.375037466956e-10
3.297983442920e-10
3.220929418885e-10
3.143875394850e-10
3.066821370815e-10
2.989767346779e-10
2.912713322744e-10
2.835659298709e-10
2.758605274673e-10
2.681551250638e-10
2.576342784775e-10
2.422869561494e-10
2.269396987019e-10
2.125789185994e-10
1.999274762170e-10
1.886973252952e-10
1.786616970760e-10
1.696396283292e-10
1.614849518591e-10
1.540783167664e-10
1.473213083886e-10
1.525339353800e-10
1.597025467768e-10
1.675781904692e-10
1.762708930927e-10
1.859147597265e-10
1.966749418300e-10
2.087571735250e-10
2.224210529744e-10
2.374962267220e-10
2.526681965661e-10
2.557585091584e-10
2.422365430296e-10
2.287145769009e-10
2.157821556168e-10
2.042242931305e-10
1.938416235236e-10
1.844635795523e-10
1.759510788605e-10
1.681895797222e-10
1.610838970721e-10
1.545542793452e-10
1.579847062824e-10
1.621571157317e-10
1.665558920056e-10
1.711999704648e-10
1.761104589440e-10
1.813109585148e-10
1.868279428111e-10
1.926912087801e-10
1.989344150604e-10
2.055957285249e-10
2.114513957760e-10
2.161775429626e-10
2.211197882541e-10
2.262932997099e-10
2.316212368856e-10
2.369517787642e-10
2.422823206428e-10
2.476128625214e-10
2.529434044001e-10
2.582739462787e-10
2.636044881573e-10
2.544119288935e-10
2.483607260423e-10
2.423095231912e-10
2.362583203400e-10
2.302071174889e-10
2.241926146435e-10
2.184445843747e-10
2.129839313287e-10
2.077896296377e-10
2.028426557363e-10
1.981257555540e-10
2.001248194954e-10
2.085308035147e-10
2.176739145580e-10
2.276540050300e-10
2.380389127012e-10
2.484238203724e-10
2.588087280437e-10
2.691936357149e-10
2.795785433861e-10
2.899634510574e-10
2.995829068961e-10
2.954242297505e-10
2.912655526049e-10
2.871068754592e-10
2.829481983136e-10
2.787895211680e-10
2.746308440223e-10
2.704721668767e-10
2.663134897311e-10
2.621548125854e-10
2.579961354398e-10
2.579831414068e-10
2.609851896375e-10
2.639872378682e-10
2.669892860990e-10
2.699913343297e-10
2.729933825604e-10
2.759954307911e-10
2.789974790218e-10
2.819995272526e-10
2.850015754833e-10
2.870320864825e-10
2.808045310141e-10
2.745769755456e-10
2.683494200772e-10
2.621218646087e-10
2.558943091403e-10
2.496667536719e-10
2.434391982034e-10
2.372116427350e-10
2.309840872665e-10
2.247796859424e-10
2.269350674297e-10
2.340169755527e-10
2.410989536049e-10
2.481809316571e-10
2.552629097093e-10
2.623448877614e-10
2.694268658136e-10
2.765088438658e-10
2.835908219180e-10
2.906727999701e-10
2.952913558387e-10
2.867716600615e-10
2.782519642842e-10
2.697322685070e-10
2.612125727298e-10
2.526928769525e-10
2.441731811753e-10
2.356534853981e-10
2.271337896208e-10
2.189170598628e-10
2.112740469099e-10
2.069957488570e-10
2.041763122042e-10
2.014326491235e-10
1.987617454474e-10
1.961607447823e-10
1.936269383186e-10
1.911577554206e-10
1.887507549273e-10
1.864036171022e-10
1.841141361763e-10
1.824318640379e-10
1.828408420057e-10
1.832516577972e-10
1.836643238280e-10
1.840788526263e-10
1.844952568332e-10
1.849135492046e-10
1.853337426125e-10
1.857558500459e-10
1.861798846127e-10
1.866058595404e-10
1.901590151570e-10
1.950366109663e-10
2.001710154827e-10
2.055830587926e-10
2.112958863228e-10
2.173352897335e-10
2.237300962286e-10
2.304609462304e-10
2.372413881013e-10
2.440218299722e-10
2.489612448948e-10
2.487457843620e-10
2.485303238293e-10
2.483148632966e-10
2.480994027638e-10
2.478839422311e-10
2.476684816984e-10
2.474530211656e-10
2.472375606329e-10
2.470221001002e-10
2.468066395674e-10
2.476246904896e-10
2.487183444664e-10
2.498119984432e-10
2.509056524200e-10
2.519993063968e-10
2.530929603736e-10
2.541866143504e-10
2.552802683272e-10
2.563739223040e-10
2.574675762808e-10
2.605533968583e-10
2.679555784038e-10
2.753577599493e-10
2.827599414948e-10
2.901621230403e-10
2.975643045859e-10
3.049664861314e-10
3.123686676769e-10
3.197708492224e-10
3.271730307679e-10
3.345752123134e-10
3.310549914258e-10
3.254868200819e-10
3.199186487380e-10
3.143504773941e-10
3.087823060502e-10
3.032141347063e-10
2.976459633624e-10
2.920777920185e-10
2.865096206747e-10
2.809414493308e-10
2.711981379592e-10
2.542974436831e-10
2.373967494070e-10
2.206805338943e-10
2.057932826805e-10
1.927877000369e-10
1.813282422294e-10
1.711546693726e-10
1.620620427682e-10
1.538867764839e-10
1.464967079825e-10
1.514506025003e-10
1.583606453329e-10
1.659313842644e-10
1.742623343974e-10
1.834740527910e-10
1.937140103736e-10
2.051645464068e-10
2.180538213417e-10
2.325359043125e-10
2.473900514233e-10
2.506339472926e-10
2.379137477047e-10
2.252087822597e-10
2.133539688034e-10
2.026848000823e-10
1.930318760443e-10
1.842566005058e-10
1.762444838561e-10
1.689001202779e-10
1.621433705675e-10
1.559064259367e-10
1.587876711181e-10
1.623071021803e-10
1.659860815829e-10
1.698357102904e-10
1.738681435544e-10
1.780967191182e-10
1.825361045951e-10
1.872024674533e-10
1.921136717568e-10
1.972895067101e-10
2.021351362393e-10
2.065091572659e-10
2.110766648628e-10
2.158507878426e-10
2.208458702931e-10
2.260776155234e-10
2.314757159474e-10
2.368780942202e-10
2.422804724930e-10
2.476828507657e-10
2.530852290385e-10
2.659126013881e-10
2.579652515685e-10
2.500179017488e-10
2.420705519292e-10
2.341232021096e-10
2.261792897638e-10
2.185592182893e-10
2.114358589441e-10
2.047621776281e-10
1.984968968089e-10
1.926036409767e-10
1.942451341959e-10
2.030029306315e-10
2.125877268972e-10
2.231224684176e-10
2.345035285404e-10
2.459541126101e-10
2.574046966798e-10
2.688552807496e-10
2.803058648193e-10
2.917564488890e-10
3.023817460640e-10
2.981518791330e-10
2.939220122019e-10
2.896921452709e-10
2.854622783399e-10
2.812324114088e-10
2.770025444778e-10
2.727726775468e-10
2.685428106157e-10
2.643129436847e-10
2.600830767537e-10
2.596303126077e-10
2.619245323054e-10
2.642187520031e-10
2.665129717008e-10
2.688071913985e-10
2.711014110962e-10
2.733956307939e-10
2.756898504916e-10
2.779840701893e-10
2.802782898870e-10
2.817843604580e-10
2.765911634518e-10
2.713979664456e-10
2.662047694394e-10
2.610115724332e-10
2.558183754270e-10
2.506251784208e-10
2.454319814147e-10
2.402387844085e-10
2.350455874023e-10
2.298523903961e-10
2.318960302266e-10
2.381611582118e-10
2.444262861970e-10
2.506914141822e-10
2.569565421674e-10
2.632216701526e-10
2.694867981378e-10
2.757519261230e-10
2.820170541082e-10
2.882821820934e-10
2.923458340318e-10
2.846682803870e-10
2.769907267422e-10
2.693131730974e-10
2.616356194527e-10
2.539580658079e-10
2.462805121631e-10
2.386029585183e-10
2.309254048735e-10
2.233108310461e-10
2.161237924424e-10
2.115689307221e-10
2.081836203407e-10
2.049049403409e-10
2.017279308755e-10
1.986479350064e-10
1.956605759284e-10
1.927617362169e-10
1.899475388948e-10
1.872143301321e-10
1.845586634201e-10
1.826133334246e-10
1.830832321306e-10
1.835555553520e-10
1.840303219020e-10
1.845075507888e-10
1.849872612182e-10
1.854694725963e-10
1.859542045321e-10
1.864414768401e-10
1.869313095432e-10
1.874237228749e-10
1.918091061146e-10
1.979029216971e-10
2.043966460674e-10
2.113309809913e-10
2.187523455722e-10
2.267139166741e-10
2.349900073447e-10
2.432666295016e-10
2.515432516585e-10
2.598198738154e-10
2.650067998205e-10
2.615425766009e-10
2.580783533812e-10
2.546141301615e-10
2.511499069418e-10
2.476856837221e-10
2.442214605024e-10
2.407572372828e-10
2.372930140631e-10
2.338287908434e-10
2.303645676237e-10
2.324755842676e-10
2.360733315417e-10
2.396710788158e-10
2.432688260899e-10
2.468665733640e-10
2.504643206381e-10
2.540620679122e-10
2.576598151863e-10
2.612575624604e-10
2.648553097346e-10
2.691313541117e-10
2.748770422122e-10
2.806227303126e-10
2.863684184131e-10
2.921141065136e-10
2.978597946140e-10
3.036054827145e-10
3.093511708149e-10
3.150968589154e-10
3.208425470158e-10
3.265882351163e-10
3.246062361560e-10
3.211752958717e-10
3.177443555875e-10
3.143134153032e-10
3.108824750190e-10
3.074515347347e-10
3.040205944505e-10
3.005896541662e-10
2.971587138820e-10
2.937277735977e-10
2.847619974409e-10
2.663079312167e-10
2.478538649926e-10
2.293997987685e-10
2.120136948268e-10
1.970593373527e-10
1.840755903252e-10
1.726970157543e-10
1.626432731136e-10
1.536957118313e-10
1.456812872539e-10
1.503825492847e-10
1.570411066529e-10
1.643166297153e-10
1.722990339525e-10
1.810965991335e-10
1.908409099762e-10
2.016934825731e-10
2.138547880988e-10
2.275755819030e-10
2.421119062806e-10
2.455093854268e-10
2.335909523798e-10
2.217974331693e-10
2.109798224276e-10
2.011683435353e-10
1.922288656455e-10
1.840500854242e-10
1.765388690138e-10
1.696166898612e-10
1.632168729724e-10
1.572824403475e-10
1.595988398650e-10
1.624573663443e-10
1.654201566657e-10
1.684930212818e-10
1.716822105601e-10
1.749944572186e-10
1.784370237711e-10
1.820177556848e-10
1.857451410692e-10
1.896283778525e-10
1.936051575699e-10
1.976685720307e-10
2.019062102463e-10
2.063295227725e-10
2.109509860644e-10
2.157842200017e-10
2.208441219484e-10
2.261470201277e-10
2.316175405858e-10
2.370917552528e-10
2.425659699197e-10
2.774132738827e-10
2.675697770946e-10
2.577262803065e-10
2.478827835184e-10
2.380392867303e-10
2.281957899423e-10
2.186739725808e-10
2.099101284765e-10
2.018216774499e-10
1.943334417105e-10
1.873810016592e-10
1.887010794133e-10
1.977605624438e-10
2.077338008008e-10
2.187663809831e-10
2.309681443795e-10
2.434844048478e-10
2.560006653160e-10
2.685169257842e-10
2.810331862525e-10
2.935494467207e-10
3.051805852318e-10
3.008795285154e-10
2.965784717990e-10
2.922774150826e-10
2.879763583661e-10
2.836753016497e-10
2.793742449333e-10
2.750731882168e-10
2.707721315004e-10
2.664710747840e-10
2.621700180675e-10
2.612774838086e-10
2.628638749733e-10
2.644502661379e-10
2.660366573026e-10
2.676230484673e-10
2.692094396320e-10
2.707958307967e-10
2.723822219613e-10
2.739686131260e-10
2.755550042907e-10
2.765366344334e-10
2.723777958895e-10
2.682189573456e-10
2.640601188016e-10
2.599012802577e-10
2.557424417138e-10
2.515836031698e-10
2.474247646259e-10
2.432659260820e-10
2.391070875380e-10
2.349482489941e-10
2.368570629526e-10
2.423053408708e-10
2.477536187891e-10
2.532018967073e-10
2.586501746255e-10
2.640984525438e-10
2.695467304620e-10
2.749950083802e-10
2.804432862985e-10
2.858915642167e-10
2.894003122249e-10
2.825649007125e-10
2.757294892002e-10
2.688940776879e-10
2.620586661756e-10
2.552232546632e-10
2.483878431509e-10
2.415524316386e-10
2.347170201263e-10
2.278816086139e-10
2.212014184286e-10
2.163487495514e-10
2.123513780789e-10
2.084990418683e-10
2.047839881677e-10
2.011990071087e-10
1.977373850051e-10
1.943928623909e-10
1.911595962457e-10
1.880321259287e-10
1.850053424022e-10
1.827951641948e-10
1.833262657764e-10
1.838604625254e-10
1.843977815779e-10
1.849382503884e-10
1.854818967340e-10
1.860287487196e-10
1.865788347821e-10
1.871321836963e-10
1.876888245791e-10
1.882487868946e-10
1.934880848311e-10
2.008547371828e-10
2.088045310476e-10
2.174095618536e-10
2.267543203319e-10
2.365267078869e-10
2.462995103298e-10
2.560723127727e-10
2.658451152157e-10
2.756179176586e-10
2.810523547463e-10
2.743393688397e-10
2.676263829331e-10
2.609133970264e-10
2.542004111198e-10
2.474874252132e-10
2.407744393065e-10
2.340614533999e-10
2.273484674933e-10
2.208123132111e-10
2.146411537673e-10
2.177266616466e-10
2.234855229051e-10
2.295301591884e-10
2.356319997598e-10
2.417338403312e-10
2.478356809026e-10
2.539375214740e-10
2.600393620454e-10
2.661412026169e-10
2.722430431883e-10
2.777093113652e-10
2.817985060206e-10
2.858877006760e-10
2.899768953314e-10
2.940660899868e-10
2.981552846422e-10
3.022444792976e-10
3.063336739530e-10
3.104228686084e-10
3.145120632638e-10
3.186012579192e-10
3.181574808861e-10
3.168637716615e-10
3.155700624369e-10
3.142763532123e-10
3.129826439877e-10
3.116889347631e-10
3.103952255385e-10
3.091015163139e-10
3.078078070893e-10
3.065140978647e-10
2.983258569226e-10
2.783184187504e-10
2.583109805783e-10
2.383035424061e-10
2.186218703717e-10
2.015245590781e-10
1.869074706616e-10
1.742674123664e-10
1.632286875934e-10
1.535051210392e-10
1.448748937651e-10
1.493294547333e-10
1.557433763437e-10
1.627330001122e-10
1.703794791140e-10
1.787799713041e-10
1.880517897123e-10
1.983379146906e-10
2.098144199061e-10
2.227006348346e-10
2.368337611379e-10
2.403848235610e-10
2.292681570549e-10
2.184878887848e-10
2.086579323005e-10
1.996744102625e-10
1.914325085970e-10
1.838440327491e-10
1.768342392533e-10
1.703393655348e-10
1.643046847877e-10
1.586829601698e-10
1.604183388980e-10
1.626079089958e-10
1.648580776464e-10
1.671713958395e-10
1.695505597858e-10
1.719984214008e-10
1.745179997093e-10
1.771124932667e-10
1.797852937056e-10
1.825400005280e-10
1.857659485719e-10
1.895538381143e-10
1.934994181746e-10
1.976127451032e-10
2.019047489168e-10
2.063873302816e-10
2.110734707091e-10
2.159773581129e-10
2.211145302844e-10
2.265020393430e-10
2.320467108008e-10
2.889139463773e-10
2.771743026207e-10
2.654346588642e-10
2.536950151076e-10
2.419553713511e-10
2.302157275945e-10
2.187888474388e-10
2.084062597303e-10
1.989644361048e-10
1.903410546892e-10
1.824341190450e-10
1.834647143870e-10
1.927821370618e-10
2.030965820209e-10
2.145771268368e-10
2.274327602187e-10
2.410146970854e-10
2.545966339522e-10
2.681785708189e-10
2.817605076856e-10
2.953424445524e-10
3.079794243997e-10
3.036071778979e-10
2.992349313960e-10
2.948626848942e-10
2.904904383924e-10
2.861181918905e-10
2.817459453887e-10
2.773736988869e-10
2.730014523850e-10
2.686292058832e-10
2.642569593814e-10
2.629246550095e-10
2.638032176411e-10
2.646817802728e-10
2.655603429044e-10
2.664389055361e-10
2.673174681678e-10
2.681960307994e-10
2.690745934311e-10
2.699531560627e-10
2.708317186944e-10
2.712889084089e-10
2.681644283272e-10
2.650399482455e-10
2.619154681638e-10
2.587909880822e-10
2.556665080005e-10
2.525420279188e-10
2.494175478372e-10
2.462930677555e-10
2.431685876738e-10
2.400441075921e-10
2.418180956786e-10
2.464495235299e-10
2.510809513812e-10
2.557123792324e-10
2.603438070837e-10
2.649752349349e-10
2.696066627862e-10
2.742380906375e-10
2.788695184887e-10
2.835009463400e-10
2.864547904179e-10
2.804615210381e-10
2.744682516582e-10
2.684749822783e-10
2.624817128985e-10
2.564884435186e-10
2.504951741387e-10
2.445019047589e-10
2.385086353790e-10
2.325153659991e-10
2.265233728106e-10
2.213495342511e-10
2.166894186995e-10
2.122214779243e-10
2.079340646687e-10
2.038164542542e-10
1.998587550077e-10
1.960518289259e-10
1.923872212368e-10
1.888570977167e-10
1.854541887839e-10
1.829773574291e-10
1.835699455094e-10
1.841663843569e-10
1.847667116285e-10
1.853709654739e-10
1.859791845434e-10
1.865914079963e-10
1.872076755091e-10
1.878280272845e-10
1.884525040596e-10
1.890811471151e-10
1.951967166022e-10
2.038959413858e-10
2.134067214467e-10
2.238481788983e-10
2.350710478572e-10
2.463400305861e-10
2.576090133150e-10
2.688779960439e-10
2.801469787728e-10
2.914159615017e-10
2.970979096721e-10
2.871361610785e-10
2.771744124849e-10
2.672126638914e-10
2.572509152978e-10
2.472891667042e-10
2.373274181106e-10
2.273656695170e-10
2.177978914129e-10
2.090024940096e-10
2.008898971948e-10
2.046350419810e-10
2.118721772374e-10
2.196399779663e-10
2.279951734297e-10
2.366011072984e-10
2.452070411671e-10
2.538129750358e-10
2.624189089045e-10
2.710248427733e-10
2.796307766420e-10
2.862872686186e-10
2.887199698289e-10
2.911526710393e-10
2.935853722496e-10
2.960180734600e-10
2.984507746703e-10
3.008834758807e-10
3.033161770910e-10
3.057488783014e-10
3.081815795117e-10
3.106142807220e-10
3.117087256163e-10
3.125522474514e-10
3.133957692864e-10
3.142392911215e-10
3.150828129565e-10
3.159263347915e-10
3.167698566266e-10
3.176133784616e-10
3.184569002966e-10
3.193004221317e-10
3.118897164043e-10
2.903289062841e-10
2.687680961639e-10
2.472072860437e-10
2.256552339465e-10
2.061968297572e-10
1.898278456138e-10
1.758666314437e-10
1.638183315518e-10
1.533150023469e-10
1.440773784354e-10
1.482910067750e-10
1.544669181871e-10
1.611796041293e-10
1.685022239039e-10
1.765218644941e-10
1.853430205368e-10
1.950921725868e-10
2.059238905205e-10
2.180290896643e-10
2.315556159951e-10
2.352602616952e-10
2.249648929421e-10
2.152756588785e-10
2.063865919199e-10
1.982025021704e-10
1.906427225504e-10
1.836384409293e-10
1.771305995274e-10
1.710682256802e-10
1.654070940420e-10
1.601086459094e-10
1.612462972012e-10
1.627587309095e-10
1.642998054541e-10
1.658703421657e-10
1.674711940822e-10
1.691032474939e-10
1.707674235798e-10
1.724646801411e-10
1.741960134397e-10
1.759624601482e-10
1.785368653249e-10
1.820790871764e-10
1.857647115390e-10
1.896026265374e-10
1.936024703095e-10
1.977747118223e-10
2.021307423675e-10
2.066829794218e-10
2.114449848632e-10
2.164315999167e-10
2.216590996553e-10
3.004146188719e-10
2.867788281469e-10
2.731430374218e-10
2.595072466968e-10
2.458714559718e-10
2.322356652468e-10
2.189038430535e-10
2.069237861729e-10
1.961869668061e-10
1.865094047159e-10
1.777417148461e-10
1.785111159896e-10
1.880482104764e-10
1.986618748459e-10
2.105453017709e-10
2.239408500037e-10
2.385449893231e-10
2.531926025883e-10
2.678402158536e-10
2.824878291188e-10
2.971354423841e-10
3.107782635676e-10
3.063348272803e-10
3.018913909931e-10
2.974479547059e-10
2.930045184186e-10
2.885610821314e-10
2.841176458442e-10
2.796742095569e-10
2.752307732697e-10
2.707873369825e-10
2.663439006952e-10
2.645718262103e-10
2.647425603090e-10
2.649132944076e-10
2.650840285063e-10
2.652547626049e-10
2.654254967035e-10
2.655962308022e-10
2.657669649008e-10
2.659376989995e-10
2.661084330981e-10
2.660411823843e-10
2.639510607649e-10
2.618609391455e-10
2.597708175261e-10
2.576806959066e-10
2.555905742872e-10
2.535004526678e-10
2.514103310484e-10
2.493202094290e-10
2.472300878096e-10
2.451399661901e-10
2.467791284047e-10
2.505937061889e-10
2.544082839732e-10
2.582228617575e-10
2.620374395418e-10
2.658520173261e-10
2.696665951104e-10
2.734811728947e-10
2.772957506790e-10
2.811103284633e-10
2.835092686110e-10
2.783581413636e-10
2.732070141162e-10
2.680558868688e-10
2.629047596214e-10
2.577536323739e-10
2.526025051265e-10
2.474513778791e-10
2.423002506317e-10
2.371491233843e-10
2.319979961369e-10
2.265869698940e-10
2.212083957606e-10
2.160792471170e-10
2.111825668946e-10
2.065029010546e-10
2.020261356674e-10
1.977393547338e-10
1.936307157321e-10
1.896893403642e-10
1.859052183786e-10
1.831599142122e-10
1.838142739094e-10
1.844733259199e-10
1.851371208970e-10
1.858057102258e-10
1.864791460364e-10
1.871574812174e-10
1.878407694297e-10
1.885290651208e-10
1.892224235391e-10
1.899209007487e-10
1.969357939969e-10
2.070306571183e-10
2.182163546832e-10
2.306230272555e-10
2.433881902704e-10
2.561533532853e-10
2.689185163002e-10
2.816836793151e-10
2.944488423300e-10
3.072140053449e-10
3.131434645979e-10
2.999329533173e-10
2.867224420368e-10
2.735119307563e-10
2.603014194758e-10
2.470909081952e-10
2.338803969147e-10
2.208448545084e-10
2.090170696457e-10
1.983918025791e-10
1.887945367797e-10
1.930284910413e-10
2.014061769263e-10
2.105440611839e-10
2.205505330546e-10
2.314683742656e-10
2.425784014316e-10
2.536884285976e-10
2.647984557637e-10
2.759084829297e-10
2.870185100957e-10
2.948652258720e-10
2.956414336373e-10
2.964176414026e-10
2.971938491679e-10
2.979700569332e-10
2.987462646985e-10
2.995224724638e-10
3.002986802291e-10
3.010748879943e-10
3.018510957596e-10
3.026273035249e-10
3.052599703465e-10
3.082407232412e-10
3.112214761359e-10
3.142022290306e-10
3.171829819252e-10
3.201637348199e-10
3.231444877146e-10
3.261252406093e-10
3.291059935040e-10
3.320867463986e-10
3.254535758859e-10
3.023393938177e-10
2.792252117496e-10
2.561110296814e-10
2.329968476132e-10
2.110908922526e-10
1.928409291316e-10
1.774954738304e-10
1.644122509902e-10
1.531253540025e-10
1.432885954484e-10
1.472669019597e-10
1.532112134013e-10
1.596555841524e-10
1.666658853771e-10
1.743200888870e-10
1.827111795323e-10
1.919509512758e-10
2.021750164306e-10
2.135495058348e-10
2.262801655938e-10
2.301356998294e-10
2.208000997763e-10
2.121565134598e-10
2.041641682882e-10
1.967521357446e-10
1.898594265105e-10
1.834333084204e-10
1.774279548221e-10
1.718033500261e-10
1.665243965466e-10
1.615601820250e-10
1.620828464351e-10
1.629098328633e-10
1.637453015452e-10
1.645893836549e-10
1.654422130854e-10
1.663039265191e-10
1.671746635010e-10
1.680545665142e-10
1.689437810572e-10
1.698424557246e-10
1.718493467399e-10
1.751714813605e-10
1.786245927924e-10
1.822165825350e-10
1.859560007005e-10
1.898521139621e-10
1.939149822268e-10
1.981555453681e-10
2.025857215931e-10
2.072185193071e-10
2.120681646862e-10
3.119152913665e-10
2.963833536730e-10
2.808514159795e-10
2.653194782860e-10
2.497875405926e-10
2.342556028991e-10
2.190189596153e-10
2.054622544528e-10
1.934859747836e-10
1.828289762188e-10
1.732846450806e-10
1.738179820526e-10
1.835412027604e-10
1.944166969492e-10
2.066621953482e-10
2.205539718881e-10
2.360752815608e-10
2.517885712245e-10
2.675018608882e-10
2.832151505520e-10
2.989284402157e-10
3.135771027355e-10
3.090624766628e-10
3.045478505902e-10
3.000332245175e-10
2.955185984449e-10
2.910039723723e-10
2.864893462996e-10
2.819747202270e-10
2.774600941544e-10
2.729454680817e-10
2.684308420091e-10
2.662189974112e-10
2.656819029769e-10
2.651448085425e-10
2.646077141081e-10
2.640706196737e-10
2.635335252393e-10
2.629964308049e-10
2.624593363706e-10
2.619222419362e-10
2.613851475018e-10
2.607934563598e-10
2.597376932026e-10
2.586819300454e-10
2.576261668883e-10
2.565704037311e-10
2.555146405740e-10
2.544588774168e-10
2.534031142596e-10
2.523473511025e-10
2.512915879453e-10
2.502358247882e-10
2.517401611307e-10
2.547378888480e-10
2.577356165653e-10
2.607333442826e-10
2.637310720000e-10
2.667287997173e-10
2.697265274346e-10
2.727242551519e-10
2.757219828693e-10
2.787197105866e-10
2.805637468041e-10
2.762547616891e-10
2.719457765742e-10
2.676367914592e-10
2.633278063443e-10
2.590188212293e-10
2.547098361143e-10
2.504008509994e-10
2.460918658844e-10
2.417828807695e-10
2.374738956545e-10
2.319697964594e-10
2.259198704526e-10
2.200798663600e-10
2.145341810995e-10
2.092611123471e-10
2.042410402914e-10
1.994561836936e-10
1.948903894512e-10
1.905289504187e-10
1.863584471541e-10
1.833428356335e-10
1.840592535699e-10
1.847812923214e-10
1.855090182975e-10
1.862424989580e-10
1.869818028339e-10
1.877269995487e-10
1.884781598403e-10
1.892353555831e-10
1.899986598114e-10
1.907681467425e-10
1.987061380835e-10
2.102632646890e-10
2.232477798159e-10
2.374439893827e-10
2.517053326836e-10
2.659666759845e-10
2.802280192854e-10
2.944893625863e-10
3.087507058872e-10
3.230120491881e-10
3.291890195237e-10
3.127297455562e-10
2.962704715887e-10
2.798111976212e-10
2.633519236537e-10
2.468926496863e-10
2.304333757188e-10
2.146872786052e-10
2.009168310615e-10
1.888064300283e-10
1.780729591815e-10
1.826678800976e-10
1.919254969386e-10
2.021715612679e-10
2.135733076987e-10
2.263379513130e-10
2.399497616961e-10
2.535638821594e-10
2.671780026228e-10
2.807921230861e-10
2.944062435494e-10
3.034431831255e-10
3.025628974457e-10
3.016826117659e-10
3.008023260862e-10
2.999220404064e-10
2.990417547266e-10
2.981614690469e-10
2.972811833671e-10
2.964008976873e-10
2.955206120076e-10
2.946403263278e-10
2.988112150767e-10
3.039291990310e-10
3.090471829854e-10
3.141651669397e-10
3.192831508940e-10
3.244011348483e-10
3.295191188026e-10
3.346371027570e-10
3.397550867113e-10
3.448730706656e-10
3.390174353676e-10
3.143498813514e-10
2.896823273352e-10
2.650147733190e-10
2.403472193028e-10
2.162229231380e-10
1.959512070272e-10
1.791547703170e-10
1.650104925799e-10
1.529361742628e-10
1.425084021637e-10
1.462568451621e-10
1.519757599378e-10
1.581601146999e-10
1.648691402240e-10
1.721725625759e-10
1.801530354788e-10
1.889092820243e-10
1.985601993983e-10
2.092502895476e-10
2.211569439270e-10
2.250294788718e-10
2.167867099699e-10
2.091264641913e-10
2.019890979963e-10
1.953228415205e-10
1.890825408081e-10
1.832286336848e-10
1.777263101569e-10
1.725448196777e-10
1.676568961595e-10
1.630382780231e-10
1.629281210068e-10
1.630612156380e-10
1.631945278947e-10
1.633280583112e-10
1.634618074235e-10
1.635957757692e-10
1.637299638878e-10
1.638643723206e-10
1.639990016105e-10
1.641338523025e-10
1.656447333090e-10
1.687688319238e-10
1.720130382673e-10
1.753844145079e-10
1.788905875433e-10
1.825398066006e-10
1.863410080334e-10
1.903038883864e-10
1.944389869860e-10
1.987577795382e-10
2.032727844830e-10
3.190481679800e-10
3.022423398703e-10
2.854365117607e-10
2.686306836510e-10
2.518248555414e-10
2.350190274317e-10
2.185450405946e-10
2.040115361045e-10
1.912904914672e-10
1.800627615509e-10
1.700799756027e-10
1.704309830938e-10
1.801444983240e-10
1.910321532341e-10
2.033205317668e-10
2.172985271516e-10
2.331713624803e-10
2.494827957120e-10
2.657942289437e-10
2.821056621754e-10
2.984170954070e-10
3.136358811498e-10
3.091870120915e-10
3.047381430332e-10
3.002892739749e-10
2.958404049166e-10
2.913915358583e-10
2.869426668000e-10
2.824937977418e-10
2.780449286835e-10
2.735960596252e-10
2.691471905669e-10
2.666931971183e-10
2.656900222950e-10
2.646868474717e-10
2.636836726483e-10
2.626804978250e-10
2.616773230017e-10
2.606741481784e-10
2.596709733550e-10
2.586677985317e-10
2.576646237084e-10
2.567205195747e-10
2.562785163029e-10
2.558365130312e-10
2.553945097594e-10
2.549525064876e-10
2.545105032159e-10
2.540684999441e-10
2.536264966724e-10
2.531844934006e-10
2.527424901288e-10
2.523004868571e-10
2.536078822402e-10
2.559357601721e-10
2.582636381040e-10
2.605915160359e-10
2.629193939679e-10
2.652472718998e-10
2.675751498317e-10
2.699030277636e-10
2.722309056955e-10
2.745587836274e-10
2.759875671469e-10
2.726211804674e-10
2.692547937879e-10
2.658884071083e-10
2.625220204288e-10
2.591556337492e-10
2.557892470697e-10
2.524228603902e-10
2.490564737106e-10
2.456900870311e-10
2.423237003516e-10
2.368314952834e-10
2.303581432667e-10
2.239286093603e-10
2.178048090232e-10
2.120070294449e-10
2.065099105006e-10
2.012906558353e-10
1.963287168709e-10
1.916055224256e-10
1.871042464453e-10
1.838597901102e-10
1.846356617445e-10
1.854181093447e-10
1.862072168691e-10
1.870030697117e-10
1.878057547327e-10
1.886153602897e-10
1.894319762709e-10
1.902556941277e-10
1.910866069092e-10
1.919248092971e-10
2.006201925993e-10
2.133915478830e-10
2.278964011685e-10
2.432768985285e-10
2.586573958884e-10
2.740378932483e-10
2.894183906082e-10
3.047988879681e-10
3.201793853280e-10
3.355598826879e-10
3.418682799876e-10
3.227747971189e-10
3.036813142502e-10
2.845878313815e-10
2.654943485128e-10
2.464008656440e-10
2.273073827753e-10
2.096584013761e-10
1.945524242384e-10
1.814769338424e-10
1.700483168873e-10
1.748352372046e-10
1.846051604265e-10
1.955316125092e-10
2.078328716278e-10
2.217858328046e-10
2.372667921946e-10
2.528732231807e-10
2.684796541667e-10
2.840860851528e-10
2.996925161388e-10
3.096758905339e-10
3.074759756484e-10
3.052760607630e-10
3.030761458776e-10
3.008762309922e-10
2.986763161068e-10
2.964764012214e-10
2.942764863359e-10
2.920765714505e-10
2.898766565651e-10
2.876767416797e-10
2.929968451633e-10
2.997269520910e-10
3.064570590187e-10
3.131871659465e-10
3.199172728742e-10
3.266473798020e-10
3.333774867297e-10
3.401075936574e-10
3.468377005852e-10
3.535678075129e-10
3.483482626589e-10
3.226436004647e-10
2.969389382706e-10
2.712342760764e-10
2.455296138822e-10
2.200484328279e-10
1.982936957781e-10
1.804534531854e-10
1.655583681943e-10
1.529347469055e-10
1.420998116103e-10
1.456491108905e-10
1.511602849696e-10
1.571049325310e-10
1.635362884835e-10
1.705166768587e-10
1.781195371028e-10
1.864320177473e-10
1.955583318792e-10
2.056241488916e-10
2.167824161540e-10
2.206362526733e-10
2.134391069284e-10
2.066966698192e-10
2.003671688474e-10
1.944137961458e-10
1.888039922062e-10
1.835088501387e-10
1.785026174435e-10
1.737622771684e-10
1.692671940775e-10
1.649988143549e-10
1.643474822348e-10
1.638932689163e-10
1.634415593310e-10
1.629923328340e-10
1.625455690069e-10
1.621012476543e-10
1.616593488012e-10
1.612198526898e-10
1.607827397765e-10
1.603479907292e-10
1.614767869240e-10
1.644177365821e-10
1.674677995492e-10
1.706331629837e-10
1.739204908383e-10
1.773369706903e-10
1.808903662020e-10
1.845890760180e-10
1.884422000382e-10
1.924596141684e-10
1.966520548408e-10
3.028861332277e-10
2.881251163141e-10
2.733640994005e-10
2.586030824869e-10
2.438420655732e-10
2.290810486596e-10
2.149969789143e-10
2.025302292193e-10
1.914300257328e-10
1.814833518804e-10
1.725192775138e-10
1.728636463622e-10
1.816434540898e-10
1.913628427581e-10
2.021811644449e-10
2.142959650658e-10
2.279516497032e-10
2.423677180731e-10
2.567837864431e-10
2.711998548131e-10
2.856159231830e-10
2.990810022118e-10
2.954282730999e-10
2.917755439879e-10
2.881228148760e-10
2.844700857641e-10
2.808173566521e-10
2.771646275402e-10
2.735118984282e-10
2.698591693163e-10
2.662064402044e-10
2.625537110924e-10
2.609115488585e-10
2.607316170813e-10
2.605516853041e-10
2.603717535269e-10
2.601918217497e-10
2.600118899725e-10
2.598319581953e-10
2.596520264181e-10
2.594720946409e-10
2.592921628637e-10
2.589131254003e-10
2.568416896040e-10
2.547702538077e-10
2.526988180114e-10
2.506273822151e-10
2.485559464188e-10
2.464845106225e-10
2.444130748262e-10
2.423416390299e-10
2.402702032336e-10
2.381987674373e-10
2.389779413954e-10
2.414199710435e-10
2.438620006915e-10
2.463040303396e-10
2.487460599877e-10
2.511880896358e-10
2.536301192839e-10
2.560721489319e-10
2.585141785800e-10
2.609562082281e-10
2.627145456220e-10
2.608265243270e-10
2.589385030320e-10
2.570504817370e-10
2.551624604420e-10
2.532744391470e-10
2.513864178520e-10
2.494983965570e-10
2.476103752620e-10
2.457223539670e-10
2.438343326720e-10
2.389085562110e-10
2.325807389041e-10
2.262557875274e-10
2.201425349097e-10
2.143509418173e-10
2.088562719993e-10
2.036362621682e-10
1.986708204976e-10
1.939417681808e-10
1.894326170420e-10
1.861901638342e-10
1.870113520587e-10
1.878398160434e-10
1.886756529137e-10
1.895189615317e-10
1.903698425348e-10
1.912283983760e-10
1.920947333647e-10
1.929689537093e-10
1.938511675605e-10
1.947414850558e-10
2.031804389493e-10
2.154844388967e-10
2.293513468980e-10
2.438401917730e-10
2.583290366480e-10
2.728178815230e-10
2.873067263979e-10
3.017955712729e-10
3.162844161479e-10
3.307732610229e-10
3.365939699888e-10
3.181438984092e-10
2.996938268297e-10
2.812437552502e-10
2.627936836706e-10
2.443436120911e-10
2.258995128478e-10
2.090035925770e-10
1.944592167164e-10
1.818073999398e-10
1.707013092893e-10
1.752591457280e-10
1.845893388489e-10
1.949688064010e-10
2.065850964805e-10
2.196732855873e-10
2.342940639415e-10
2.491632973190e-10
2.640325306966e-10
2.789017640741e-10
2.937709974517e-10
3.034005987687e-10
3.016776639545e-10
2.999547291402e-10
2.982317943260e-10
2.965088595118e-10
2.947859246976e-10
2.930629898834e-10
2.913400550692e-10
2.896171202549e-10
2.878941854407e-10
2.861712506265e-10
2.905658638169e-10
2.961075172582e-10
3.016491706995e-10
3.071908241408e-10
3.127324775821e-10
3.182741310234e-10
3.238157844647e-10
3.293574379060e-10
3.348990913473e-10
3.404407447886e-10
3.351029182679e-10
3.111145546695e-10
2.871261910711e-10
2.631378274727e-10
2.391494638742e-10
2.157537015874e-10
1.960709059081e-10
1.796791245808e-10
1.658166390897e-10
1.539399643389e-10
1.436509171706e-10
1.471368159624e-10
1.525011109729e-10
1.582713472866e-10
1.644954161996e-10
1.712290507456e-10
1.785374992133e-10
1.864976463481e-10
1.952007284813e-10
2.047558460967e-10
2.152945611397e-10
2.191716683965e-10
2.129378396364e-10
2.070488172052e-10
2.014767630372e-10
1.961967572221e-10
1.911864253971e-10
1.864256218081e-10
1.818961585746e-10
1.775815734856e-10
1.734669300770e-10
1.695386448730e-10
1.689283611983e-10
1.684993471291e-10
1.680725066064e-10
1.676478231541e-10
1.672252804619e-10
1.668048623837e-10
1.663865529354e-10
1.659703362926e-10
1.655561967892e-10
1.651441189147e-10
1.661891646187e-10
1.689158722158e-10
1.717335479099e-10
1.746468212261e-10
1.776606412502e-10
1.807803046853e-10
1.840114869174e-10
1.873602764740e-10
1.908332133133e-10
1.944373314544e-10
1.981802065292e-10
2.867240984755e-10
2.740078927579e-10
2.612916870403e-10
2.485754813227e-10
2.358592756051e-10
2.232095282992e-10
2.115622817786e-10
2.010702785045e-10
1.915697637097e-10
1.829265357204e-10
1.750295668969e-10
1.753667609373e-10
1.831675643413e-10
1.916946791591e-10
2.010544955338e-10
2.113752489584e-10
2.228129306210e-10
2.352526404343e-10
2.477733439425e-10
2.602940474508e-10
2.728147509590e-10
2.845261232739e-10
2.816695341083e-10
2.788129449427e-10
2.759563557771e-10
2.730997666115e-10
2.702431774459e-10
2.673865882803e-10
2.645299991147e-10
2.616734099491e-10
2.588168207835e-10
2.559602316179e-10
2.551299005987e-10
2.557732118676e-10
2.564165231365e-10
2.570598344055e-10
2.577031456744e-10
2.583464569433e-10
2.589897682123e-10
2.596330794812e-10
2.602763907501e-10
2.609197020191e-10
2.611057312259e-10
2.574048629051e-10
2.537039945843e-10
2.500031262634e-10
2.463022579426e-10
2.426013896218e-10
2.389005213010e-10
2.351996529801e-10
2.314987846593e-10
2.277979163385e-10
2.241352406211e-10
2.243800345767e-10
2.269042902020e-10
2.294603632790e-10
2.320165446433e-10
2.345727260075e-10
2.371289073718e-10
2.396850887361e-10
2.422412701003e-10
2.447974514646e-10
2.473536328288e-10
2.494415240971e-10
2.490318681866e-10
2.486222122761e-10
2.482125563657e-10
2.478029004552e-10
2.473932445447e-10
2.469835886343e-10
2.465739327238e-10
2.461642768133e-10
2.457546209029e-10
2.453449649924e-10
2.409856171385e-10
2.348033345416e-10
2.286210519446e-10
2.225309874524e-10
2.167472613588e-10
2.112565648908e-10
2.060371789407e-10
2.010694790516e-10
1.963356888459e-10
1.918196674811e-10
1.885803696427e-10
1.894489748359e-10
1.903256186833e-10
1.912104132963e-10
1.921034728808e-10
1.930049137864e-10
1.939148545567e-10
1.948334159816e-10
1.957607211506e-10
1.966968955075e-10
1.976420669076e-10
2.058068759804e-10
2.176187896419e-10
2.308062926275e-10
2.444034850175e-10
2.580006774076e-10
2.715978697976e-10
2.851950621877e-10
2.987922545777e-10
3.123894469678e-10
3.259866393578e-10
3.313196599899e-10
3.135129996995e-10
2.957063394092e-10
2.778996791188e-10
2.600930188285e-10
2.422863585381e-10
2.245087143673e-10
2.083528612636e-10
1.943660984607e-10
1.821390717779e-10
1.713593360579e-10
1.756851148794e-10
1.845735199831e-10
1.944092308867e-10
2.053522145607e-10
2.176006033815e-10
2.313213356883e-10
2.454533714573e-10
2.595854072264e-10
2.737174429955e-10
2.878494787646e-10
2.971253070035e-10
2.958793522605e-10
2.946333975175e-10
2.933874427744e-10
2.921414880314e-10
2.908955332884e-10
2.896495785454e-10
2.884036238024e-10
2.871576690593e-10
2.859117143163e-10
2.846657595733e-10
2.881348824706e-10
2.924880824255e-10
2.968412823803e-10
3.011944823352e-10
3.055476822901e-10
3.099008822449e-10
3.142540821998e-10
3.186072821547e-10
3.229604821095e-10
3.273136820644e-10
3.218575738770e-10
2.995855088743e-10
2.773134438716e-10
2.550413788689e-10
2.327693138662e-10
2.116234034064e-10
1.938973967223e-10
1.789114128953e-10
1.660757170489e-10
1.549584834932e-10
1.452362589546e-10
1.486552264283e-10
1.538659367207e-10
1.594552115269e-10
1.654658607079e-10
1.719474018256e-10
1.789574274552e-10
1.865633211708e-10
1.948444305432e-10
2.038948457455e-10
2.138269902670e-10
2.177263997345e-10
2.124389213062e-10
2.074021665401e-10
2.025987150935e-10
1.980127239199e-10
1.936297527029e-10
1.894366119729e-10
1.854212305394e-10
1.815725394333e-10
1.778803700090e-10
1.743353642312e-10
1.737719290048e-10
1.733718115642e-10
1.729735324666e-10
1.725770790713e-10
1.721824388538e-10
1.717895994034e-10
1.713985484229e-10
1.710092737263e-10
1.706217632385e-10
1.702360049934e-10
1.711848528384e-10
1.736670503041e-10
1.762222911282e-10
1.788538476161e-10
1.815651905001e-10
1.843600042107e-10
1.872422035812e-10
1.902159521438e-10
1.932856821973e-10
1.964561168495e-10
1.997322942658e-10
2.705620637233e-10
2.598906692017e-10
2.492192746801e-10
2.385478801585e-10
2.278764856369e-10
2.176151070850e-10
2.082356014344e-10
1.996312254240e-10
1.917097058444e-10
1.843928563928e-10
1.776139882757e-10
1.779434322512e-10
1.847174676256e-10
1.920276684137e-10
1.999403139215e-10
2.085330773028e-10
2.178975838531e-10
2.281375627954e-10
2.387629014420e-10
2.493882400885e-10
2.600135787350e-10
2.699712443359e-10
2.679107951167e-10
2.658503458974e-10
2.637898966782e-10
2.617294474589e-10
2.596689982397e-10
2.576085490205e-10
2.555480998012e-10
2.534876505820e-10
2.514272013627e-10
2.493667521435e-10
2.493482523388e-10
2.508148066539e-10
2.522813609690e-10
2.537479152840e-10
2.552144695991e-10
2.566810239142e-10
2.581475782292e-10
2.596141325443e-10
2.610806868594e-10
2.625472411744e-10
2.632983370515e-10
2.579680362062e-10
2.526377353608e-10
2.473074345155e-10
2.419771336701e-10
2.366468328247e-10
2.313165319794e-10
2.259912948556e-10
2.208316535958e-10
2.159023544526e-10
2.111883094510e-10
2.109487227698e-10
2.132789869299e-10
2.156613091016e-10
2.180974534514e-10
2.205892647700e-10
2.231386731309e-10
2.257476988764e-10
2.284103912687e-10
2.310807243491e-10
2.337510574295e-10
2.361685025721e-10
2.372372120462e-10
2.383059215203e-10
2.393746309943e-10
2.404433404684e-10
2.415120499425e-10
2.425807594165e-10
2.436494688906e-10
2.447181783647e-10
2.457868878388e-10
2.468555973128e-10
2.430626780661e-10
2.370259301790e-10
2.309891822919e-10
2.249718358490e-10
2.191977655864e-10
2.137126702223e-10
2.084953858610e-10
2.035267660204e-10
1.987894468437e-10
1.942676443554e-10
1.910327417746e-10
1.919509838595e-10
1.928780960572e-10
1.938142075179e-10
1.947594499112e-10
1.957139574881e-10
1.966778671443e-10
1.976513184856e-10
1.986344538958e-10
1.996274186055e-10
2.006303607638e-10
2.085021041741e-10
2.197958444061e-10
2.322612383569e-10
2.449667782621e-10
2.576723181672e-10
2.703778580723e-10
2.830833979774e-10
2.957889378826e-10
3.084944777877e-10
3.212000176928e-10
3.260453499910e-10
3.088821009899e-10
2.917188519887e-10
2.745556029875e-10
2.573923539863e-10
2.402291049852e-10
2.231349365895e-10
2.077061694686e-10
1.942730693430e-10
1.824719559677e-10
1.720224556384e-10
1.761131597206e-10
1.845577038283e-10
1.938528582297e-10
2.041339608057e-10
2.155666683201e-10
2.283486074351e-10
2.417434455957e-10
2.551382837563e-10
2.685331219168e-10
2.819279600774e-10
2.908500152383e-10
2.900810405665e-10
2.893120658947e-10
2.885430912228e-10
2.877741165510e-10
2.870051418792e-10
2.862361672074e-10
2.854671925356e-10
2.846982178637e-10
2.839292431919e-10
2.831602685201e-10
2.857039011243e-10
2.888686475927e-10
2.920333940611e-10
2.951981405296e-10
2.983628869980e-10
3.015276334664e-10
3.046923799348e-10
3.078571264033e-10
3.110218728717e-10
3.141866193401e-10
3.086122294860e-10
2.880564630791e-10
2.675006966721e-10
2.469449302652e-10
2.263911460882e-10
2.076482721597e-10
1.917715473122e-10
1.781502336739e-10
1.663356058607e-10
1.559905701528e-10
1.468569831112e-10
1.502053028136e-10
1.552554123972e-10
1.606569197673e-10
1.664478234881e-10
1.726718056434e-10
1.793793357346e-10
1.866290422643e-10
1.944894309295e-10
2.030410561031e-10
2.123792915393e-10
2.163000670757e-10
2.119423354656e-10
2.077567239881e-10
2.037332326222e-10
1.998626212857e-10
1.961363389928e-10
1.925464607915e-10
1.890856315020e-10
1.857470154156e-10
1.825242512294e-10
1.794114115934e-10
1.789014483441e-10
1.785344594862e-10
1.781689731886e-10
1.778049802423e-10
1.774424715133e-10
1.770814379422e-10
1.767218705428e-10
1.763637604020e-10
1.760070986788e-10
1.756518766033e-10
1.764901925569e-10
1.786932411574e-10
1.809519843205e-10
1.832685610790e-10
1.856452214228e-10
1.880843335885e-10
1.905883919308e-10
1.931600254308e-10
1.958020069031e-10
1.985172629688e-10
2.013088848697e-10
2.544000289711e-10
2.457734456455e-10
2.371468623199e-10
2.285202789943e-10
2.201130151163e-10
2.122942611197e-10
2.050119212816e-10
1.982126244753e-10
1.918498525846e-10
1.858828747812e-10
1.802758746807e-10
1.805969509709e-10
1.862938242864e-10
1.923618165403e-10
1.988384131499e-10
2.057663237872e-10
2.131944253486e-10
2.211789168201e-10
2.297524589414e-10
2.384824327262e-10
2.472124065110e-10
2.554163653980e-10
2.541520561251e-10
2.528877468522e-10
2.516234375793e-10
2.503591283064e-10
2.490948190335e-10
2.478305097606e-10
2.465662004877e-10
2.453018912148e-10
2.440375819419e-10
2.427732726690e-10
2.435666040790e-10
2.458564014402e-10
2.481461988014e-10
2.504359961626e-10
2.527257935238e-10
2.550155908850e-10
2.573053882462e-10
2.595951856074e-10
2.618849829686e-10
2.641747803298e-10
2.654909428772e-10
2.585312095073e-10
2.515714761374e-10
2.446117427675e-10
2.376520093976e-10
2.306922760277e-10
2.237806303523e-10
2.172187668939e-10
2.110307645616e-10
2.051855573289e-10
1.996554283164e-10
1.990345811029e-10
2.011973514168e-10
2.034076407270e-10
2.056670325144e-10
2.079771814054e-10
2.103398172129e-10
2.127567492566e-10
2.152298709833e-10
2.177611649143e-10
2.203527079458e-10
2.229705238422e-10
2.254540107759e-10
2.279896307644e-10
2.305367056230e-10
2.330837804816e-10
2.356308553402e-10
2.381779301988e-10
2.407250050574e-10
2.432720799160e-10
2.458191547746e-10
2.483662296333e-10
2.451397389937e-10
2.392485258164e-10
2.333573126392e-10
2.274660994620e-10
2.217043133217e-10
2.162265575473e-10
2.110129582571e-10
2.060448575066e-10
2.013053140673e-10
1.967789104231e-10
1.935497374897e-10
1.945199642739e-10
1.954999671761e-10
1.964898947025e-10
1.974898983824e-10
1.985001328457e-10
1.995207559023e-10
2.005519286249e-10
2.015938154329e-10
2.026465841806e-10
2.037104062469e-10
2.112688620422e-10
2.220168977711e-10
2.337161840864e-10
2.455300715066e-10
2.573439589268e-10
2.691578463470e-10
2.809717337672e-10
2.927856211874e-10
3.045995086076e-10
3.164133960278e-10
3.207710399922e-10
3.042512022802e-10
2.877313645682e-10
2.712115268562e-10
2.546916891442e-10
2.381718514322e-10
2.217778689636e-10
2.070634796944e-10
1.941801292354e-10
1.828060591687e-10
1.726907273844e-10
1.765432954605e-10
1.845418903839e-10
1.932996610101e-10
2.029300764059e-10
2.135704039445e-10
2.253882936859e-10
2.380335197340e-10
2.506911602861e-10
2.633488008382e-10
2.760064413903e-10
2.845747234731e-10
2.842827288725e-10
2.839907342719e-10
2.836987396713e-10
2.834067450706e-10
2.831147504700e-10
2.828227558694e-10
2.825307612688e-10
2.822387666681e-10
2.819467720675e-10
2.816547774669e-10
2.832729197779e-10
2.852492127599e-10
2.872255057419e-10
2.892017987239e-10
2.911780917059e-10
2.931543846879e-10
2.951306776699e-10
2.971069706519e-10
2.990832636339e-10
3.010595566159e-10
2.953668850951e-10
2.765274172839e-10
2.576879494726e-10
2.388484816614e-10
2.202214372253e-10
2.038197251043e-10
1.896918070836e-10
1.773955038924e-10
1.665963093377e-10
1.570364972309e-10
1.485142875278e-10
1.517880461286e-10
1.566702118861e-10
1.618768785067e-10
1.674415108311e-10
1.734023390221e-10
1.798032380888e-10
1.866948096776e-10
1.941357225564e-10
2.021943869648e-10
2.109510640427e-10
2.148923006909e-10
2.114480657957e-10
2.081124957557e-10
2.048805279054e-10
2.017474092608e-10
1.987086731975e-10
1.957601182042e-10
1.928977885015e-10
1.901179563353e-10
1.874171057803e-10
1.847919179040e-10
1.843430121888e-10
1.840140096860e-10
1.836861794523e-10
1.833595152335e-10
1.830340108197e-10
1.827096600452e-10
1.823864567877e-10
1.820643949684e-10
1.817434685512e-10
1.814236715424e-10
1.821348946114e-10
1.840190343084e-10
1.859425633816e-10
1.879067300761e-10
1.899128359425e-10
1.919622387130e-10
1.940563553658e-10
1.961966653923e-10
1.983847142829e-10
2.006221172489e-10
2.029105631989e-10
2.382379942188e-10
2.316562220893e-10
2.250916801937e-10
2.188042554496e-10
2.128585358040e-10
2.072274020184e-10
2.018865306307e-10
1.968140427296e-10
1.919902043795e-10
1.873971700459e-10
1.830187619901e-10
1.833308070181e-10
1.878973174029e-10
1.926971295990e-10
1.977485912874e-10
2.030720258434e-10
2.086900056236e-10
2.146276719075e-10
2.209131110557e-10
2.275766253639e-10
2.344112342870e-10
2.408614864600e-10
2.403933171335e-10
2.399251478069e-10
2.394569784804e-10
2.389888091538e-10
2.385206398273e-10
2.380524705007e-10
2.375843011742e-10
2.371161318476e-10
2.366479625211e-10
2.361797931945e-10
2.377849558192e-10
2.408979962265e-10
2.440110366338e-10
2.471240770411e-10
2.502371174485e-10
2.533501578558e-10
2.564631982631e-10
2.595762386705e-10
2.626892790778e-10
2.658023194851e-10
2.676835487028e-10
2.590943828084e-10
2.505052169139e-10
2.419160510195e-10
2.333268851251e-10
2.247612510197e-10
2.166489551644e-10
2.091018531229e-10
2.020628666114e-10
1.954823527440e-10
1.893169314873e-10
1.883942880157e-10
1.904111144971e-10
1.924715899158e-10
1.945771467737e-10
1.967292809502e-10
1.989295552458e-10
2.011796031671e-10
2.034811329709e-10
2.058359319898e-10
2.082458712612e-10
2.108662411022e-10
2.143960564211e-10
2.180460589780e-10
2.218224934982e-10
2.257320449520e-10
2.297496607380e-10
2.337751009811e-10
2.378005412242e-10
2.418259814674e-10
2.458514217105e-10
2.498768619537e-10
2.472167999212e-10
2.414711214539e-10
2.357254429865e-10
2.299797645192e-10
2.242688493927e-10
2.188002901933e-10
2.135920729200e-10
2.086260386554e-10
2.038856788957e-10
1.993559522144e-10
1.961339452819e-10
1.971586414942e-10
1.981941009310e-10
1.992404940702e-10
2.002979950089e-10
2.013667815600e-10
2.024470353524e-10
2.035389419331e-10
2.046426908739e-10
2.057584758813e-10
2.068864949093e-10
2.141100354081e-10
2.242832971803e-10
2.351711298159e-10
2.460933647511e-10
2.570155996864e-10
2.679378346217e-10
2.788600695569e-10
2.897823044922e-10
3.007045394275e-10
3.116267743628e-10
3.154967299933e-10
2.996203035705e-10
2.837438771477e-10
2.678674507249e-10
2.519910243021e-10
2.361145978792e-10
2.204372084481e-10
2.064247549061e-10
1.940872780103e-10
1.831413880891e-10
1.733642115754e-10
1.769755374569e-10
1.845260796491e-10
1.927496121201e-10
2.017403086211e-10
2.116107733043e-10
2.224967813481e-10
2.343235938723e-10
2.462440368160e-10
2.581644797596e-10
2.700849227032e-10
2.782994317079e-10
2.784844171785e-10
2.786694026491e-10
2.788543881197e-10
2.790393735902e-10
2.792243590608e-10
2.794093445314e-10
2.795943300020e-10
2.797793154725e-10
2.799643009431e-10
2.801492864137e-10
2.808419384316e-10
2.816297779272e-10
2.824176174227e-10
2.832054569183e-10
2.839932964138e-10
2.847811359094e-10
2.855689754049e-10
2.863568149005e-10
2.871446543960e-10
2.879324938916e-10
2.821215407041e-10
2.649983714886e-10
2.478752022732e-10
2.307520330577e-10
2.143790861843e-10
2.001298010205e-10
1.876566919847e-10
1.766471419281e-10
1.668578313164e-10
1.580965450095e-10
1.502094247819e-10
1.534045000244e-10
1.581110338610e-10
1.631155066853e-10
1.684471339839e-10
1.741390800902e-10
1.802291486884e-10
1.867606234597e-10
1.937832983919e-10
2.013547496243e-10
2.095419175756e-10
2.135027404145e-10
2.109560961297e-10
2.084694880919e-10
2.060408180339e-10
2.036680843416e-10
2.013493765524e-10
1.990828702248e-10
1.968668221508e-10
1.946995658847e-10
1.925795075633e-10
1.905051219975e-10
1.901259877341e-10
1.898405650130e-10
1.895559979772e-10
1.892722827846e-10
1.889894156160e-10
1.887073926749e-10
1.884262101874e-10
1.881458644023e-10
1.878663515905e-10
1.875876680450e-10
1.881525964003e-10
1.896720408206e-10
1.912162258759e-10
1.927857607922e-10
1.943812749632e-10
1.960034187925e-10
1.976528645772e-10
1.993303074372e-10
2.010364662914e-10
2.027720848859e-10
2.045379328741e-10
2.221830547219e-10
2.179222435774e-10
2.138217769098e-10
2.098727706660e-10
2.060669851985e-10
2.023967678787e-10
1.988550017351e-10
1.954350593917e-10
1.921307616793e-10
1.889363403751e-10
1.858464045993e-10
1.861487048828e-10
1.895286537764e-10
1.930336136924e-10
1.966706508052e-10
2.004473740644e-10
2.043719883303e-10
2.084533538770e-10
2.127010531690e-10
2.171254659738e-10
2.217378540467e-10
2.263091059037e-10
2.266353776172e-10
2.269625914662e-10
2.272905193815e-10
2.276184900013e-10
2.279464606211e-10
2.282744312409e-10
2.286024018607e-10
2.289303724805e-10
2.292583431003e-10
2.295863137201e-10
2.320033075593e-10
2.359395910128e-10
2.398758744663e-10
2.438121579197e-10
2.477484413732e-10
2.516847248266e-10
2.556210082801e-10
2.595572917335e-10
2.634935751870e-10
2.674298586405e-10
2.698761545284e-10
2.596575561094e-10
2.494389576905e-10
2.392203592715e-10
2.290017608525e-10
2.190743309112e-10
2.099578003799e-10
2.015697050576e-10
1.938260930484e-10
1.866554357637e-10
1.799964118840e-10
1.788339129436e-10
1.807225371444e-10
1.826514777775e-10
1.846220397218e-10
1.866355847820e-10
1.886935348270e-10
1.907973751381e-10
1.929486579842e-10
1.951490064412e-10
1.974001184761e-10
2.000084863315e-10
2.043721161758e-10
2.089303973465e-10
2.136966513759e-10
2.186854437717e-10
2.239127326927e-10
2.293722717634e-10
2.348760773911e-10
2.403798830187e-10
2.458836886464e-10
2.513874942741e-10
2.492938608488e-10
2.436937170913e-10
2.380935733339e-10
2.324934295764e-10
2.268934096669e-10
2.214360309100e-10
2.162350143811e-10
2.112727105713e-10
2.065330537566e-10
2.020013882435e-10
1.987880937584e-10
1.998698908509e-10
2.009635265644e-10
2.020691963015e-10
2.031870997890e-10
2.043174411980e-10
2.054604292685e-10
2.066162774373e-10
2.077852039715e-10
2.089674321058e-10
2.101631901843e-10
2.170286674470e-10
2.265964456647e-10
2.366260755453e-10
2.466566579957e-10
2.566872404460e-10
2.667178228964e-10
2.767484053467e-10
2.867789877970e-10
2.968095702474e-10
3.068401526977e-10
3.102224199944e-10
2.949894048608e-10
2.797563897272e-10
2.645233745935e-10
2.492903594599e-10
2.340573443263e-10
2.191126592849e-10
2.057899585244e-10
1.939945155402e-10
1.834779494865e-10
1.740429694348e-10
1.774099012183e-10
1.845102716233e-10
1.922026847594e-10
2.005644106037e-10
2.096867771616e-10
2.196785198489e-10
2.306136680107e-10
2.417969133458e-10
2.529801586809e-10
2.641634040161e-10
2.720241399428e-10
2.726861054845e-10
2.733480710263e-10
2.740100365681e-10
2.746720021099e-10
2.753339676516e-10
2.759959331934e-10
2.766578987352e-10
2.773198642770e-10
2.779818298187e-10
2.786437953605e-10
2.784109570853e-10
2.780103430944e-10
2.776097291035e-10
2.772091151126e-10
2.768085011218e-10
2.764078871309e-10
2.760072731400e-10
2.756066591491e-10
2.752060451582e-10
2.748054311673e-10
2.688761963132e-10
2.534693256934e-10
2.380624550737e-10
2.227394326494e-10
2.088387124386e-10
1.965711049524e-10
1.856647809743e-10
1.759050675295e-10
1.671201756577e-10
1.591710013902e-10
1.519437052990e-10
1.550557530878e-10
1.595786029354e-10
1.643732361646e-10
1.694649092985e-10
1.748821083100e-10
1.806570818383e-10
1.868264836595e-10
1.934321514547e-10
2.005220568427e-10
2.081514722932e-10
2.121310353363e-10
2.104664104508e-10
2.088277072889e-10
2.072143250446e-10
2.056256813366e-10
2.040612115074e-10
2.025203679541e-10
2.010026194897e-10
1.995074507318e-10
1.980343615200e-10
1.965828663572e-10
1.962835466048e-10
1.960481656508e-10
1.958133485529e-10
1.955790932875e-10
1.953453978404e-10
1.951122602073e-10
1.948796783935e-10
1.946476504137e-10
1.944161742919e-10
1.941852480616e-10
1.945815327113e-10
1.956833720992e-10
1.967977611250e-10
1.979249154218e-10
1.990650555915e-10
2.002184073483e-10
2.013852016681e-10
2.025656749425e-10
2.037600691383e-10
2.049686319633e-10
2.061916170370e-10
2.077156404010e-10
2.056507906029e-10
2.036265890527e-10
2.016418471589e-10
1.996954222232e-10
1.977862152471e-10
1.959131688620e-10
1.940752653772e-10
1.922715249357e-10
1.905010037722e-10
1.887627925669e-10
1.890545803710e-10
1.911885649690e-10
1.933712749657e-10
1.956043984580e-10
1.978897024334e-10
2.002290374321e-10
2.026243425455e-10
2.050776507761e-10
2.075910947930e-10
2.101669131151e-10
2.127187406209e-10
2.137099244875e-10
2.147103886336e-10
2.157202640067e-10
2.167396840295e-10
2.177687846587e-10
2.188077044454e-10
2.198565845976e-10
2.209155690436e-10
2.219848044984e-10
2.230644405310e-10
2.262247508330e-10
2.309811857991e-10
2.357407122987e-10
2.405002387983e-10
2.452597652979e-10
2.500192917974e-10
2.547788182970e-10
2.595383447966e-10
2.642978712962e-10
2.690573977958e-10
2.720687603540e-10
2.602207294105e-10
2.483726984670e-10
2.365246675235e-10
2.247014153889e-10
2.136680904901e-10
2.036675727047e-10
1.945613275376e-10
1.862345363642e-10
1.785912297801e-10
1.715505721078e-10
1.701969894346e-10
1.719721774396e-10
1.737847868762e-10
1.756360136296e-10
1.775271050899e-10
1.794593629551e-10
1.814341462192e-10
1.834528743595e-10
1.855170307394e-10
1.876281662435e-10
1.902141332752e-10
1.952436342634e-10
2.005463315733e-10
2.061451061713e-10
2.120654675333e-10
2.183359422511e-10
2.249885336827e-10
2.319516135579e-10
2.389337845701e-10
2.459159555823e-10
2.528981265945e-10
2.513709217764e-10
2.459163127288e-10
2.404617036812e-10
2.350070946336e-10
2.295524855860e-10
2.241360479305e-10
2.189441816618e-10
2.139873977681e-10
2.092500832858e-10
2.047179778836e-10
2.015150612501e-10
2.026567480417e-10
2.038114450322e-10
2.049793758844e-10
2.061607694175e-10
2.073558597562e-10
2.085648864859e-10
2.097880948123e-10
2.110257357278e-10
2.122780661824e-10
2.135453492624e-10
2.200279695590e-10
2.289420913094e-10
2.380810212748e-10
2.472199512402e-10
2.563588812056e-10
2.654978111710e-10
2.746367411365e-10
2.837756711019e-10
2.929146010673e-10
3.020535310327e-10
3.049481099955e-10
2.903585061511e-10
2.757689023066e-10
2.611792984622e-10
2.465896946178e-10
2.320000907733e-10
2.178039327820e-10
2.051590544186e-10
1.939018416980e-10
1.838157501681e-10
1.747270631488e-10
1.778464024061e-10
1.844944663057e-10
1.916588524312e-10
1.994021412281e-10
2.077974522921e-10
2.169307605032e-10
2.269038510441e-10
2.373497898756e-10
2.477958376023e-10
2.582418853289e-10
2.657488481776e-10
2.668877937906e-10
2.680267394035e-10
2.691656850165e-10
2.703046306295e-10
2.714435762424e-10
2.725825218554e-10
2.737214674684e-10
2.748604130814e-10
2.759993586943e-10
2.771383043073e-10
2.759799757390e-10
2.743909082616e-10
2.728018407843e-10
2.712127733070e-10
2.696237058297e-10
2.680346383524e-10
2.664455708750e-10
2.648565033977e-10
2.632674359204e-10
2.616783684431e-10
2.556308519222e-10
2.419402798982e-10
2.282497078742e-10
2.152115641031e-10
2.035774930821e-10
1.931367587409e-10
1.837147127132e-10
1.751692017881e-10
1.673833462465e-10
1.602601621545e-10
1.537185007310e-10
1.567429412857e-10
1.610736708778e-10
1.656505122294e-10
1.704950583879e-10
1.756315045057e-10
1.810870519798e-10
1.868923903263e-10
1.930822748143e-10
1.996962228181e-10
2.067793583664e-10
2.107768435071e-10
2.099789928905e-10
2.091871596818e-10
2.084012760614e-10
2.076212752254e-10
2.068470913661e-10
2.060786596536e-10
2.053159162181e-10
2.045587981317e-10
2.038072433913e-10
2.030611909017e-10
2.028533015407e-10
2.026754546144e-10
2.024979192613e-10
2.023206946633e-10
2.021437800053e-10
2.019671744748e-10
2.017908772623e-10
2.016148875612e-10
2.014392045676e-10
2.012638274804e-10
2.014653489435e-10
2.020882127336e-10
2.027149398428e-10
2.033455663263e-10
2.039801286894e-10
2.046186638944e-10
2.052612093681e-10
2.059078030087e-10
2.065584831935e-10
2.072132887865e-10
2.078722591459e-10
1.950171308955e-10
1.946877015007e-10
1.943593831950e-10
1.940321703668e-10
1.937060574422e-10
1.933810388844e-10
1.930571091942e-10
1.927342629087e-10
1.924124946018e-10
1.920917988834e-10
1.917721703994e-10
1.920526189455e-10
1.928778083979e-10
1.937101196072e-10
1.945496451690e-10
1.953964792909e-10
1.962507178281e-10
1.971124583193e-10
1.979818000242e-10
1.988588439610e-10
1.997436929461e-10
2.006681705499e-10
2.021792514484e-10
2.037132626426e-10
2.052707300658e-10
2.068521958588e-10
2.084582189996e-10
2.100893759619e-10
2.117462614049e-10
2.134294888962e-10
2.151396916696e-10
2.168775234188e-10
2.206276079685e-10
2.260275065309e-10
2.316055501311e-10
2.371883196768e-10
2.427710892225e-10
2.483538587683e-10
2.539366283140e-10
2.595193978597e-10
2.651021674054e-10
2.706849369511e-10
2.742613661796e-10
2.607839027116e-10
2.473064392436e-10
2.338289757755e-10
2.205440847791e-10
2.085222506491e-10
1.977432856078e-10
1.880239233324e-10
1.792152406806e-10
1.711949730343e-10
1.638618046855e-10
1.623558851485e-10
1.640300472625e-10
1.657390959676e-10
1.674841332078e-10
1.692663078296e-10
1.710868181043e-10
1.729469144147e-10
1.748479021191e-10
1.767911446065e-10
1.787780665571e-10
1.813342516538e-10
1.868957514010e-10
1.928091860085e-10
1.991090529423e-10
2.058345106571e-10
2.130301933038e-10
2.207472025135e-10
2.290271497247e-10
2.374876861214e-10
2.459482225182e-10
2.544087589149e-10
2.534479827039e-10
2.481389083662e-10
2.428298340285e-10
2.375207596908e-10
2.322116853531e-10
2.269027214817e-10
2.217220955365e-10
2.167727562001e-10
2.120395531394e-10
2.075086309679e-10
2.043178862241e-10
2.055224204694e-10
2.067412413457e-10
2.079746045437e-10
2.092227718921e-10
2.104860115433e-10
2.117645981652e-10
2.130588131401e-10
2.143689447715e-10
2.156952884982e-10
2.170381471160e-10
2.231113331562e-10
2.312886895238e-10
2.395359670043e-10
2.477832444847e-10
2.560305219652e-10
2.642777994457e-10
2.725250769262e-10
2.807723544067e-10
2.890196318872e-10
2.972669093677e-10
2.996737999967e-10
2.857276074414e-10
2.717814148861e-10
2.578352223309e-10
2.438890297756e-10
2.299428372204e-10
2.165107471039e-10
2.045320068996e-10
1.938092563565e-10
1.841547969916e-10
1.754165558850e-10
1.782850568360e-10
1.844786636957e-10
1.911180889378e-10
1.982532649257e-10
2.059418698768e-10
2.142508904506e-10
2.232585785094e-10
2.329026664055e-10
2.426115165237e-10
2.523203666418e-10
2.594735564124e-10
2.610894820966e-10
2.627054077807e-10
2.643213334649e-10
2.659372591491e-10
2.675531848332e-10
2.691691105174e-10
2.707850362016e-10
2.724009618858e-10
2.740168875699e-10
2.756328132541e-10
2.735489943926e-10
2.707714734289e-10
2.679939524651e-10
2.652164315014e-10
2.624389105376e-10
2.596613895738e-10
2.568838686101e-10
2.541063476463e-10
2.513288266826e-10
2.485513057188e-10
2.423855075313e-10
2.304112341030e-10
2.187525290164e-10
2.081758957481e-10
1.985748485778e-10
1.898203566537e-10
1.818051824612e-10
1.744394671101e-10
1.676473469924e-10
1.613643312355e-10
1.555352475740e-10
1.584672505719e-10
1.625970178962e-10
1.669477941135e-10
1.715378082866e-10
1.763873508927e-10
1.815190736919e-10
1.869583435092e-10
1.927336615899e-10
1.988771631563e-10
2.054252156539e-10
2.094398316536e-10
2.094938277272e-10
2.095478516498e-10
2.096019034427e-10
2.096559831275e-10
2.097100907259e-10
2.097642262595e-10
2.098183897499e-10
2.098725812188e-10
2.099268006879e-10
2.099810481787e-10
2.098780753715e-10
2.097664829479e-10
2.096550091290e-10
2.095436537257e-10
2.094324165494e-10
2.093212974119e-10
2.092102961255e-10
2.090994125028e-10
2.089886463567e-10
2.088779975007e-10
2.088540932783e-10
2.089265096426e-10
2.089989762424e-10
2.090714931300e-10
2.091440603579e-10
2.092166779783e-10
2.092893460439e-10
2.093620646073e-10
2.094348337210e-10
2.095076534378e-10
2.095805238105e-10
1.837817955441e-10
1.848343226610e-10
1.858989749657e-10
1.869759631963e-10
1.880655030034e-10
1.891678150934e-10
1.902831253777e-10
1.914116651272e-10
1.925536711319e-10
1.937093858668e-10
1.948790576635e-10
1.951472758405e-10
1.945971684873e-10
1.940501538488e-10
1.935062059173e-10
1.929652989758e-10
1.924274075939e-10
1.918925066241e-10
1.913605711976e-10
1.908315767208e-10
1.903054988711e-10
1.899097363011e-10
1.918291508478e-10
1.937877605208e-10
1.957867782722e-10
1.978274676244e-10
1.999111453338e-10
2.020391842236e-10
2.042130162007e-10
2.064341354680e-10
2.087041019502e-10
2.110245449470e-10
2.153007416319e-10
2.212186719199e-10
2.274703879635e-10
2.338764005554e-10
2.402824131472e-10
2.466884257391e-10
2.530944383309e-10
2.595004509228e-10
2.659064635146e-10
2.723124761065e-10
2.764539720052e-10
2.613470760127e-10
2.462401800201e-10
2.311332840276e-10
2.165377940409e-10
2.036184398930e-10
1.921539082505e-10
1.819115606317e-10
1.727058496274e-10
1.643869775191e-10
1.568326820111e-10
1.552054523378e-10
1.567891112549e-10
1.584054214711e-10
1.600554032934e-10
1.617401199870e-10
1.634606800605e-10
1.652182396978e-10
1.670140053497e-10
1.688492364948e-10
1.707252485862e-10
1.732464812132e-10
1.792324466514e-10
1.856468668516e-10
1.925374501852e-10
1.999592611518e-10
2.079761950183e-10
2.166628220113e-10
2.261067138150e-10
2.360415876728e-10
2.459804894541e-10
2.559193912354e-10
2.555250436315e-10
2.503615040037e-10
2.451979643758e-10
2.400344247480e-10
2.348708851202e-10
2.297073454924e-10
2.245714063556e-10
2.196315819303e-10
2.149043995206e-10
2.103764181860e-10
2.071997785769e-10
2.084702995567e-10
2.097564979937e-10
2.110586658647e-10
2.123771024423e-10
2.137121145239e-10
2.150640166700e-10
2.164331314512e-10
2.178197897045e-10
2.192243308003e-10
2.206471029192e-10
2.262823424548e-10
2.336352877382e-10
2.409909127337e-10
2.483465377293e-10
2.557021627248e-10
2.630577877204e-10
2.704134127160e-10
2.777690377115e-10
2.851246627071e-10
2.924802877026e-10
2.943994899978e-10
2.810967087317e-10
2.677939274656e-10
2.544911461996e-10
2.411883649335e-10
2.278855836674e-10
2.152328270688e-10
2.039087807134e-10
1.937167593892e-10
1.844950968651e-10
1.761115118120e-10
1.787258804802e-10
1.844628637925e-10
1.905803683761e-10
1.971175515260e-10
2.041191339795e-10
2.116364243675e-10
2.197285786910e-10
2.284555429353e-10
2.374271954450e-10
2.463988479547e-10
2.531982646472e-10
2.552911704026e-10
2.573840761579e-10
2.594769819133e-10
2.615698876687e-10
2.636627934241e-10
2.657556991794e-10
2.678486049348e-10
2.699415106902e-10
2.720344164455e-10
2.741273222009e-10
2.711180130463e-10
2.671520385961e-10
2.631860641459e-10
2.592200896957e-10
2.552541152455e-10
2.512881407953e-10
2.473221663451e-10
2.433561918949e-10
2.393902174447e-10
2.354242429945e-10
2.291401631403e-10
2.191665517789e-10
2.100088145480e-10
2.015856829217e-10
1.938121737305e-10
1.866159255092e-10
1.799349391656e-10
1.737157871896e-10
1.679121818295e-10
1.624838210008e-10
1.573954510460e-10
1.602299196665e-10
1.641494539956e-10
1.682655555498e-10
1.725933916174e-10
1.771497311081e-10
1.819531616931e-10
1.870243432575e-10
1.923863049505e-10
1.980647948422e-10
2.040886933868e-10
2.081196749055e-10
2.090108993841e-10
2.099097896159e-10
2.108164449320e-10
2.117309663871e-10
2.126534567973e-10
2.135840207781e-10
2.145227647843e-10
2.154697971505e-10
2.164252281330e-10
2.173891699521e-10
2.174068355004e-10
2.173716900817e-10
2.173365560243e-10
2.173014333226e-10
2.172663219710e-10
2.172312219641e-10
2.171961332964e-10
2.171610559624e-10
2.171259899566e-10
2.170909352735e-10
2.168054354899e-10
2.162438060370e-10
2.156850788421e-10
2.151292314666e-10
2.145762417029e-10
2.140260875710e-10
2.134787473157e-10
2.129341994038e-10
2.123924225214e-10
2.118533955709e-10
2.113170976681e-10
1.737705208088e-10
1.759302795186e-10
1.781444002933e-10
1.804149617681e-10
1.827441499203e-10
1.851342650891e-10
1.875877295535e-10
1.901070957202e-10
1.926950549816e-10
1.953544473059e-10
1.980882716336e-10
1.983432981525e-10
1.963474578831e-10
1.943913839660e-10
1.924738996306e-10
1.905938740836e-10
1.887502202852e-10
1.869418928534e-10
1.851678860873e-10
1.834272321018e-10
1.817189990672e-10
1.802461870370e-10
1.824871423663e-10
1.847845216641e-10
1.871404831093e-10
1.895572963678e-10
1.920373498848e-10
1.945831587589e-10
1.971973732492e-10
1.998827879791e-10
2.026423519008e-10
2.054791790986e-10
2.102250365529e-10
2.166101947587e-10
2.233953752334e-10
2.305644814340e-10
2.377937370719e-10
2.450229927099e-10
2.522522483479e-10
2.594815039859e-10
2.667107596239e-10
2.739400152618e-10
2.786465778309e-10
2.619102493138e-10
2.451739207967e-10
2.284375922796e-10
2.126744588906e-10
1.989399751868e-10
1.868718218006e-10
1.761840922600e-10
1.666527488517e-10
1.580997463857e-10
1.503818061324e-10
1.486582854111e-10
1.501604348754e-10
1.516932518072e-10
1.532576850399e-10
1.548547229565e-10
1.564853955722e-10
1.581507767492e-10
1.598519865557e-10
1.615901937776e-10
1.633666185964e-10
1.658493594096e-10
1.721728273930e-10
1.789976089497e-10
1.863857796055e-10
1.944101048480e-10
2.031564447862e-10
2.127268384901e-10
2.232435032206e-10
2.345954892241e-10
2.460127563900e-10
2.574300235558e-10
2.576021045590e-10
2.525840996411e-10
2.475660947232e-10
2.425480898052e-10
2.375300848873e-10
2.325120799693e-10
2.274940750514e-10
2.225668204919e-10
2.178477194889e-10
2.133245823549e-10
2.101641318979e-10
2.115039741349e-10
2.128610095559e-10
2.142355712388e-10
2.156280009207e-10
2.170386492814e-10
2.184678762378e-10
2.199160512501e-10
2.213835536402e-10
2.228707729226e-10
2.243781091497e-10
2.295179134419e-10
2.359818859525e-10
2.424458584632e-10
2.489098309738e-10
2.553738034844e-10
2.618377759951e-10
2.683017485057e-10
2.747657210164e-10
2.812296935270e-10
2.876936660376e-10
2.891251799989e-10
2.764658100220e-10
2.638064400451e-10
2.511470700682e-10
2.384877000913e-10
2.258349863472e-10
2.139699039537e-10
2.032893410343e-10
1.936243506696e-10
1.848366567481e-10
1.768119961195e-10
1.791688894691e-10
1.844470665956e-10
1.900456651339e-10
1.959947761024e-10
2.023283801048e-10
2.090849967799e-10
2.163084688751e-10
2.240489146650e-10
2.322428743664e-10
2.404773292676e-10
2.469229728820e-10
2.494928587086e-10
2.520627445352e-10
2.546326303617e-10
2.572025161883e-10
2.597724020149e-10
2.623422878414e-10
2.649121736680e-10
2.674820594946e-10
2.700519453211e-10
2.726218311477e-10
2.686870317000e-10
2.635326037634e-10
2.583781758267e-10
2.532237478901e-10
2.480693199534e-10
2.429148920168e-10
2.377604640802e-10
2.326060361435e-10
2.274516082069e-10
2.223950747142e-10
2.164182035185e-10
2.089270896500e-10
2.019372214433e-10
1.953999185009e-10
1.892726064663e-10
1.835178887722e-10
1.781027827287e-10
1.729980869816e-10
1.681778547170e-10
1.636189525469e-10
1.593006892468e-10
1.620322430241e-10
1.657318204138e-10
1.696042853477e-10
1.736620467647e-10
1.779187302409e-10
1.823893308430e-10
1.870903896205e-10
1.920401981144e-10
1.972590362113e-10
2.027694498655e-10
2.068160565321e-10
2.085301924276e-10
2.102729800477e-10
2.120451438156e-10
2.138474327837e-10
2.156806216892e-10
2.175455120645e-10
2.194429334054e-10
2.213737444019e-10
2.233388342338e-10
2.253391239355e-10
2.254958370021e-10
2.255491054717e-10
2.256023991143e-10
2.256557179476e-10
2.257090619897e-10
2.257624312584e-10
2.258158257715e-10
2.258692455470e-10
2.259226906028e-10
2.259761609568e-10
2.253861751848e-10
2.240922569919e-10
2.228131104913e-10
2.215484841626e-10
2.202981321637e-10
2.190618141710e-10
2.178392952256e-10
2.166303455844e-10
2.154347405764e-10
2.142522604631e-10
2.130826903042e-10
1.738203350775e-10
1.760266091856e-10
1.782896111097e-10
1.806115572258e-10
1.829947808927e-10
1.854417402735e-10
1.879550267932e-10
1.905373742928e-10
1.931916689491e-10
1.959209600355e-10
1.987284716074e-10
1.989449094277e-10
1.968111680671e-10
1.947227109987e-10
1.926781117598e-10
1.906760031769e-10
1.887150743171e-10
1.867940676254e-10
1.849117762356e-10
1.830670414416e-10
1.812587503189e-10
1.796961287741e-10
1.819650191698e-10
1.842919374499e-10
1.866791385837e-10
1.891289959118e-10
1.916440090163e-10
1.942268122277e-10
1.968801838288e-10
1.996070560240e-10
2.024105257483e-10
2.052938664003e-10
2.100925566783e-10
2.165394503254e-10
2.233945278452e-10
2.306404915332e-10
2.379466326995e-10
2.452527738658e-10
2.525589150320e-10
2.598650561983e-10
2.671711973645e-10
2.744773385308e-10
2.792536740697e-10
2.625266617758e-10
2.457996494820e-10
2.290726371882e-10
2.132412599621e-10
1.994430344186e-10
1.873219711336e-10
1.765898030039e-10
1.670207454579e-10
1.584354376195e-10
1.506895941309e-10
1.488969923111e-10
1.503014617262e-10
1.517326787256e-10
1.531914147514e-10
1.546784712000e-10
1.561946808899e-10
1.577409096171e-10
1.593180578038e-10
1.609270622468e-10
1.625688979729e-10
1.649353611596e-10
1.712702445762e-10
1.781111888632e-10
1.855213567455e-10
1.935748785775e-10
2.023593409085e-10
2.119789848471e-10
2.225588622088e-10
2.340296595936e-10
2.455915322761e-10
2.571534049586e-10
2.574138270587e-10
2.524581950437e-10
2.475025630287e-10
2.425469310137e-10
2.375912989988e-10
2.326356669838e-10
2.276800349688e-10
2.228056761557e-10
2.181340981012e-10
2.136543954198e-10
2.104911583059e-10
2.116650381868e-10
2.128520846250e-10
2.140525203894e-10
2.152665733029e-10
2.164944763864e-10
2.177364680079e-10
2.189927920373e-10
2.202636980050e-10
2.215494412682e-10
2.228502831814e-10
2.280701690491e-10
2.347771363823e-10
2.414841037155e-10
2.481910710487e-10
2.548980383819e-10
2.616050057151e-10
2.683119730483e-10
2.750189403815e-10
2.817259077147e-10
2.884328750479e-10
2.902681942451e-10
2.784628986612e-10
2.666576030774e-10
2.548523074935e-10
2.430470119097e-10
2.312417163258e-10
2.196841343647e-10
2.091627092679e-10
1.996030366703e-10
1.908790109726e-10
1.828856500623e-10
1.846862652510e-10
1.891789053290e-10
1.938955690356e-10
1.988534410928e-10
2.040715099844e-10
2.095708109944e-10
2.153747096291e-10
2.215092334765e-10
2.279995670710e-10
2.346290486695e-10
2.400716050397e-10
2.429424900817e-10
2.458133751237e-10
2.486842601657e-10
2.515551452078e-10
2.544260302498e-10
2.572969152918e-10
2.601678003338e-10
2.630386853759e-10
2.659095704179e-10
2.687804554599e-10
2.653867405044e-10
2.608184130493e-10
2.562500855942e-10
2.516817581392e-10
2.471134306841e-10
2.425451032290e-10
2.379767757740e-10
2.334084483189e-10
2.288401208638e-10
2.243056411044e-10
2.186384584614e-10
2.111700776041e-10
2.041950627396e-10
1.976660889188e-10
1.915416963678e-10
1.857854091753e-10
1.803650082565e-10
1.752519279792e-10
1.704207525903e-10
1.658487936988e-10
1.615157339925e-10
1.639644015775e-10
1.673216192958e-10
1.708191907708e-10
1.744661054757e-10
1.782721373164e-10
1.822479321023e-10
1.864051069901e-10
1.907563638540e-10
1.953156189150e-10
2.000981514140e-10
2.038643184885e-10
2.060066039395e-10
2.081943914795e-10
2.104291463644e-10
2.127123974448e-10
2.150457406539e-10
2.174308427280e-10
2.198694451767e-10
2.223633685233e-10
2.249145168382e-10
2.275239369800e-10
2.273841716533e-10
2.270905356976e-10
2.267972066619e-10
2.265046306129e-10
2.262128084574e-10
2.259217372852e-10
2.256314142011e-10
2.253418363247e-10
2.250530007905e-10
2.247649047478e-10
2.241816178990e-10
2.232751500533e-10
2.223759832067e-10
2.214840295059e-10
2.205992025015e-10
2.197214171201e-10
2.188505896370e-10
2.179866376495e-10
2.171294800511e-10
2.162790370058e-10
2.154352299237e-10
1.783811652024e-10
1.801790464697e-10
1.820135379639e-10
1.838857694277e-10
1.857969175700e-10
1.877482085322e-10
1.897409205114e-10
1.917763865529e-10
1.938559975237e-10
1.959812052821e-10
1.981535260578e-10
1.983204664055e-10
1.966716515663e-10
1.950500268070e-10
1.934549250536e-10
1.918857008759e-10
1.903417296171e-10
1.888224065649e-10
1.873271461611e-10
1.858553812500e-10
1.844065623606e-10
1.831678016706e-10
1.853439809599e-10
1.875724914702e-10
1.898552438103e-10
1.921942427431e-10
1.945915930579e-10
1.970495058872e-10
1.995703055094e-10
2.021564366793e-10
2.048104725371e-10
2.075351231474e-10
2.122045987109e-10
2.185356417507e-10
2.252560704583e-10
2.322801612728e-10
2.393187152668e-10
2.463572692608e-10
2.533958232548e-10
2.604343772488e-10
2.674729312428e-10
2.745114852368e-10
2.791289966531e-10
2.631676461584e-10
2.472062956637e-10
2.312449451691e-10
2.158643563658e-10
2.023420296705e-10
1.904139831383e-10
1.798139642673e-10
1.703318814499e-10
1.617997381156e-10
1.540815926767e-10
1.522226922675e-10
1.535104018164e-10
1.548200836855e-10
1.561523050878e-10
1.575076529295e-10
1.588867346714e-10
1.602901792373e-10
1.617186379701e-10
1.631727856397e-10
1.646533215060e-10
1.668614749621e-10
1.730740173410e-10
1.797670569406e-10
1.869985809233e-10
1.948362981720e-10
2.033597657616e-10
2.126630991235e-10
2.228584617840e-10
2.338701078790e-10
2.449610046008e-10
2.560519013226e-10
2.561800087454e-10
2.512483672610e-10
2.463167257765e-10
2.413850842921e-10
2.364534428077e-10
2.315218013233e-10
2.265911343358e-10
2.217840745981e-10
2.171767383148e-10
2.127569316515e-10
2.095817506060e-10
2.104845424927e-10
2.113951457390e-10
2.123136621664e-10
2.132401953739e-10
2.141748507768e-10
2.151177356467e-10
2.160689591527e-10
2.170286324033e-10
2.179968684896e-10
2.189737825302e-10
2.244891235278e-10
2.319333032192e-10
2.394069487477e-10
2.468805942761e-10
2.543542398046e-10
2.618278853330e-10
2.693015308615e-10
2.767751763899e-10
2.842488219184e-10
2.917224674468e-10
2.943730504504e-10
2.835190583845e-10
2.726650663185e-10
2.618110742526e-10
2.509570821866e-10
2.401030901207e-10
2.292490980547e-10
2.187136882416e-10
2.090863570905e-10
2.002708424526e-10
1.921686149262e-10
1.931516718203e-10
1.965566828814e-10
2.000839000492e-10
2.037400225206e-10
2.075322482630e-10
2.114683213128e-10
2.155565845600e-10
2.198060387773e-10
2.242264087714e-10
2.288145702664e-10
2.329543559310e-10
2.360450182550e-10
2.391356805791e-10
2.422263429031e-10
2.453170052272e-10
2.484076675512e-10
2.514983298753e-10
2.545889921993e-10
2.576796545234e-10
2.607703168474e-10
2.638609791715e-10
2.616852293783e-10
2.585220273131e-10
2.553588252479e-10
2.521956231827e-10
2.490324211176e-10
2.458692190524e-10
2.427060169872e-10
2.395428149220e-10
2.363796128568e-10
2.332164107916e-10
2.279629533066e-10
2.193941275975e-10
2.114430524160e-10
2.040481323304e-10
1.971529869636e-10
1.907086076050e-10
1.846721905504e-10
1.790061852092e-10
1.736775122293e-10
1.686569172332e-10
1.639184334974e-10
1.659852226808e-10
1.689312194760e-10
1.719836801859e-10
1.751484821799e-10
1.784319435534e-10
1.818408652275e-10
1.853825779694e-10
1.890649950161e-10
1.928966710974e-10
1.968868687846e-10
2.002577218114e-10
2.026350448715e-10
2.050694899605e-10
2.075631408950e-10
2.101181840964e-10
2.127369149846e-10
2.154217448563e-10
2.181752082903e-10
2.209999711285e-10
2.238988390848e-10
2.268747670404e-10
2.262366922897e-10
2.254015715556e-10
2.245725936064e-10
2.237496909148e-10
2.229327969399e-10
2.221218461089e-10
2.213167737997e-10
2.205175163238e-10
2.197240109091e-10
2.189361956840e-10
2.185048099898e-10
2.184646865766e-10
2.184245778962e-10
2.183844839404e-10
2.183444047012e-10
2.183043401705e-10
2.182642903401e-10
2.182242552021e-10
2.181842347482e-10
2.181442289705e-10
2.181042378608e-10
1.831877856176e-10
1.845321274596e-10
1.858963463447e-10
1.872808864005e-10
1.886862050851e-10
1.901127736912e-10
1.915610778727e-10
1.930316181967e-10
1.945249107194e-10
1.960414875905e-10
1.975818976855e-10
1.976999310885e-10
1.965323327278e-10
1.953784448601e-10
1.942380274022e-10
1.931108458441e-10
1.919966710877e-10
1.908952792918e-10
1.898064517224e-10
1.887299746072e-10
1.876656389967e-10
1.867762604934e-10
1.888508069623e-10
1.909719555223e-10
1.931412942975e-10
1.953604844022e-10
1.976312641825e-10
1.999554537583e-10
2.023349598882e-10
2.047717811873e-10
2.072680137253e-10
2.098258570405e-10
2.143595363152e-10
2.205689798123e-10
2.271488641907e-10
2.339198310125e-10
2.406907978342e-10
2.474617646559e-10
2.542327314776e-10
2.610036982994e-10
2.677746651211e-10
2.745456319428e-10
2.790043192364e-10
2.638086305409e-10
2.486129418454e-10
2.334172531500e-10
2.185527902944e-10
2.053265444172e-10
1.936097843235e-10
1.831580479761e-10
1.737769573077e-10
1.653100170063e-10
1.576298144669e-10
1.557003491108e-10
1.568593530558e-10
1.580357412179e-10
1.592299076785e-10
1.604422585208e-10
1.616732122904e-10
1.629232004771e-10
1.641926680188e-10
1.654820738298e-10
1.667918913543e-10
1.688331066042e-10
1.749161882166e-10
1.814540025630e-10
1.884995188837e-10
1.961142655360e-10
2.043701315690e-10
2.133516433451e-10
2.231588690638e-10
2.337105561644e-10
2.443304769255e-10
2.549503976865e-10
2.549461904321e-10
2.500385394782e-10
2.451308885244e-10
2.402232375705e-10
2.353155866167e-10
2.304079356628e-10
2.255109396880e-10
2.207717987113e-10
2.162277452423e-10
2.118669760095e-10
2.086801671271e-10
2.093171414599e-10
2.099580162934e-10
2.106028275645e-10
2.112516116530e-10
2.119044053884e-10
2.125612460569e-10
2.132221714084e-10
2.138872196637e-10
2.145564295220e-10
2.152298401683e-10
2.210145647351e-10
2.290894700562e-10
2.373297937799e-10
2.455701175035e-10
2.538104412272e-10
2.620507649509e-10
2.702910886746e-10
2.785314123983e-10
2.867717361220e-10
2.950120598457e-10
2.984779066558e-10
2.885752181078e-10
2.786725295597e-10
2.687698410117e-10
2.588671524636e-10
2.489644639156e-10
2.390617753675e-10
2.291590868195e-10
2.195157484176e-10
2.106347150299e-10
2.024443459625e-10
2.024304112598e-10
2.045332642177e-10
2.066802647767e-10
2.088728179469e-10
2.111123889978e-10
2.134005067232e-10
2.157387669220e-10
2.181288361092e-10
2.205724554778e-10
2.230714451282e-10
2.258436688620e-10
2.291475464283e-10
2.324579860344e-10
2.357684256405e-10
2.390788652466e-10
2.423893048527e-10
2.456997444588e-10
2.490101840648e-10
2.523206236709e-10
2.556310632770e-10
2.589415028831e-10
2.579837182522e-10
2.562256415769e-10
2.544675649016e-10
2.527094882263e-10
2.509514115510e-10
2.491933348757e-10
2.474352582004e-10
2.456771815251e-10
2.439191048498e-10
2.421610281745e-10
2.376119102733e-10
2.282781502706e-10
2.192245189654e-10
2.108560395720e-10
2.031029696847e-10
1.958998319830e-10
1.891901197305e-10
1.829248114046e-10
1.770611710068e-10
1.715617719426e-10
1.663936973264e-10
1.680564776193e-10
1.705720885135e-10
1.731641554309e-10
1.758362177053e-10
1.785920365536e-10
1.814356127399e-10
1.843712059544e-10
1.874033561054e-10
1.905369067462e-10
1.937770308931e-10
1.967765165858e-10
1.993720683834e-10
2.020370079207e-10
2.047741553418e-10
2.075864857156e-10
2.104771398235e-10
2.134494358594e-10
2.165068821362e-10
2.196531909002e-10
2.228922933672e-10
2.262283561094e-10
2.251002848360e-10
2.237375412422e-10
2.223911982954e-10
2.210609616935e-10
2.197465441339e-10
2.184476651067e-10
2.171640506953e-10
2.158954333836e-10
2.146415518703e-10
2.134021508895e-10
2.131084020523e-10
2.138571342656e-10
2.146111462001e-10
2.153704938988e-10
2.161352342005e-10
2.169054247543e-10
2.176811240339e-10
2.184623913526e-10
2.192492868780e-10
2.200418716480e-10
2.208402075862e-10
1.882606155724e-10
1.891007547036e-10
1.899484259228e-10
1.908037309771e-10
1.916667734544e-10
1.925376588255e-10
1.934164944866e-10
1.943033898040e-10
1.951984561592e-10
1.961018069952e-10
1.970135578650e-10
1.970832669098e-10
1.963932111317e-10
1.957079707348e-10
1.950274954901e-10
1.943517358645e-10
1.936806430092e-10
1.930141687478e-10
1.923522655646e-10
1.916948865937e-10
1.910419856074e-10
1.905297518704e-10
1.924928949645e-10
1.944969141270e-10
1.965430994558e-10
1.986327959152e-10
2.007674062844e-10
2.029483942973e-10
2.051772879903e-10
2.074556832722e-10
2.097852477348e-10
2.121677247238e-10
2.165586897117e-10
2.226405111273e-10
2.290561211026e-10
2.355595007521e-10
2.420628804015e-10
2.485662600510e-10
2.550696397005e-10
2.615730193499e-10
2.680763989994e-10
2.745797786488e-10
2.788796418198e-10
2.644496149235e-10
2.500195880272e-10
2.355895611308e-10
2.213090337289e-10
2.084004195101e-10
1.969146897112e-10
1.866288716795e-10
1.773642678692e-10
1.689759860858e-10
1.613453065148e-10
1.593406210906e-10
1.603576831720e-10
1.613878123582e-10
1.624312621047e-10
1.634882924642e-10
1.645591703033e-10
1.656441695264e-10
1.667435713099e-10
1.678576643450e-10
1.689867450900e-10
1.708518888925e-10
1.767979965033e-10
1.831729089194e-10
1.900247462607e-10
1.974091084390e-10
2.053905872414e-10
2.140446606805e-10
2.234600873188e-10
2.335510044498e-10
2.436999492501e-10
2.538488940504e-10
2.537123721188e-10
2.488287116955e-10
2.439450512722e-10
2.390613908489e-10
2.341777304256e-10
2.292940700023e-10
2.244409950834e-10
2.197687213815e-10
2.152870096811e-10
2.109844346672e-10
2.077863073263e-10
2.081626184111e-10
2.085402950042e-10
2.089193445515e-10
2.092997745533e-10
2.096815925645e-10
2.100648061952e-10
2.104494231114e-10
2.108354510352e-10
2.112228977456e-10
2.116117710787e-10
2.176459224523e-10
2.262485546321e-10
2.352526388120e-10
2.442596407310e-10
2.532666426499e-10
2.622736445689e-10
2.712806464878e-10
2.802876484068e-10
2.892946503257e-10
2.983016522447e-10
3.025827628612e-10
2.936313778311e-10
2.846799928009e-10
2.757286077708e-10
2.667772227406e-10
2.578258377105e-10
2.488744526803e-10
2.399230676502e-10
2.309716826200e-10
2.221297715219e-10
2.138810971122e-10
2.126456126838e-10
2.131846341376e-10
2.137263951963e-10
2.142709167993e-10
2.148182201002e-10
2.153683264690e-10
2.159212574953e-10
2.164770349909e-10
2.170356809929e-10
2.175972177663e-10
2.190154171128e-10
2.223498943201e-10
2.257874751048e-10
2.293105083779e-10
2.328407252660e-10
2.363709421541e-10
2.399011590422e-10
2.434313759303e-10
2.469615928185e-10
2.504918097066e-10
2.540220265947e-10
2.542822071262e-10
2.539292558407e-10
2.535763045553e-10
2.532233532699e-10
2.528704019845e-10
2.525174506991e-10
2.521644994136e-10
2.518115481282e-10
2.514585968428e-10
2.511056455574e-10
2.472608672400e-10
2.374300997250e-10
2.275993322101e-10
2.181339077558e-10
2.094232634742e-10
2.013815823493e-10
1.939346512006e-10
1.870188427669e-10
1.805792932014e-10
1.745684435554e-10
1.689448631715e-10
1.701800782741e-10
1.722451465110e-10
1.743609479552e-10
1.765293754264e-10
1.787524170896e-10
1.810321625356e-10
1.833708093316e-10
1.857706700873e-10
1.882341800827e-10
1.907639055113e-10
1.934142752715e-10
1.962125121757e-10
1.990929051234e-10
2.020591261639e-10
2.051150694908e-10
2.082648684986e-10
2.115129144354e-10
2.148638768283e-10
2.183227258820e-10
2.218947570761e-10
2.255856182175e-10
2.239752368783e-10
2.220979003287e-10
2.202517734524e-10
2.184360844001e-10
2.166500865659e-10
2.148930575639e-10
2.131642982535e-10
2.114631318126e-10
2.097889028534e-10
2.081409765809e-10
2.079721197084e-10
2.094399197430e-10
2.109285855583e-10
2.124385652717e-10
2.139703199246e-10
2.155243239521e-10
2.171010656728e-10
2.187010478007e-10
2.203247879790e-10
2.219728193390e-10
2.236456910836e-10
1.936224005298e-10
1.939013440384e-10
1.941810924305e-10
1.944616491948e-10
1.947430178404e-10
1.950252018964e-10
1.953082049126e-10
1.955920304593e-10
1.958766821278e-10
1.961621635302e-10
1.964484782996e-10
1.964704377578e-10
1.962542863595e-10
1.960386100462e-10
1.958234072533e-10
1.956086764232e-10
1.953944160048e-10
1.951806244542e-10
1.949673002340e-10
1.947544418135e-10
1.945420476687e-10
1.944371989283e-10
1.962782246573e-10
1.981544470954e-10
2.000668853192e-10
2.020165981305e-10
2.040046860104e-10
2.060322931910e-10
2.081006098511e-10
2.102108744461e-10
2.123643761808e-10
2.145624576356e-10
2.188034338598e-10
2.247513220038e-10
2.309633780145e-10
2.371991704917e-10
2.434349629689e-10
2.496707554461e-10
2.559065479233e-10
2.621423404005e-10
2.683781328777e-10
2.746139253549e-10
2.787549644032e-10
2.650905993060e-10
2.514262342089e-10
2.377618691117e-10
2.241356849431e-10
2.115677292966e-10
2.003343835339e-10
1.902337796756e-10
1.811028073368e-10
1.728082381738e-10
1.652401825335e-10
1.631551870776e-10
1.640156146440e-10
1.648851655560e-10
1.657639856931e-10
1.666522240614e-10
1.675500328778e-10
1.684575676574e-10
1.693749873029e-10
1.703024541976e-10
1.712401343010e-10
1.729195336743e-10
1.787207354122e-10
1.849246929844e-10
1.915748574710e-10
1.987211633645e-10
2.064212846785e-10
2.147421948608e-10
2.237621198373e-10
2.333914527353e-10
2.430694215748e-10
2.527473904144e-10
2.524785538055e-10
2.476188839128e-10
2.427592140200e-10
2.378995441273e-10
2.330398742345e-10
2.281802043418e-10
2.233811553159e-10
2.187747177948e-10
2.143544243210e-10
2.101092153555e-10
2.069000723764e-10
2.070207614233e-10
2.071415913533e-10
2.072625624130e-10
2.073836748499e-10
2.075049289120e-10
2.076263248478e-10
2.077478629066e-10
2.078695433379e-10
2.079913663922e-10
2.081133323203e-10
2.143784263379e-10
2.234598394523e-10
2.331754838442e-10
2.429491639584e-10
2.527228440726e-10
2.624965241868e-10
2.722702043010e-10
2.820438844152e-10
2.918175645294e-10
3.015912446436e-10
3.066876190666e-10
2.986875375544e-10
2.906874560421e-10
2.826873745298e-10
2.746872930176e-10
2.666872115053e-10
2.586871299931e-10
2.506870484808e-10
2.426869669686e-10
2.346868854563e-10
2.266874197388e-10
2.239465797996e-10
2.226002012975e-10
2.212699150433e-10
2.199554342431e-10
2.186564788779e-10
2.173727755042e-10
2.161040570626e-10
2.148500626925e-10
2.136105375529e-10
2.123852326503e-10
2.125879444678e-10
2.159267445289e-10
2.193720930385e-10
2.229291729898e-10
2.266035090819e-10
2.303525794556e-10
2.341025736257e-10
2.378525677959e-10
2.416025619660e-10
2.453525561361e-10
2.491025503063e-10
2.505806960001e-10
2.516328701045e-10
2.526850442090e-10
2.537372183135e-10
2.547893924179e-10
2.558415665224e-10
2.568937406269e-10
2.579459147313e-10
2.589980888358e-10
2.600502629403e-10
2.569098242067e-10
2.465820491795e-10
2.362542741522e-10
2.259321398365e-10
2.161495494416e-10
2.071789496655e-10
1.989232717711e-10
1.913003261192e-10
1.842400564740e-10
1.776823806758e-10
1.715754766070e-10
1.723580343987e-10
1.739513500281e-10
1.755743984351e-10
1.772280197208e-10
1.789130859368e-10
1.806305026185e-10
1.823812104080e-10
1.841661867717e-10
1.859864478205e-10
1.878430502382e-10
1.901650022476e-10
1.931515360831e-10
1.962333734483e-10
1.994151501684e-10
2.027018076900e-10
2.060986186883e-10
2.096112152930e-10
2.132456202513e-10
2.170082813894e-10
2.209061097878e-10
2.249465221469e-10
2.228613789398e-10
2.204821165093e-10
2.181531193389e-10
2.158728111924e-10
2.136396810561e-10
2.114522797997e-10
2.093092170407e-10
2.072091581968e-10
2.051508217147e-10
2.031329764621e-10
2.030775971710e-10
2.052014874203e-10
2.073702726841e-10
2.095853916614e-10
2.118483451873e-10
2.141606996242e-10
2.165240904775e-10
2.189402262534e-10
2.214108925776e-10
2.239379565967e-10
2.265233716835e-10
1.992985531388e-10
1.989520216780e-10
1.986066931924e-10
1.982625614288e-10
1.979196201772e-10
1.975778632705e-10
1.972372845840e-10
1.968978780353e-10
1.965596375837e-10
1.962225572300e-10
1.958866310160e-10
1.958614079683e-10
1.961155579937e-10
1.963703684470e-10
1.966258419056e-10
1.968819809606e-10
1.971387882167e-10
1.973962662919e-10
1.976544178182e-10
1.979132454411e-10
1.981727518201e-10
1.985082721137e-10
2.002154159978e-10
2.019521769909e-10
2.037193325749e-10
2.055176876845e-10
2.073480759304e-10
2.092113608876e-10
2.111084374535e-10
2.130402332816e-10
2.150077102937e-10
2.170118662772e-10
2.210952013248e-10
2.269025403407e-10
2.328706349264e-10
2.388388402313e-10
2.448070455362e-10
2.507752508412e-10
2.567434561461e-10
2.627116614510e-10
2.686798667560e-10
2.746480720609e-10
2.786302869866e-10
2.657315836886e-10
2.528328803906e-10
2.399341770926e-10
2.270354766732e-10
2.148327996373e-10
2.038749518608e-10
1.939806948864e-10
1.850023445723e-10
1.768183493389e-10
1.693277548713e-10
1.671568717266e-10
1.678443244677e-10
1.685374550237e-10
1.692363340276e-10
1.699410332890e-10
1.706516258184e-10
1.713681858528e-10
1.720907888810e-10
1.728195116708e-10
1.735544322956e-10
1.750378366793e-10
1.806857550299e-10
1.867103071496e-10
1.931504664864e-10
2.000507758014e-10
2.074623788448e-10
2.154442901894e-10
2.240649699257e-10
2.332319010207e-10
2.424388938995e-10
2.516458867783e-10
2.512447354922e-10
2.464090561300e-10
2.415733767679e-10
2.367376974057e-10
2.319020180435e-10
2.270663386813e-10
2.223312779091e-10
2.177896653853e-10
2.134298837032e-10
2.092412273294e-10
2.060213651287e-10
2.058913631981e-10
2.057615252296e-10
2.056318509131e-10
2.055023399395e-10
2.053729920003e-10
2.052438067879e-10
2.051147839953e-10
2.049859233165e-10
2.048572244462e-10
2.047286870796e-10
2.112075882801e-10
2.207390340269e-10
2.310983288763e-10
2.416386871858e-10
2.521790454952e-10
2.627194038047e-10
2.732597621141e-10
2.838001204236e-10
2.943404787330e-10
3.048808370425e-10
3.107924752720e-10
3.037436972776e-10
2.966949192833e-10
2.896461412889e-10
2.825973632946e-10
2.755485853002e-10
2.684998073059e-10
2.614510293115e-10
2.544022513172e-10
2.473534733228e-10
2.403046953285e-10
2.361381545332e-10
2.327402103244e-10
2.293422661156e-10
2.259497872148e-10
2.226343929134e-10
2.194148861716e-10
2.162871664096e-10
2.132473635736e-10
2.102918221607e-10
2.074170865543e-10
2.065269717789e-10
2.098642740598e-10
2.133112038286e-10
2.168732530403e-10
2.205562867165e-10
2.243665751712e-10
2.283039882092e-10
2.322737596614e-10
2.362435311135e-10
2.402133025657e-10
2.441830740179e-10
2.468791848740e-10
2.493364843684e-10
2.517937838627e-10
2.542510833570e-10
2.567083828514e-10
2.591656823457e-10
2.616229818401e-10
2.640802813344e-10
2.665375808288e-10
2.689948803231e-10
2.665587811734e-10
2.557339986339e-10
2.449092160943e-10
2.340844335548e-10
2.233222448569e-10
2.133199998070e-10
2.041753150251e-10
1.957824372988e-10
1.880523153275e-10
1.809094277352e-10
1.742893075306e-10
1.745924599632e-10
1.756916939051e-10
1.768048570970e-10
1.779322159896e-10
1.790740438732e-10
1.802306210985e-10
1.814022353059e-10
1.825891816641e-10
1.837917631181e-10
1.850102906470e-10
1.870230981313e-10
1.901845973331e-10
1.934548204584e-10
1.968394741546e-10
2.003446715516e-10
2.039769691089e-10
2.077434075470e-10
2.116515573971e-10
2.157095697923e-10
2.199262332149e-10
2.243110370327e-10
2.217585448983e-10
2.188896728566e-10
2.160940815116e-10
2.133689985153e-10
2.107117896228e-10
2.081199501981e-10
2.055910973398e-10
2.031229625742e-10
2.007133850681e-10
1.983603053191e-10
1.984081578181e-10
2.011311985561e-10
2.039300238092e-10
2.068078419435e-10
2.097680450205e-10
2.128142221347e-10
2.159501739313e-10
2.191799284253e-10
2.225077582626e-10
2.259381995779e-10
2.294506565649e-10
2.053175559915e-10
2.042728529273e-10
2.032387274222e-10
2.022150196396e-10
2.012015729470e-10
2.001982338365e-10
1.992048518468e-10
1.982212794883e-10
1.972473721701e-10
1.962829881288e-10
1.953279883601e-10
1.952561423181e-10
1.959770256183e-10
1.967032516284e-10
1.974348799643e-10
1.981719711322e-10
1.989145865450e-10
1.996627885400e-10
2.004166403956e-10
2.011762063496e-10
2.019415516173e-10
2.027534691019e-10
2.043137947394e-10
2.058983221568e-10
2.075076188359e-10
2.091422701399e-10
2.108028800233e-10
2.124900717759e-10
2.142044888031e-10
2.159467954435e-10
2.177176778275e-10
2.195178447784e-10
2.234354853266e-10
2.290772737056e-10
2.347778918382e-10
2.404785099709e-10
2.461791281036e-10
2.518797462362e-10
2.575803643689e-10
2.632809825016e-10
2.689816006342e-10
2.746822187669e-10
2.785056095699e-10
2.663725680711e-10
2.542395265723e-10
2.421064850735e-10
2.299734435747e-10
2.182002276185e-10
2.075429187451e-10
1.978781769871e-10
1.890735083318e-10
1.810189956935e-10
1.736226865264e-10
1.713597895220e-10
1.718560582275e-10
1.723552097324e-10
1.728572692289e-10
1.733622622037e-10
1.738702144421e-10
1.743811520324e-10
1.748951013706e-10
1.754120891648e-10
1.759321424398e-10
1.772086827204e-10
1.826944654790e-10
1.885307409498e-10
1.947522076450e-10
2.013983005474e-10
2.085140278466e-10
2.161509915506e-10
2.243686409080e-10
2.330723493061e-10
2.418083662242e-10
2.505443831423e-10
2.500109171790e-10
2.451992283473e-10
2.403875395157e-10
2.355758506840e-10
2.307641618524e-10
2.259578590279e-10
2.212912230528e-10
2.168134437845e-10
2.125132841803e-10
2.083803813377e-10
2.051500900782e-10
2.047742209361e-10
2.043997265849e-10
2.040265994957e-10
2.036548321945e-10
2.032844172614e-10
2.029153473307e-10
2.025476150900e-10
2.021812132797e-10
2.018161346928e-10
2.014523721743e-10
2.081291818288e-10
2.180836876257e-10
2.290211739085e-10
2.403282104132e-10
2.516352469179e-10
2.629422834226e-10
2.742493199273e-10
2.855563564320e-10
2.968633929367e-10
3.081704294414e-10
3.148973314774e-10
3.087998570009e-10
3.027023825245e-10
2.966049080480e-10
2.905074335716e-10
2.844099590951e-10
2.783124846187e-10
2.722150101422e-10
2.661175356657e-10
2.600200611893e-10
2.539225867128e-10
2.483730425834e-10
2.429696132131e-10
2.375661838428e-10
2.321627544726e-10
2.267597254868e-10
2.214957299752e-10
2.164705863242e-10
2.116683984505e-10
2.070746502138e-10
2.026760588567e-10
2.008020207855e-10
2.041329327241e-10
2.075762152714e-10
2.111376523392e-10
2.148234317130e-10
2.186401809295e-10
2.225950070488e-10
2.266955408214e-10
2.308845002611e-10
2.350740489953e-10
2.392635977295e-10
2.431776737479e-10
2.470400986322e-10
2.509025235164e-10
2.547649484006e-10
2.586273732849e-10
2.624897981691e-10
2.663522230533e-10
2.702146479375e-10
2.740770728218e-10
2.779394977060e-10
2.762077381401e-10
2.648859480883e-10
2.535641580364e-10
2.422423679846e-10
2.309205779328e-10
2.198362279317e-10
2.097122117242e-10
2.004796165930e-10
1.920256726121e-10
1.842558616028e-10
1.770903681890e-10
1.768855799987e-10
1.774672131971e-10
1.780526840541e-10
1.786420306771e-10
1.792352916798e-10
1.798325061906e-10
1.804337138608e-10
1.810389548742e-10
1.816482699552e-10
1.822617003786e-10
1.839833275773e-10
1.873074280508e-10
1.907538543433e-10
1.943294853511e-10
1.980417255955e-10
2.018985564054e-10
2.059085931988e-10
2.100811497293e-10
2.144263103050e-10
2.189550111598e-10
2.236791323577e-10
2.206665719038e-10
2.173200672705e-10
2.140735487044e-10
2.109226011221e-10
2.078630656120e-10
2.048910211203e-10
2.020027676866e-10
1.991948110767e-10
1.964638486803e-10
1.938067565530e-10
1.939486243608e-10
1.972192420932e-10
2.006020588207e-10
2.041029488049e-10
2.077282036597e-10
2.114845700861e-10
2.153792917769e-10
2.194201560383e-10
2.236155457609e-10
2.279708373980e-10
2.323792176431e-10
2.117114396350e-10
2.098861086060e-10
2.080919837562e-10
2.063282716088e-10
2.045942053620e-10
2.028890437768e-10
2.012120701214e-10
1.995625911661e-10
1.979399362277e-10
1.963434562610e-10
1.947725229922e-10
1.946546060181e-10
1.958386888180e-10
1.970372653202e-10
1.982506032775e-10
1.994789770785e-10
2.007226679553e-10
2.019819641970e-10
2.032571613734e-10
2.045485625658e-10
2.058564786076e-10
2.071842051840e-10
2.085834661799e-10
2.100017560833e-10
2.114394657201e-10
2.128969966927e-10
2.143747617540e-10
2.158731851967e-10
2.173927032602e-10
2.189337645535e-10
2.204968304967e-10
2.220823757819e-10
2.258258429841e-10
2.312521177897e-10
2.366851487501e-10
2.421181797105e-10
2.475512106709e-10
2.529842416313e-10
2.584172725917e-10
2.638503035521e-10
2.692833345125e-10
2.747163654729e-10
2.783809321533e-10
2.670135524537e-10
2.556461727540e-10
2.442787930544e-10
2.329114133547e-10
2.216749031468e-10
2.113452863453e-10
2.019354876861e-10
1.933278840096e-10
1.854240872410e-10
1.781411668982e-10
1.757795111146e-10
1.760642609278e-10
1.763499347851e-10
1.766365371919e-10
1.769240726827e-10
1.772125458216e-10
1.775019612027e-10
1.777923234499e-10
1.780836372176e-10
1.783759071907e-10
1.794340512879e-10
1.847483402936e-10
1.903870228921e-10
1.963807365019e-10
2.027641020244e-10
2.095763930125e-10
2.168623444200e-10
2.246731361264e-10
2.329127975915e-10
2.411778385489e-10
2.494428795062e-10
2.487770988657e-10
2.439894005646e-10
2.392017022635e-10
2.344140039624e-10
2.296263056613e-10
2.248601493038e-10
2.202608535405e-10
2.158459347726e-10
2.116045238780e-10
2.075265895916e-10
2.042861533285e-10
2.036691362157e-10
2.030558351032e-10
2.024462165221e-10
2.018402474046e-10
2.012378950771e-10
2.006391272554e-10
2.000439120380e-10
1.994522179011e-10
1.988640136926e-10
1.982792686268e-10
2.051392234002e-10
2.154914660398e-10
2.269440792201e-10
2.390177336406e-10
2.510914483405e-10
2.631651630405e-10
2.752388777405e-10
2.873125924404e-10
2.993863071404e-10
3.114600218403e-10
3.190021876828e-10
3.138560167242e-10
3.087098457657e-10
3.035636748071e-10
2.984175038485e-10
2.932713328900e-10
2.881251619314e-10
2.829789909729e-10
2.778328200143e-10
2.726866490558e-10
2.675404780972e-10
2.606079306335e-10
2.531990161018e-10
2.457901015700e-10
2.383811870383e-10
2.309722725066e-10
2.236164194549e-10
2.166543175973e-10
2.101126439913e-10
2.039544315158e-10
1.981469235367e-10
1.953859015186e-10
1.987063125531e-10
2.021415295260e-10
2.056976114494e-10
2.093810513318e-10
2.131988157446e-10
2.171583887977e-10
2.212678211083e-10
2.255357844362e-10
2.299347954249e-10
2.343441214411e-10
2.394761626219e-10
2.447437128960e-10
2.500112631701e-10
2.552788134442e-10
2.605463637183e-10
2.658139139924e-10
2.710814642665e-10
2.763490145406e-10
2.816165648148e-10
2.868841150889e-10
2.858566951068e-10
2.740378975427e-10
2.622190999786e-10
2.504003024145e-10
2.385815048504e-10
2.267630987505e-10
2.155577820960e-10
2.054077241498e-10
1.961705602909e-10
1.877284323347e-10
1.799829329702e-10
1.792397379871e-10
1.792789852272e-10
1.793182496585e-10
1.793575312925e-10
1.793968301404e-10
1.794361462135e-10
1.794754795232e-10
1.795148300808e-10
1.795541978977e-10
1.795935829851e-10
1.810407901660e-10
1.845160147752e-10
1.881272701069e-10
1.918827025747e-10
1.957911223231e-10
1.998620722293e-10
2.041059056973e-10
2.085338745774e-10
2.131582287839e-10
2.179923294681e-10
2.230507779476e-10
2.195853002982e-10
2.157728119499e-10
2.120904508288e-10
2.085316665023e-10
2.050903409359e-10
2.017607533937e-10
1.985375487034e-10
1.954157085157e-10
1.923905252327e-10
1.894575783210e-10
1.896851540472e-10
1.934565557035e-10
1.973809688532e-10
2.014678981690e-10
2.057276521747e-10
2.101714300631e-10
2.148114200126e-10
2.196609108222e-10
2.247344190162e-10
2.300090553858e-10
2.353077787212e-10
2.185163527711e-10
2.158165766394e-10
2.131826979737e-10
2.106123331773e-10
2.081032122408e-10
2.056531720562e-10
2.032601501968e-10
2.009221791269e-10
1.986373808068e-10
1.964039616610e-10
1.942202078831e-10
1.940567647063e-10
1.957005471791e-10
1.973724152914e-10
1.990730950514e-10
2.008033377081e-10
2.025639208571e-10
2.043556496062e-10
2.061793578031e-10
2.080359093290e-10
2.099261994632e-10
2.118129157689e-10
2.130353983528e-10
2.142720740190e-10
2.155231913841e-10
2.167890049058e-10
2.180697750547e-10
2.193657684937e-10
2.206772582623e-10
2.220045239691e-10
2.233478519902e-10
2.247075356751e-10
2.282615180857e-10
2.334269618739e-10
2.385924056620e-10
2.437578494501e-10
2.489232932383e-10
2.540887370264e-10
2.592541808145e-10
2.644196246027e-10
2.695850683908e-10
2.747505121789e-10
2.782562547367e-10
2.676545368362e-10
2.570528189357e-10
2.464511010353e-10
2.358493831348e-10
2.252620326417e-10
2.152895795395e-10
2.061626642042e-10
1.977781237427e-10
1.900489217543e-10
1.829011157153e-10
1.804332560811e-10
1.804837275290e-10
1.805342272210e-10
1.805847551806e-10
1.806353114318e-10
1.806858959982e-10
1.807365089036e-10
1.807871501719e-10
1.808378198269e-10
1.808885178925e-10
1.817160225697e-10
1.868489200236e-10
1.922802223931e-10
1.980367307245e-10
2.041485546075e-10
2.106496389756e-10
2.175783948734e-10
2.249784589411e-10
2.327532458770e-10
2.405473108736e-10
2.483413758701e-10
2.475432805524e-10
2.427795727819e-10
2.380158650113e-10
2.332521572408e-10
2.284884494703e-10
2.237730534275e-10
2.192400347094e-10
2.148870222304e-10
2.107035026572e-10
2.066797657355e-10
2.034294625583e-10
2.025759148755e-10
2.017294998823e-10
2.008901285439e-10
2.000577133014e-10
1.992321680411e-10
1.984134080647e-10
1.976013500607e-10
1.967959120758e-10
1.959970134877e-10
1.952045749777e-10
2.022339550798e-10
2.129601447378e-10
2.248878642067e-10
2.377072568680e-10
2.505476497632e-10
2.633880426584e-10
2.762284355536e-10
2.890688284488e-10
3.019092213440e-10
3.147496142392e-10
3.231070438882e-10
3.189121764475e-10
3.147173090068e-10
3.105224415662e-10
3.063275741255e-10
3.021327066849e-10
2.979378392442e-10
2.937429718036e-10
2.895481043629e-10
2.853532369222e-10
2.811583694816e-10
2.728428186837e-10
2.634284189904e-10
2.540140192972e-10
2.445996196040e-10
2.351852199108e-10
2.257781101703e-10
2.168383610223e-10
2.085795921378e-10
2.009268484257e-10
1.938157858280e-10
1.902542804816e-10
1.935607409534e-10
1.969841611292e-10
2.005308585833e-10
2.042076142235e-10
2.080217155612e-10
2.119810049223e-10
2.160939332707e-10
2.203696204214e-10
2.248179225469e-10
2.294246451527e-10
2.357746514958e-10
2.424473271598e-10
2.491200028238e-10
2.557926784878e-10
2.624653541518e-10
2.691380298158e-10
2.758107054798e-10
2.824833811437e-10
2.891560568077e-10
2.958287324717e-10
2.955056520735e-10
2.831898469971e-10
2.708740419207e-10
2.585582368443e-10
2.462424317679e-10
2.339266266915e-10
2.217385784051e-10
2.105842188882e-10
2.004983308959e-10
1.913344086201e-10
1.829715601685e-10
1.816574038501e-10
1.811281317657e-10
1.806019348671e-10
1.800787864306e-10
1.795586600415e-10
1.790415295891e-10
1.785273692629e-10
1.780161535478e-10
1.775078572202e-10
1.770024553439e-10
1.781908940425e-10
1.818065797802e-10
1.855720368799e-10
1.894967680502e-10
1.935910972742e-10
1.978662604926e-10
2.023345085736e-10
2.070092245562e-10
2.119050575322e-10
2.170380759845e-10
2.224259439663e-10
2.185145735373e-10
2.142474328874e-10
2.101437570837e-10
2.061943296849e-10
2.023906143209e-10
1.987246931022e-10
1.951892116033e-10
1.917773296164e-10
1.884826769808e-10
1.852993138894e-10
1.856050951358e-10
1.898347557006e-10
1.942616869546e-10
1.989000194306e-10
2.037652662359e-10
2.088744963867e-10
2.142465348896e-10
2.199021945140e-10
2.258645452700e-10
2.320472733736e-10
2.382363397994e-10
2.257732460718e-10
2.220919280112e-10
2.185287344491e-10
2.150780696724e-10
2.117346859085e-10
2.084936566966e-10
2.053503526658e-10
2.023004194734e-10
1.993397576795e-10
1.964645043634e-10
1.936710163089e-10
1.934625844420e-10
1.955626002889e-10
1.977087073499e-10
1.999024398789e-10
2.021454009892e-10
2.044392665598e-10
2.067857894117e-10
2.091868037746e-10
2.116442300691e-10
2.141600800291e-10
2.166531729399e-10
2.176815161049e-10
2.187196678774e-10
2.197677692656e-10
2.208259639934e-10
2.218943985662e-10
2.229732223389e-10
2.240625875847e-10
2.251626495676e-10
2.262735666156e-10
2.273950082659e-10
2.307039493421e-10
2.356018059580e-10
2.404996625739e-10
2.453975191897e-10
2.502953758056e-10
2.551932324215e-10
2.600910890373e-10
2.649889456532e-10
2.698868022691e-10
2.747846588850e-10
2.781315773201e-10
2.682955212188e-10
2.584594651175e-10
2.486234090161e-10
2.387873529148e-10
2.289512968135e-10
2.193838956296e-10
2.105706021805e-10
2.024380720812e-10
1.949103622706e-10
1.879224205545e-10
1.853401171351e-10
1.851307767390e-10
1.849219087064e-10
1.847135114404e-10
1.845055833512e-10
1.842981228561e-10
1.840911283796e-10
1.838845983532e-10
1.836785312155e-10
1.834729254121e-10
1.840567839366e-10
1.889978160887e-10
1.942114518336e-10
1.997208910326e-10
2.055520429666e-10
2.117339337590e-10
2.182991895974e-10
2.252846127308e-10
2.325936941624e-10
2.399167831982e-10
2.472398722341e-10
2.463094622391e-10
2.415697449991e-10
2.368300277592e-10
2.320903105192e-10
2.273505932792e-10
2.226964182006e-10
2.182286343817e-10
2.139365920933e-10
2.098101220768e-10
2.058398248173e-10
2.025799269884e-10
2.014943669006e-10
2.004203791289e-10
1.993577796092e-10
1.983063881603e-10
1.972660283820e-10
1.962365275565e-10
1.952177165529e-10
1.942094297346e-10
1.932115048692e-10
1.922237830420e-10
1.994098288645e-10
2.104876024984e-10
2.228685750862e-10
2.363967800954e-10
2.500038511859e-10
2.636109222763e-10
2.772179933668e-10
2.908250644572e-10
3.044321355477e-10
3.180392066381e-10
3.272119000935e-10
3.239683361708e-10
3.207247722480e-10
3.174812083253e-10
3.142376444025e-10
3.109940804798e-10
3.077505165570e-10
3.045069526342e-10
3.012633887115e-10
2.980198247887e-10
2.947762608660e-10
2.850777067338e-10
2.736578218791e-10
2.622379370244e-10
2.508180521698e-10
2.393981673151e-10
2.279782824604e-10
2.170227173955e-10
2.070687495523e-10
1.979878359236e-10
1.896699398367e-10
1.853853151381e-10
1.886749354795e-10
1.920834120300e-10
1.956173048318e-10
1.992836657343e-10
2.030900853621e-10
2.070447455720e-10
2.111564781599e-10
2.154348307040e-10
2.198901405793e-10
2.245336183488e-10
2.320731403697e-10
2.401509414236e-10
2.482287424775e-10
2.563065435313e-10
2.643843445852e-10
2.724621456391e-10
2.805399466930e-10
2.886177477468e-10
2.966955488007e-10
3.047733498546e-10
3.051546090402e-10
2.923417964515e-10
2.795289838628e-10
2.667161712742e-10
2.539033586855e-10
2.410905460968e-10
2.282777335082e-10
2.160283651598e-10
2.050213613639e-10
1.950816285674e-10
1.860611159530e-10
1.841411825932e-10
1.830158213469e-10
1.819041316239e-10
1.808058657942e-10
1.797207821725e-10
1.786486448406e-10
1.775892234763e-10
1.765422931889e-10
1.755076343594e-10
1.744850324875e-10
1.754293320056e-10
1.791755640172e-10
1.830852862534e-10
1.871694398312e-10
1.914399644135e-10
1.959099147844e-10
2.005935941473e-10
2.055067070116e-10
2.106665351115e-10
2.160921405089e-10
2.218046009110e-10
2.174542381154e-10
2.127434693854e-10
2.082324741693e-10
2.039088083861e-10
1.997610404699e-10
1.957786504426e-10
1.919519408246e-10
1.882719577925e-10
1.847304212353e-10
1.813196625593e-10
1.816968615017e-10
1.863460746819e-10
1.912394614888e-10
1.963967764273e-10
2.018399640072e-10
2.075934708767e-10
2.136846129077e-10
2.201440088586e-10
2.270060951448e-10
2.340854913615e-10
2.411649008776e-10
2.305776681552e-10
2.261813299518e-10
2.218982677762e-10
2.177744026152e-10
2.138010206272e-10
2.099700325256e-10
2.062739186083e-10
2.027056794931e-10
1.992587918787e-10
1.959271687443e-10
1.927051234762e-10
1.925174775843e-10
1.950405367195e-10
1.976306065328e-10
2.002903925877e-10
2.030227480850e-10
2.058306840717e-10
2.087173805100e-10
2.116861982905e-10
2.147406922856e-10
2.178846255498e-10
2.209914973933e-10
2.217982180871e-10
2.226108501640e-10
2.234294588378e-10
2.242541102854e-10
2.250848716639e-10
2.259218111297e-10
2.267649978564e-10
2.276131562742e-10
2.284617011785e-10
2.293102460827e-10
2.323541752828e-10
2.369947476071e-10
2.416353199314e-10
2.462758922556e-10
2.509164645799e-10
2.555570369042e-10
2.601976092285e-10
2.648381815527e-10
2.694787538770e-10
2.741193262013e-10
2.773007808164e-10
2.680797349034e-10
2.588586889905e-10
2.496376430775e-10
2.404165971646e-10
2.311955512516e-10
2.220859553321e-10
2.136015683913e-10
2.057415880507e-10
1.984395311177e-10
1.916380292278e-10
1.890818480444e-10
1.888189344614e-10
1.885567510127e-10
1.882952946610e-10
1.880345623860e-10
1.877745511838e-10
1.875152580674e-10
1.872566800660e-10
1.869988142255e-10
1.867416576078e-10
1.872509714696e-10
1.919789596566e-10
1.969518909394e-10
2.021893061617e-10
2.077128814991e-10
2.135467283248e-10
2.197177450685e-10
2.262560318977e-10
2.330340142988e-10
2.398148608878e-10
2.465957074769e-10
2.455243548677e-10
2.408289103209e-10
2.361334657741e-10
2.314380212273e-10
2.267430227170e-10
2.221554561168e-10
2.177498435537e-10
2.135155704194e-10
2.094428319862e-10
2.055225576118e-10
2.022753735477e-10
2.010757168589e-10
1.998902061433e-10
1.987185926603e-10
1.975606334668e-10
1.964160912498e-10
1.952847341638e-10
1.941663356745e-10
1.930606744075e-10
1.919675340022e-10
1.908867029708e-10
1.980832494637e-10
2.092248374743e-10
2.216944866824e-10
2.354248378542e-10
2.492850971107e-10
2.631453563673e-10
2.770056156238e-10
2.908658748803e-10
3.047261341369e-10
3.185863933934e-10
3.282233113770e-10
3.260348737965e-10
3.238464362160e-10
3.216579986355e-10
3.194695610550e-10
3.172811234745e-10
3.150926858940e-10
3.129042483135e-10
3.107158107329e-10
3.085273731524e-10
3.063389355719e-10
2.956909180024e-10
2.827870124357e-10
2.698831068690e-10
2.569792013024e-10
2.440752957357e-10
2.311713901690e-10
2.185953418349e-10
2.072560966924e-10
1.970352433681e-10
1.877750973065e-10
1.828976209758e-10
1.860470747728e-10
1.893068947490e-10
1.926829857015e-10
1.961816812992e-10
1.998097837401e-10
2.035746078914e-10
2.074840305157e-10
2.115465452800e-10
2.157713243569e-10
2.201682875568e-10
2.283387646791e-10
2.374027288896e-10
2.464666931002e-10
2.555306573107e-10
2.645946215213e-10
2.736585857319e-10
2.827225499424e-10
2.917865141530e-10
3.008504783635e-10
3.099144425741e-10
3.108491470277e-10
2.978479776124e-10
2.848468081971e-10
2.718456387817e-10
2.588444693664e-10
2.458432999511e-10
2.328421305357e-10
2.200634696797e-10
2.084933631183e-10
1.980791111444e-10
1.886557488124e-10
1.863321426591e-10
1.848097374652e-10
1.833120079324e-10
1.818383589563e-10
1.803882144159e-10
1.789610164231e-10
1.775562246069e-10
1.761733154309e-10
1.748117815432e-10
1.734711311557e-10
1.742617047038e-10
1.780755221603e-10
1.820600100055e-10
1.862268868341e-10
1.905889692021e-10
1.951603033013e-10
1.999563160492e-10
2.049939890182e-10
2.102920593360e-10
2.158712525659e-10
2.217545536682e-10
2.170890855088e-10
2.120652693784e-10
2.072687136037e-10
2.026843385324e-10
1.982983697711e-10
1.940981999515e-10
1.900722676997e-10
1.862099513620e-10
1.825014754295e-10
1.789378279261e-10
1.793119999009e-10
1.841280841983e-10
1.892100161849e-10
1.945804328152e-10
2.002646161731e-10
2.062908914523e-10
2.126910990208e-10
2.195011571749e-10
2.267617365801e-10
2.342818973732e-10
2.418024532206e-10
2.250134256984e-10
2.209697197579e-10
2.170687865624e-10
2.133031958814e-10
2.096660242749e-10
2.061508126102e-10
2.027515277811e-10
1.994625281534e-10
1.962785323198e-10
1.931945908001e-10
1.902060603687e-10
1.902762529187e-10
1.931010153269e-10
1.960109121093e-10
1.990098508968e-10
2.021019821812e-10
2.052917184795e-10
2.085837553437e-10
2.119830944237e-10
2.154950688235e-10
2.191253710204e-10
2.227076866729e-10
2.232491347039e-10
2.237932218934e-10
2.243399675846e-10
2.248893913100e-10
2.254415127940e-10
2.259963519551e-10
2.265539289084e-10
2.271142514956e-10
2.276757091890e-10
2.282371668824e-10
2.310336312895e-10
2.354555551247e-10
2.398774789599e-10
2.442994027951e-10
2.487213266303e-10
2.531432504655e-10
2.575651743007e-10
2.619870981360e-10
2.664090219712e-10
2.708309458064e-10
2.738220377363e-10
2.646510584711e-10
2.554800792059e-10
2.463090999408e-10
2.371381206756e-10
2.279671414104e-10
2.190864328638e-10
2.108685898609e-10
2.032449542777e-10
1.961533268187e-10
1.895398965387e-10
1.875543170374e-10
1.880950430334e-10
1.886388959102e-10
1.891859028693e-10
1.897360914288e-10
1.902894894278e-10
1.908461250310e-10
1.914060267338e-10
1.919692233668e-10
1.925357441011e-10
1.936991288616e-10
1.981443878826e-10
2.027984704038e-10
2.076764451151e-10
2.127948662461e-10
2.181719612560e-10
2.238278477172e-10
2.297524990569e-10
2.357238538764e-10
2.416952086959e-10
2.476665635154e-10
2.464219135284e-10
2.418467997845e-10
2.372716860406e-10
2.326965722967e-10
2.281214585528e-10
2.235999197864e-10
2.192495418850e-10
2.150652158649e-10
2.110376125870e-10
2.071580889060e-10
2.040085670394e-10
2.031294294397e-10
2.022578362938e-10
2.013936909009e-10
2.005368982057e-10
1.996873647635e-10
1.988449987066e-10
1.980097097108e-10
1.971814089631e-10
1.963600091307e-10
1.955454243298e-10
2.022123347284e-10
2.123638392506e-10
2.235884729888e-10
2.357224001058e-10
2.479102599190e-10
2.600981197322e-10
2.722859795454e-10
2.844738393586e-10
2.966616991718e-10
3.088495589850e-10
3.176343042034e-10
3.168903285564e-10
3.161463529095e-10
3.154023772625e-10
3.146584016156e-10
3.139144259686e-10
3.131704503216e-10
3.124264746747e-10
3.116824990277e-10
3.109385233808e-10
3.101945477338e-10
3.002228413399e-10
2.877904067469e-10
2.753579721538e-10
2.629255375607e-10
2.504931029677e-10
2.380606683746e-10
2.256372184294e-10
2.139937400794e-10
2.034929639375e-10
1.939745396271e-10
1.887373959936e-10
1.912451488725e-10
1.938204401345e-10
1.964660354204e-10
1.991848534614e-10
2.019799768205e-10
2.048546635519e-10
2.078123598687e-10
2.108567139262e-10
2.139915908325e-10
2.172210890205e-10
2.245101306156e-10
2.329601658640e-10
2.414391848567e-10
2.499182038495e-10
2.583972228422e-10
2.668762418349e-10
2.753552608277e-10
2.838342798204e-10
2.923132988132e-10
3.007923178059e-10
3.017146138436e-10
2.896825276727e-10
2.776504415017e-10
2.656183553308e-10
2.535862691598e-10
2.415541829889e-10
2.295220968180e-10
2.178771290248e-10
2.073347315382e-10
1.977654745398e-10
1.890405605165e-10
1.871995140007e-10
1.861302135035e-10
1.850730595060e-10
1.840278462136e-10
1.829943724544e-10
1.819724415504e-10
1.809618611926e-10
1.799624433203e-10
1.789740040044e-10
1.779963633346e-10
1.789345180691e-10
1.825989610246e-10
1.864166319874e-10
1.903973469866e-10
1.945517787863e-10
1.988915524399e-10
2.034293539241e-10
2.081790539922e-10
2.131558497926e-10
2.183764272975e-10
2.238591482011e-10
2.193239817510e-10
2.144451235652e-10
2.097786021830e-10
2.053108509009e-10
2.010294346598e-10
1.969229344619e-10
1.929808456714e-10
1.891934882898e-10
1.855519275941e-10
1.820479037659e-10
1.821499225031e-10
1.862811548453e-10
1.906041320053e-10
1.951325204500e-10
1.998813170094e-10
2.048670147944e-10
2.101077945818e-10
2.156237463452e-10
2.214371266223e-10
2.275715084746e-10
2.338487228067e-10
2.196611991205e-10
2.159928693695e-10
2.124450489234e-10
2.090118954208e-10
2.056879381485e-10
2.024680489534e-10
1.993474158423e-10
1.963215189873e-10
1.933861088833e-10
1.905371864363e-10
1.877709847865e-10
1.880866109339e-10
1.911996880872e-10
1.944175504944e-10
1.977455792801e-10
2.011895304407e-10
2.047555680678e-10
2.084503011671e-10
2.122808245377e-10
2.162547642433e-10
2.203803282871e-10
2.244507399499e-10
2.247191589658e-10
2.249882207511e-10
2.252579276174e-10
2.255282818873e-10
2.257992858947e-10
2.260709419847e-10
2.263432525137e-10
2.266162198493e-10
2.268898463707e-10
2.271640876821e-10
2.297130872962e-10
2.339163626423e-10
2.381196379885e-10
2.423229133346e-10
2.465261886807e-10
2.507294640269e-10
2.549327393730e-10
2.591360147192e-10
2.633392900653e-10
2.675425654115e-10
2.703432946562e-10
2.612223820388e-10
2.521014694214e-10
2.429805568040e-10
2.338596441866e-10
2.247622429596e-10
2.161668545583e-10
2.082046633775e-10
2.008081863654e-10
1.939192008452e-10
1.874872087550e-10
1.860512690961e-10
1.873766808972e-10
1.887211124118e-10
1.900849759991e-10
1.914686960253e-10
1.928727093040e-10
1.942974655556e-10
1.957434278880e-10
1.972110732981e-10
1.987008931966e-10
2.006072208399e-10
2.047189629013e-10
2.090027844719e-10
2.134697189152e-10
2.181317634413e-10
2.230019867062e-10
2.280899673541e-10
2.332518304040e-10
2.384136934540e-10
2.435755565040e-10
2.487374195540e-10
2.473194721891e-10
2.428646892481e-10
2.384099063072e-10
2.339551233662e-10
2.295003404252e-10
2.250632903103e-10
2.207700410817e-10
2.166375196788e-10
2.126568661154e-10
2.088198598551e-10
2.057717189137e-10
2.052255266340e-10
2.046822262602e-10
2.041417948857e-10
2.036042098447e-10
2.030694487098e-10
2.025374892886e-10
2.020083096205e-10
2.014818879740e-10
2.009582028432e-10
2.004372329457e-10
2.065172279752e-10
2.155984646017e-10
2.255150996587e-10
2.360199623573e-10
2.465354227272e-10
2.570508830971e-10
2.675663434669e-10
2.780818038368e-10
2.885972642067e-10
2.991127245766e-10
3.070452970298e-10
3.077457833164e-10
3.084462696030e-10
3.091467558895e-10
3.098472421761e-10
3.105477284627e-10
3.112482147493e-10
3.119487010359e-10
3.126491873225e-10
3.133496736091e-10
3.140501598957e-10
3.047547646775e-10
2.927938010580e-10
2.808328374386e-10
2.688718738191e-10
2.569109101997e-10
2.449499465802e-10
2.329889829607e-10
2.211841681120e-10
2.103883243119e-10
2.005973105607e-10
1.949623894363e-10
1.967420355091e-10
1.985544706405e-10
2.004006094382e-10
2.022814008450e-10
2.041978297649e-10
2.061509187834e-10
2.081417299864e-10
2.101713668865e-10
2.122409764625e-10
2.143517513208e-10
2.208010100820e-10
2.285176028383e-10
2.364116766133e-10
2.443057503882e-10
2.521998241631e-10
2.600938979380e-10
2.679879717129e-10
2.758820454879e-10
2.837761192628e-10
2.916701930377e-10
2.925800806595e-10
2.815170777329e-10
2.704540748064e-10
2.593910718798e-10
2.483280689533e-10
2.372650660267e-10
2.262053003901e-10
2.157338037989e-10
2.061889062006e-10
1.974528295835e-10
1.894269452732e-10
1.880749982906e-10
1.874696950896e-10
1.868682756216e-10
1.862707026282e-10
1.856769393258e-10
1.850869493985e-10
1.845006969905e-10
1.839181466986e-10
1.833392635657e-10
1.827640130732e-10
1.838648386870e-10
1.873581965301e-10
1.909868701002e-10
1.947588768881e-10
1.986828805310e-10
2.027682572430e-10
2.070251706144e-10
2.114646560354e-10
2.160987162191e-10
2.209404295663e-10
2.260040734325e-10
2.216053724203e-10
2.168789987333e-10
2.123500220850e-10
2.080063290015e-10
2.038367772825e-10
1.998311005663e-10
1.959798239320e-10
1.922741890750e-10
1.887060878149e-10
1.852680028713e-10
1.850791197540e-10
1.884851743902e-10
1.920189442514e-10
1.956877499017e-10
1.994994822841e-10
2.034626593748e-10
2.075864897277e-10
2.118809439060e-10
2.163568349678e-10
2.210259093733e-10
2.259009499220e-10
2.145576756723e-10
2.112352658567e-10
2.080141815658e-10
2.048898571423e-10
2.018579971707e-10
1.989145567736e-10
1.960557236085e-10
1.932779013940e-10
1.905776948175e-10
1.879518956903e-10
1.853974702314e-10
1.859467910959e-10
1.893354377894e-10
1.928498846926e-10
1.964972696129e-10
2.002852807593e-10
2.042222108373e-10
2.083170176521e-10
2.125793921515e-10
2.170198349965e-10
2.216497429343e-10
2.262212929646e-10
2.262086708281e-10
2.261960501000e-10
2.261834307802e-10
2.261708128683e-10
2.261581963642e-10
2.261455812675e-10
2.261329675781e-10
2.261203552958e-10
2.261077444202e-10
2.260951349512e-10
2.283925433029e-10
2.323771701599e-10
2.363617970170e-10
2.403464238741e-10
2.443310507312e-10
2.483156775882e-10
2.523003044453e-10
2.562849313024e-10
2.602695581595e-10
2.642541850165e-10
2.668645515761e-10
2.577937056065e-10
2.487228596369e-10
2.396520136672e-10
2.305811676976e-10
2.216427762752e-10
2.133240664032e-10
2.056072045631e-10
1.984291565720e-10
1.917353937684e-10
1.854785052117e-10
1.845721202832e-10
1.866637849424e-10
1.888034006113e-10
1.909926353109e-10
1.932332353347e-10
1.955270298946e-10
1.978759361009e-10
2.002819643070e-10
2.027472238473e-10
2.052739292055e-10
2.080262766801e-10
2.117448098196e-10
2.155987023779e-10
2.195954822546e-10
2.237432461035e-10
2.280464191903e-10
2.323987904707e-10
2.367511617512e-10
2.411035330316e-10
2.454559043121e-10
2.498082755925e-10
2.482170308498e-10
2.438825787117e-10
2.395481265737e-10
2.352136744357e-10
2.308792222976e-10
2.265459413469e-10
2.223117769291e-10
2.182329824750e-10
2.143011602564e-10
2.105085070298e-10
2.075656126917e-10
2.073653342259e-10
2.071654418819e-10
2.069659345441e-10
2.067668111013e-10
2.065680704464e-10
2.063697114767e-10
2.061717330938e-10
2.059741342033e-10
2.057769137152e-10
2.055800705436e-10
2.110094017582e-10
2.189331505895e-10
2.274744636823e-10
2.363175246089e-10
2.451605855354e-10
2.540036464620e-10
2.628467073885e-10
2.716897683151e-10
2.805328292416e-10
2.893758901681e-10
2.964562898562e-10
2.986012380763e-10
3.007461862964e-10
3.028911345166e-10
3.050360827367e-10
3.071810309569e-10
3.093259791770e-10
3.114709273971e-10
3.136158756173e-10
3.157608238374e-10
3.179057720575e-10
3.092866880151e-10
2.977971953692e-10
2.863077027233e-10
2.748182100775e-10
2.633287174316e-10
2.518392247858e-10
2.403497321399e-10
2.288602394941e-10
2.177673731324e-10
2.076883033333e-10
2.016120175100e-10
2.025642631457e-10
2.035255466842e-10
2.044959974091e-10
2.054757470815e-10
2.064649300000e-10
2.074636830616e-10
2.084721458253e-10
2.094904605766e-10
2.105187723951e-10
2.115572292226e-10
2.172124540938e-10
2.241137979880e-10
2.313841683698e-10
2.386932969269e-10
2.460024254840e-10
2.533115540411e-10
2.606206825982e-10
2.679298111553e-10
2.752389397124e-10
2.825480682695e-10
2.834455474753e-10
2.733516277932e-10
2.632577081110e-10
2.531637884289e-10
2.430698687467e-10
2.329759490646e-10
2.229575532314e-10
2.136322368999e-10
2.050556759531e-10
1.971411715800e-10
1.898149127479e-10
1.889587098901e-10
1.888285955166e-10
1.886986602098e-10
1.885689036002e-10
1.884393253195e-10
1.883099250002e-10
1.881807022760e-10
1.880516567817e-10
1.879227881527e-10
1.877940960257e-10
1.890745555695e-10
1.923721594036e-10
1.957868304083e-10
1.993249151836e-10
2.029932275330e-10
2.067990922604e-10
2.107503939885e-10
2.148556316832e-10
2.191239796761e-10
2.235653561089e-10
2.281849094695e-10
2.239347236614e-10
2.193687553546e-10
2.149852641021e-10
2.107735252753e-10
2.067236385150e-10
2.028264500347e-10
1.990734835507e-10
1.954568787397e-10
1.919693362866e-10
1.886040687109e-10
1.881040670530e-10
1.907419729200e-10
1.934549172448e-10
1.962461480658e-10
1.991191036205e-10
2.020774264746e-10
2.051249789298e-10
2.082658598466e-10
2.115044230366e-10
2.148452973989e-10
2.182934089944e-10
2.096859141419e-10
2.066827336255e-10
2.037643632234e-10
2.009272603876e-10
1.981680771586e-10
1.954836469858e-10
1.928709726049e-10
1.903272148740e-10
1.878496824822e-10
1.854358224515e-10
1.830832113619e-10
1.838551120858e-10
1.875071903745e-10
1.913072980892e-10
1.952646215023e-10
1.993891230387e-10
2.036916250172e-10
2.081839044717e-10
2.128788008038e-10
2.177903383369e-10
2.229338662377e-10
2.280159686733e-10
2.277161647341e-10
2.274163607949e-10
2.271165568558e-10
2.268170154564e-10
2.265182496344e-10
2.262202698522e-10
2.259230730117e-10
2.256266560313e-10
2.253310158454e-10
2.250361494044e-10
2.270719993095e-10
2.308379776775e-10
2.346039560456e-10
2.383699344136e-10
2.421359127816e-10
2.459018911496e-10
2.496678695176e-10
2.534338478856e-10
2.571998262536e-10
2.609658046216e-10
2.633858084960e-10
2.543650291741e-10
2.453442498523e-10
2.363234705305e-10
2.273026912087e-10
2.186087141843e-10
2.105550781446e-10
2.030737564164e-10
1.961058368066e-10
1.896002245314e-10
1.835123871773e-10
1.831163050845e-10
1.859562930153e-10
1.888857606025e-10
1.919090043923e-10
1.950306004823e-10
1.982554276324e-10
2.015886927087e-10
2.050359587372e-10
2.086031758861e-10
2.122967157400e-10
2.160151644202e-10
2.192700421077e-10
2.226245081997e-10
2.260832043151e-10
2.296218545656e-10
2.331647340765e-10
2.367076135874e-10
2.402504930983e-10
2.437933726092e-10
2.473362521202e-10
2.508791316311e-10
2.491145895105e-10
2.449004681754e-10
2.406863468403e-10
2.364722255051e-10
2.322581041700e-10
2.280439828349e-10
2.238751974712e-10
2.198521197241e-10
2.159710803891e-10
2.122246877590e-10
2.093910594572e-10
2.095502338761e-10
2.097096504808e-10
2.098693098245e-10
2.100292124620e-10
2.101893589498e-10
2.103497498462e-10
2.105103857110e-10
2.106712671060e-10
2.108323945945e-10
2.109937687416e-10
2.157013490333e-10
2.223726131032e-10
2.294444253772e-10
2.366150868604e-10
2.437857483437e-10
2.509564098269e-10
2.581270713101e-10
2.652977327933e-10
2.724683942765e-10
2.796390557597e-10
2.858672826825e-10
2.894566928362e-10
2.930461029899e-10
2.966355131436e-10
3.002249232973e-10
3.038143334510e-10
3.074037436047e-10
3.109931537584e-10
3.145825639120e-10
3.181719740657e-10
3.217613842194e-10
3.138186113526e-10
3.028005896804e-10
2.917825680081e-10
2.807645463359e-10
2.697465246636e-10
2.587285029914e-10
2.477104813191e-10
2.366924596469e-10
2.256828542058e-10
2.152989915770e-10
2.087312638209e-10
2.087415962587e-10
2.087519297194e-10
2.087622642033e-10
2.087725997105e-10
2.087829362411e-10
2.087932737953e-10
2.088036123733e-10
2.088139519751e-10
2.088242926010e-10
2.088346342511e-10
2.137386782561e-10
2.198678116005e-10
2.263588384752e-10
2.330808434656e-10
2.398050268049e-10
2.465292101442e-10
2.532533934835e-10
2.599775768228e-10
2.667017601620e-10
2.734259435013e-10
2.743110142912e-10
2.651861778534e-10
2.560613414157e-10
2.469365049779e-10
2.378116685402e-10
2.286868321024e-10
2.198017452447e-10
2.115712197372e-10
2.039348342601e-10
1.968304958631e-10
1.902044726853e-10
1.898507653202e-10
1.902073401486e-10
1.905652569243e-10
1.909245232371e-10
1.912851467340e-10
1.916471351202e-10
1.920104961591e-10
1.923752376731e-10
1.927413675441e-10
1.931088937144e-10
1.945881109282e-10
1.976618625425e-10
2.008342798549e-10
2.041101910263e-10
2.074947444595e-10
2.109934357982e-10
2.146121377048e-10
2.183571327547e-10
2.222351498368e-10
2.262534045028e-10
2.303706886945e-10
2.263135639179e-10
2.219163403257e-10
2.176867341693e-10
2.136153406055e-10
2.096934454679e-10
2.059129630076e-10
2.022663802491e-10
1.987467071550e-10
1.953474319060e-10
1.920624806924e-10
1.912295372462e-10
1.930534692322e-10
1.949125293010e-10
1.968077421459e-10
1.987401727058e-10
2.007109281600e-10
2.027211600442e-10
2.047720664938e-10
2.068648946252e-10
2.090009430650e-10
2.111815646367e-10
2.050304778294e-10
2.023222933467e-10
1.996847193426e-10
1.971150298148e-10
1.946106372989e-10
1.921690841781e-10
1.897880346388e-10
1.874652672174e-10
1.851986678869e-10
1.829862236398e-10
1.808260165251e-10
1.818099673948e-10
1.857139128714e-10
1.897891936421e-10
1.940473420458e-10
1.985009491428e-10
2.031637890625e-10
2.080509612996e-10
2.131790540532e-10
2.185663323337e-10
2.242329553299e-10
2.298137615816e-10
2.292268704316e-10
2.286399792815e-10
2.280530881314e-10
2.274661969814e-10
2.268794511724e-10
2.262950077876e-10
2.257135677284e-10
2.251351079041e-10
2.245596054598e-10
2.239870377740e-10
2.257589651038e-10
2.292987851952e-10
2.328461150741e-10
2.363934449530e-10
2.399407748320e-10
2.434881047109e-10
2.470354345899e-10
2.505827644688e-10
2.541300943478e-10
2.576774242267e-10
2.599070654159e-10
2.509363527418e-10
2.419656400678e-10
2.329949273937e-10
2.240642946843e-10
2.156565967465e-10
2.078570527958e-10
2.006019815605e-10
1.938362928634e-10
1.875120861340e-10
1.815875146057e-10
1.816832756882e-10
1.852541439010e-10
1.889681924793e-10
1.928342092144e-10
1.968617160599e-10
2.010610474348e-10
2.054434387674e-10
2.100211268768e-10
2.148074640799e-10
2.198170482663e-10
2.246421561435e-10
2.273494979972e-10
2.300828857386e-10
2.328162734800e-10
2.355496612213e-10
2.382830489627e-10
2.410164367041e-10
2.437498244455e-10
2.464832121869e-10
2.492165999282e-10
2.519499876696e-10
2.500121481712e-10
2.459183576390e-10
2.418245671068e-10
2.377307765746e-10
2.336369860424e-10
2.295431955102e-10
2.254607634446e-10
2.214954623091e-10
2.176672302824e-10
2.139690809839e-10
2.112488990797e-10
2.117816660964e-10
2.123171271706e-10
2.128553027889e-10
2.133962136459e-10
2.139398806473e-10
2.144863249122e-10
2.150355677761e-10
2.155876307937e-10
2.161425357416e-10
2.167003046209e-10
2.206066991860e-10
2.259218691100e-10
2.314143870721e-10
2.369126491120e-10
2.424109111519e-10
2.479091731918e-10
2.534074352317e-10
2.589056972715e-10
2.644039593114e-10
2.699022213513e-10
2.752782755089e-10
2.803121475961e-10
2.853460196834e-10
2.903798917706e-10
2.954137638579e-10
3.004476359451e-10
3.054815080323e-10
3.105153801196e-10
3.155492522068e-10
3.205831242941e-10
3.256169963813e-10
3.183505346902e-10
3.078039839915e-10
2.972574332929e-10
2.867108825942e-10
2.761643318956e-10
2.656177811969e-10
2.550712304983e-10
2.445246797996e-10
2.339781291010e-10
2.234886808801e-10
2.163716983253e-10
2.153075442797e-10
2.142538063989e-10
2.132103324943e-10
2.121769733276e-10
2.111535825400e-10
2.101400165828e-10
2.091361346502e-10
2.081417986145e-10
2.071568729622e-10
2.061812247329e-10
2.103742623778e-10
2.157797199181e-10
2.214702839774e-10
2.274683900043e-10
2.336076281258e-10
2.397468662473e-10
2.458861043687e-10
2.520253424902e-10
2.581645806117e-10
2.643038187331e-10
2.651764811070e-10
2.570207279137e-10
2.488649747203e-10
2.407092215270e-10
2.325534683336e-10
2.244285926009e-10
2.167340269135e-10
2.095495899144e-10
2.028261790771e-10
1.965207977963e-10
1.905956349103e-10
1.907512833126e-10
1.916063668640e-10
1.924691511265e-10
1.933397405971e-10
1.942182416722e-10
1.951047626909e-10
1.959994139793e-10
1.969023078965e-10
1.978135588816e-10
1.987332835018e-10
2.004328836225e-10
2.032506953792e-10
2.061488660176e-10
2.091308827973e-10
2.122004377173e-10
2.153614427653e-10
2.186180465507e-10
2.219746524696e-10
2.254359385696e-10
2.289903457974e-10
2.325564679195e-10
2.287311126070e-10
2.245237920447e-10
2.204569606912e-10
2.165348344617e-10
2.127498250586e-10
2.090948656405e-10
2.055633667861e-10
2.021491768476e-10
1.988465461897e-10
1.956500948776e-10
1.944606257552e-10
1.954216762772e-10
1.963922732606e-10
1.973725596579e-10
1.983626812904e-10
1.993627869199e-10
2.003730283239e-10
2.013935603717e-10
2.024245411038e-10
2.034661318139e-10
2.045184971323e-10
2.005772711587e-10
1.981420383737e-10
1.957652291696e-10
1.934447660103e-10
1.911786687087e-10
1.889650487902e-10
1.868021042443e-10
1.846881146320e-10
1.826214365218e-10
1.806004992287e-10
1.786238008332e-10
1.798098212086e-10
1.839546114513e-10
1.882949931110e-10
1.928451455998e-10
1.976206528533e-10
2.026386816508e-10
2.079181878102e-10
2.134801554788e-10
2.193478758870e-10
2.255472733721e-10
2.316115544899e-10
2.307375761290e-10
2.298635977681e-10
2.289896194071e-10
2.281156410462e-10
2.272416626853e-10
2.263697951227e-10
2.255044506463e-10
2.246456968852e-10
2.237934588300e-10
2.229476626050e-10
2.244610282079e-10
2.277595927128e-10
2.310882741026e-10
2.344169554925e-10
2.377456368824e-10
2.410743182723e-10
2.444029996622e-10
2.477316810520e-10
2.510603624419e-10
2.543890438318e-10
2.564283223358e-10
2.475076763095e-10
2.385870302832e-10
2.296663842570e-10
2.209166340871e-10
2.127831484244e-10
2.052272969416e-10
1.981896550508e-10
1.916186790508e-10
1.854694415986e-10
1.797026030907e-10
1.802725012976e-10
1.845572773057e-10
1.890506963359e-10
1.937683781891e-10
1.987275417121e-10
2.039472147964e-10
2.094484783639e-10
2.152547509340e-10
2.213921218738e-10
2.278867298225e-10
2.337818839897e-10
2.357057799616e-10
2.376296759334e-10
2.395535719053e-10
2.414774678771e-10
2.434013638489e-10
2.453252598208e-10
2.472491557926e-10
2.491730517645e-10
2.510969477363e-10
2.530208437081e-10
2.509097068319e-10
2.469362471026e-10
2.429627873733e-10
2.389893276441e-10
2.350158679148e-10
2.310424081856e-10
2.270689484563e-10
2.231635571051e-10
2.193902328219e-10
2.157423881528e-10
2.131400015029e-10
2.140611334174e-10
2.149902616424e-10
2.159274907556e-10
2.168729271658e-10
2.178266791538e-10
2.187888569137e-10
2.197595725951e-10
2.207389403468e-10
2.217270763615e-10
2.227240989219e-10
2.257403502575e-10
2.295584861705e-10
2.333843487670e-10
2.372102113636e-10
2.410360739601e-10
2.448619365567e-10
2.486877991532e-10
2.525136617498e-10
2.563395243463e-10
2.601653869429e-10
2.646892683353e-10
2.711676023561e-10
2.776459363769e-10
2.841242703976e-10
2.906026044184e-10
2.970809384392e-10
3.035592724600e-10
3.100376064808e-10
3.165159405016e-10
3.229942745224e-10
3.294726085432e-10
3.228824580278e-10
3.128073783027e-10
3.027322985777e-10
2.926572188526e-10
2.825821391276e-10
2.725070594025e-10
2.624319796775e-10
2.523568999524e-10
2.422818202274e-10
2.322067405023e-10
2.245927285696e-10
2.222999697108e-10
2.200535491458e-10
2.178520761335e-10
2.156942150349e-10
2.135786826108e-10
2.115042454775e-10
2.094697177080e-10
2.074739585723e-10
2.055158704039e-10
2.035943965868e-10
2.071141222514e-10
2.118408763096e-10
2.167884169131e-10
2.219725833890e-10
2.274102294467e-10
2.329645223504e-10
2.385188152540e-10
2.440731081576e-10
2.496274010613e-10
2.551816939649e-10
2.560419479229e-10
2.488552779739e-10
2.416686080250e-10
2.344819380760e-10
2.272952681271e-10
2.203151523542e-10
2.137507606702e-10
2.075662290425e-10
2.017295127295e-10
1.962120727719e-10
1.909884093287e-10
1.916603848625e-10
1.930261265198e-10
1.944114719898e-10
1.958168464126e-10
1.972426873107e-10
1.986894450435e-10
2.001575832814e-10
2.016475795014e-10
2.031599255043e-10
2.046951279568e-10
2.066396438515e-10
2.091647696360e-10
2.117523727032e-10
2.144048008404e-10
2.171245209612e-10
2.199141267585e-10
2.227763469546e-10
2.257140542043e-10
2.287180929360e-10
2.317301700402e-10
2.347422471445e-10
2.311511300926e-10
2.271931689209e-10
2.232986024344e-10
2.195352358868e-10
2.158966187884e-10
2.123766494098e-10
2.089696175674e-10
2.056701737122e-10
2.024733009022e-10
1.993742893483e-10
1.978027782972e-10
1.978487070042e-10
1.978946570450e-10
1.979406284343e-10
1.979866211871e-10
1.980326353183e-10
1.980786708428e-10
1.981247277756e-10
1.981708061314e-10
1.982169059254e-10
1.982630271724e-10
1.963133971293e-10
1.941310261707e-10
1.919966435702e-10
1.899086837104e-10
1.878656483453e-10
1.858661030154e-10
1.839086736884e-10
1.819920436108e-10
1.801149503538e-10
1.782761830406e-10
1.764745797411e-10
1.778532045616e-10
1.822283295909e-10
1.868241363232e-10
1.916577535554e-10
1.967481298282e-10
2.021162816797e-10
2.077855836788e-10
2.137821086794e-10
2.201350287423e-10
2.268770897318e-10
2.334093473982e-10
2.322482818264e-10
2.310872162546e-10
2.299261506828e-10
2.287650851111e-10
2.276040195393e-10
2.264446319065e-10
2.252957206873e-10
2.241584090678e-10
2.230325222630e-10
2.219178889821e-10
2.231779302371e-10
2.262235010282e-10
2.293304331312e-10
2.324404660320e-10
2.355504989328e-10
2.386605318336e-10
2.417705647344e-10
2.448805976353e-10
2.479906305361e-10
2.511006634369e-10
2.529495792557e-10
2.440789998772e-10
2.352084204987e-10
2.263401372325e-10
2.178561851617e-10
2.099852659612e-10
2.026632517691e-10
1.958346576943e-10
1.894512331854e-10
1.834708201977e-10
1.778564210077e-10
1.788834674757e-10
1.838656338392e-10
1.891332722667e-10
1.947116422288e-10
2.006290738128e-10
2.069174489381e-10
2.136127759988e-10
2.207558797989e-10
2.283854641602e-10
2.361951345915e-10
2.429476577236e-10
2.440620619259e-10
2.451764661282e-10
2.462908703305e-10
2.474052745328e-10
2.485196787351e-10
2.496340829375e-10
2.507484871398e-10
2.518628913421e-10
2.529772955444e-10
2.540916997467e-10
2.518072654926e-10
2.479541365662e-10
2.441010076399e-10
2.402478787135e-10
2.363947497872e-10
2.325416208609e-10
2.286884919345e-10
2.248569675866e-10
2.211407307734e-10
2.175453341618e-10
2.150652681028e-10
2.163902037620e-10
2.177315654695e-10
2.190896605962e-10
2.204648042306e-10
2.218573194215e-10
2.232675374314e-10
2.246957979997e-10
2.261424496147e-10
2.276065361357e-10
2.290743539786e-10
2.310473841555e-10
2.332008473087e-10
2.353543104619e-10
2.375077736151e-10
2.396612367683e-10
2.418146999216e-10
2.439681630748e-10
2.461216262280e-10
2.482750893812e-10
2.504285525345e-10
2.541002611617e-10
2.620230571160e-10
2.699458530703e-10
2.778686490247e-10
2.857914449790e-10
2.937142409333e-10
3.016370368877e-10
3.095598328420e-10
3.174826287964e-10
3.254054247507e-10
3.333282207050e-10
3.274143813653e-10
3.178107726139e-10
3.082071638624e-10
2.986035551110e-10
2.889999463595e-10
2.793963376081e-10
2.697927288567e-10
2.601891201052e-10
2.505855113538e-10
2.409819026023e-10
2.332875866888e-10
2.297300719240e-10
2.261760202228e-10
2.227004259940e-10
2.193300324647e-10
2.160601344577e-10
2.128863032640e-10
2.098043666307e-10
2.068103904624e-10
2.039006620677e-10
2.010716747995e-10
2.039534840173e-10
2.080432541684e-10
2.123004005737e-10
2.167354128376e-10
2.213596757887e-10
2.261855670638e-10
2.311515261393e-10
2.361208738251e-10
2.410902215109e-10
2.460595691967e-10
2.469074147387e-10
2.406898280342e-10
2.344722413296e-10
2.282546546251e-10
2.221458224924e-10
2.163497845689e-10
2.108485065070e-10
2.056200606773e-10
2.006446417947e-10
1.959043162114e-10
1.913828059282e-10
1.925781932827e-10
1.944670834356e-10
1.963933947332e-10
1.983582503369e-10
2.003628188094e-10
2.024083164331e-10
2.044960096703e-10
2.066272177787e-10
2.088033155910e-10
2.110257364724e-10
2.132430950288e-10
2.154333272534e-10
2.176690183942e-10
2.199515985622e-10
2.222825584914e-10
2.246634527856e-10
2.270958980238e-10
2.295539301102e-10
2.320119621966e-10
2.344699942831e-10
2.369280263695e-10
2.335711475781e-10
2.298912181824e-10
2.262144570394e-10
2.226199554108e-10
2.191378988500e-10
2.157630922671e-10
2.124906557439e-10
2.093160009902e-10
2.062348098796e-10
2.032430148535e-10
2.012618215136e-10
2.003367806491e-10
1.994202042376e-10
1.985119766291e-10
1.976119842710e-10
1.967201156603e-10
1.958362612983e-10
1.949603136452e-10
1.940921670767e-10
1.932317178415e-10
1.923788640201e-10
1.922270325717e-10
1.902791826654e-10
1.883704121622e-10
1.864995566768e-10
1.846654976267e-10
1.828671600020e-10
1.811035102642e-10
1.793735543654e-10
1.776763358804e-10
1.760109342429e-10
1.743764630810e-10
1.759387117384e-10
1.805341463379e-10
1.853760804734e-10
1.904848941237e-10
1.958832775597e-10
2.015965682639e-10
2.076531485818e-10
2.140849172745e-10
2.209278515059e-10
2.282167674973e-10
2.352071403065e-10
2.337589875238e-10
2.323108347412e-10
2.308626819585e-10
2.294145291759e-10
2.279663763932e-10
2.265195181880e-10
2.250873767776e-10
2.236732306651e-10
2.222767427936e-10
2.208975844712e-10
2.219094181644e-10
2.247058921323e-10
2.275725921597e-10
2.304639765715e-10
2.333553609832e-10
2.362467453950e-10
2.391381298067e-10
2.420295142185e-10
2.449208986302e-10
2.478122830420e-10
2.494708361755e-10
2.406503234448e-10
2.318298107141e-10
2.230803309305e-10
2.148793728968e-10
2.072600071999e-10
2.001624847638e-10
1.935349698410e-10
1.873322719220e-10
1.815148139221e-10
1.760477868298e-10
1.775156755194e-10
1.831791549987e-10
1.892159203661e-10
1.956641348076e-10
2.025673472398e-10
2.099754771230e-10
2.179460235717e-10
2.265455607135e-10
2.355239635766e-10
2.445035393606e-10
2.521134314575e-10
2.524183438903e-10
2.527232563230e-10
2.530281687558e-10
2.533330811886e-10
2.536379936214e-10
2.539429060541e-10
2.542478184869e-10
2.545527309197e-10
2.548576433525e-10
2.551625557852e-10
2.527048241533e-10
2.489720260298e-10
2.452392279064e-10
2.415064297830e-10
2.377736316596e-10
2.340408335362e-10
2.303080354128e-10
2.265762744619e-10
2.229193875819e-10
2.193786683432e-10
2.170256331203e-10
2.187705140426e-10
2.205436799779e-10
2.223458243083e-10
2.241776632659e-10
2.260399368824e-10
2.279300711706e-10
2.298248181561e-10
2.317195651416e-10
2.336143121270e-10
2.355090591125e-10
2.363621447370e-10
2.368432084469e-10
2.373242721568e-10
2.378053358667e-10
2.382863995766e-10
2.387674632865e-10
2.392485269964e-10
2.397295907063e-10
2.402106544161e-10
2.406917181260e-10
2.435112539880e-10
2.528785118759e-10
2.622457697638e-10
2.716130276517e-10
2.809802855396e-10
2.903475434275e-10
2.997148013154e-10
3.090820592032e-10
3.184493170911e-10
3.278165749790e-10
3.371838328669e-10
3.319463047029e-10
3.228141669251e-10
3.136820291472e-10
3.045498913694e-10
2.954177535915e-10
2.862856158137e-10
2.771534780358e-10
2.680213402580e-10
2.588892024801e-10
2.497570647023e-10
2.420095719848e-10
2.372621435646e-10
2.325147151445e-10
2.277672867244e-10
2.230905246873e-10
2.185999253292e-10
2.142865417458e-10
2.101400865349e-10
2.061510534265e-10
2.023106445236e-10
1.986107055272e-10
2.008878608390e-10
2.043793923162e-10
2.079944396875e-10
2.117396751906e-10
2.156222604476e-10
2.196498921718e-10
2.238308530934e-10
2.281686394925e-10
2.325530419605e-10
2.369374444285e-10
2.377728815546e-10
2.325243780944e-10
2.272758746343e-10
2.221365414033e-10
2.172243116231e-10
2.125246353070e-10
2.080240087437e-10
2.037100483712e-10
1.995713769889e-10
1.955975235649e-10
1.917788347792e-10
1.935048342594e-10
1.959297159000e-10
1.984161429920e-10
2.009664887624e-10
2.035832500443e-10
2.062690554301e-10
2.090266740795e-10
2.118590252426e-10
2.147691885685e-10
2.177604152752e-10
2.202825229847e-10
2.220892239366e-10
2.239258061659e-10
2.257930171701e-10
2.276898831830e-10
2.295938702516e-10
2.314978573202e-10
2.334018443887e-10
2.353058314573e-10
2.372098185259e-10
2.391138055945e-10
2.359911650637e-10
2.325892674440e-10
2.291873698243e-10
2.257925979826e-10
2.224779857085e-10
2.192592818480e-10
2.161323830960e-10
2.130934169285e-10
2.101387256025e-10
2.072648514695e-10
2.048439968697e-10
2.028882295027e-10
2.009694546923e-10
1.990866327223e-10
1.972387624781e-10
1.954248796714e-10
1.936440551628e-10
1.918953933743e-10
1.901780307877e-10
1.884911345228e-10
1.868339009904e-10
1.883073186644e-10
1.865772177673e-10
1.848786185516e-10
1.832106684054e-10
1.815725452102e-10
1.799634559901e-10
1.783826356314e-10
1.768293456698e-10
1.753028731399e-10
1.738025294845e-10
1.723276495182e-10
1.740649969062e-10
1.788711746735e-10
1.839502994558e-10
1.893263021284e-10
1.950259953349e-10
2.010795207321e-10
2.075208821960e-10
2.143885849042e-10
2.217264056600e-10
2.295565944100e-10
2.370049332147e-10
2.352696932212e-10
2.335344532277e-10
2.317992132342e-10
2.300639732407e-10
2.283287332472e-10
2.265944540164e-10
2.248794178470e-10
2.231901480096e-10
2.215260681719e-10
2.198866190626e-10
2.206552446828e-10
2.232085091566e-10
2.258215544675e-10
2.284874871110e-10
2.311602230336e-10
2.338329589563e-10
2.365056948790e-10
2.391784308017e-10
2.418511667244e-10
2.445239026470e-10
2.459920930954e-10
2.372216470125e-10
2.284512009296e-10
2.199130885636e-10
2.119828150446e-10
2.046045807644e-10
1.977226820119e-10
1.912886656068e-10
1.852601863937e-10
1.796000741733e-10
1.742755666066e-10
1.761686418629e-10
1.824977831514e-10
1.892986407287e-10
1.966259920240e-10
2.045434372530e-10
2.131252502599e-10
2.224587156862e-10
2.325129818565e-10
2.426624629930e-10
2.528119441296e-10
2.612792051914e-10
2.607746258546e-10
2.602700465178e-10
2.597654671811e-10
2.592608878443e-10
2.587563085076e-10
2.582517291708e-10
2.577471498341e-10
2.572425704973e-10
2.567379911605e-10
2.562334118238e-10
2.536023828139e-10
2.499899154935e-10
2.463774481730e-10
2.427649808525e-10
2.391525135320e-10
2.355400462115e-10
2.319275788910e-10
2.283151115705e-10
2.247268882099e-10
2.212431655031e-10
2.190220651728e-10
2.212037739971e-10
2.234293847359e-10
2.257002359964e-10
2.280137074785e-10
2.303353836065e-10
2.326570597345e-10
2.349787358624e-10
2.373004119904e-10
2.396220881184e-10
2.419437642464e-10
2.416769053186e-10
2.404855695851e-10
2.392942338517e-10
2.381028981182e-10
2.369115623848e-10
2.357202266514e-10
2.345288909179e-10
2.333375551845e-10
2.321462194511e-10
2.309548837176e-10
2.329222468144e-10
2.437339666358e-10
2.545456864573e-10
2.653574062787e-10
2.761691261002e-10
2.869808459216e-10
2.977925657430e-10
3.086042855645e-10
3.194160053859e-10
3.302277252073e-10
3.410394450288e-10
3.364782280405e-10
3.278175612362e-10
3.191568944320e-10
3.104962276277e-10
3.018355608235e-10
2.931748940193e-10
2.845142272150e-10
2.758535604108e-10
2.671928936065e-10
2.585322268023e-10
2.507315572808e-10
2.447942152053e-10
2.388568731298e-10
2.329195310543e-10
2.269822163524e-10
2.212001370259e-10
2.157053220432e-10
2.104768825702e-10
2.054959071257e-10
2.007452330181e-10
1.962092487698e-10
1.979130316515e-10
2.008423460753e-10
2.038596769048e-10
2.069690515573e-10
2.101747469686e-10
2.134813092215e-10
2.168935750550e-10
2.204166954717e-10
2.240561616823e-10
2.278153196603e-10
2.286383483704e-10
2.243907061581e-10
2.202877683601e-10
2.163321790685e-10
2.125161407255e-10
2.088323964233e-10
2.052741838446e-10
2.018351938324e-10
1.985095330565e-10
1.952916903107e-10
1.921765060355e-10
1.944404359098e-10
1.974145167001e-10
2.004809913373e-10
2.036442332648e-10
2.069088963723e-10
2.102799378417e-10
2.137626432626e-10
2.173626542867e-10
2.210859991237e-10
2.249391262260e-10
2.278001643121e-10
2.291501063629e-10
2.305000484136e-10
2.318499904643e-10
2.331999325151e-10
2.345498745658e-10
2.358998166165e-10
2.372497586673e-10
2.385997007180e-10
2.399496427687e-10
2.412995848194e-10
2.384111825492e-10
2.352873167056e-10
2.321634508619e-10
2.290395850183e-10
2.259214673153e-10
2.228706409766e-10
2.199011130448e-10
2.170096765896e-10
2.141932911610e-10
2.114490721244e-10
2.085559982401e-10
2.055055062030e-10
2.025429651702e-10
1.996646255245e-10
1.968669478055e-10
1.941465881897e-10
1.915003851575e-10
1.889253472371e-10
1.864186417226e-10
1.839775842795e-10
1.815996293561e-10
1.845442645782e-10
1.830165505601e-10
1.815139226419e-10
1.800357679593e-10
1.785814934501e-10
1.771505250608e-10
1.757423069912e-10
1.743563009746e-10
1.729919855917e-10
1.716488556166e-10
1.703264213933e-10
1.722307709595e-10
1.772385599630e-10
1.825462832268e-10
1.881817188055e-10
1.941761841960e-10
2.005651186247e-10
2.073887841992e-10
2.146931152291e-10
2.225307535794e-10
2.308964213228e-10
2.388027261230e-10
2.367803989186e-10
2.347580717143e-10
2.327357445099e-10
2.307134173056e-10
2.286910901012e-10
2.266694394408e-10
2.246718428295e-10
2.227091475516e-10
2.207804468517e-10
2.188848651157e-10
2.194151680447e-10
2.217309504365e-10
2.240961373724e-10
2.265123268818e-10
2.289650850841e-10
2.314191725177e-10
2.338732599513e-10
2.363273473849e-10
2.387814348185e-10
2.412355222521e-10
2.425133500153e-10
2.337929705802e-10
2.250898534981e-10
2.168345227209e-10
2.091633093015e-10
2.020163365215e-10
1.953416410592e-10
1.890939074946e-10
1.832334381374e-10
1.777253086624e-10
1.725386715931e-10
1.748418975073e-10
1.818214615191e-10
1.893814334495e-10
1.975973526660e-10
2.065584614828e-10
2.163709599329e-10
2.271621894313e-10
2.384815759204e-10
2.498009624095e-10
2.611203488986e-10
2.704449789252e-10
2.691309078189e-10
2.678168367127e-10
2.665027656064e-10
2.651886945001e-10
2.638746233938e-10
2.625605522875e-10
2.612464811812e-10
2.599324100749e-10
2.586183389686e-10
2.573042678623e-10
2.544999414746e-10
2.510078049571e-10
2.475156684395e-10
2.440235319220e-10
2.405313954044e-10
2.370392588868e-10
2.335471223693e-10
2.300549858517e-10
2.265639400173e-10
2.231396270141e-10
2.210555688501e-10
2.236917702847e-10
2.263916067172e-10
2.291382324869e-10
2.318868377574e-10
2.346354430278e-10
2.373840482983e-10
2.401326535688e-10
2.428812588393e-10
2.456298641097e-10
2.483784693802e-10
2.469916659001e-10
2.441279307233e-10
2.412641955466e-10
2.384004603698e-10
2.355367251930e-10
2.326729900163e-10
2.298092548395e-10
2.269455784065e-10
2.241203688991e-10
2.213646356627e-10
2.224296726971e-10
2.345894213958e-10
2.468456031508e-10
2.591017849057e-10
2.713579666607e-10
2.836141484157e-10
2.958703301707e-10
3.081265119257e-10
3.203826936807e-10
3.326388754357e-10
3.448950571907e-10
3.410101513780e-10
3.328209555474e-10
3.246317597168e-10
3.164425638861e-10
3.082533680555e-10
3.000641722248e-10
2.918749763942e-10
2.836857805636e-10
2.754965847329e-10
2.673073889023e-10
2.594535425768e-10
2.523262868459e-10
2.451990311150e-10
2.380717753842e-10
2.309445196533e-10
2.238629515913e-10
2.171430149041e-10
2.108147599190e-10
2.048449117320e-10
1.992038607571e-10
1.938651715709e-10
1.950250217707e-10
1.974256433358e-10
1.998861013898e-10
2.024086613399e-10
2.049957044125e-10
2.076497351504e-10
2.103733895011e-10
2.131694435482e-10
2.160408229503e-10
2.189906131518e-10
2.197472389573e-10
2.166898620914e-10
2.137163933013e-10
2.108234251266e-10
2.080077321425e-10
2.052662589647e-10
2.025961091893e-10
1.999945351853e-10
1.974589286640e-10
1.949868119558e-10
1.925758299355e-10
1.953851288405e-10
1.989219936747e-10
2.025892679544e-10
2.063942997303e-10
2.103449996648e-10
2.144498959284e-10
2.187181956529e-10
2.231598538718e-10
2.277833459755e-10
2.324750370021e-10
2.355263937156e-10
2.363222907484e-10
2.371181877813e-10
2.379140848142e-10
2.387099818471e-10
2.395058788800e-10
2.403017759129e-10
2.410976729458e-10
2.418935699787e-10
2.426894670115e-10
2.434853640444e-10
2.408312000347e-10
2.379853659671e-10
2.351395318995e-10
2.322936978319e-10
2.294478637643e-10
2.266029557313e-10
2.238036071780e-10
2.210725783596e-10
2.184073983540e-10
2.158057139739e-10
2.124050136559e-10
2.081911915990e-10
2.041413100071e-10
2.002459841821e-10
1.964965323107e-10
1.928849108692e-10
1.894036570235e-10
1.860458371548e-10
1.828050007669e-10
1.796751391276e-10
1.766506480869e-10
1.845317220379e-10
1.826568211079e-10
1.808196361499e-10
1.790190404411e-10
1.772539516952e-10
1.755233298939e-10
1.738261752430e-10
1.721615262465e-10
1.705284578901e-10
1.689260799273e-10
1.673535352610e-10
1.690940230976e-10
1.740053988998e-10
1.792106134562e-10
1.847368496832e-10
1.906147500876e-10
1.968789852358e-10
2.035689381207e-10
2.107295329669e-10
2.184122453331e-10
2.266763415312e-10
2.347486352069e-10
2.332280132573e-10
2.317073913077e-10
2.301867693581e-10
2.286661474085e-10
2.271455254589e-10
2.256339298401e-10
2.241422891698e-10
2.226702411142e-10
2.212174021700e-10
2.197833987781e-10
2.202583706560e-10
2.221370728729e-10
2.240480997293e-10
2.259922927230e-10
2.279668944655e-10
2.299465504648e-10
2.319262064641e-10
2.339058624633e-10
2.358855184626e-10
2.378651744618e-10
2.387852531840e-10
2.306989250506e-10
2.226980735683e-10
2.151820419980e-10
2.081567773207e-10
2.015757315535e-10
1.953980629163e-10
1.895877874458e-10
1.841130776015e-10
1.789456789862e-10
1.740604226074e-10
1.765042923428e-10
1.835487618908e-10
1.911789106918e-10
1.994709470521e-10
2.085149003255e-10
2.184179029300e-10
2.292864277195e-10
2.404969750089e-10
2.517075222982e-10
2.629180695876e-10
2.720044407896e-10
2.697618728593e-10
2.675193049290e-10
2.652767369987e-10
2.630341690684e-10
2.607916011381e-10
2.585490332078e-10
2.563064652775e-10
2.540638973472e-10
2.518213294169e-10
2.495787614866e-10
2.470990524539e-10
2.445098936815e-10
2.419207349092e-10
2.393315761368e-10
2.367424173645e-10
2.341532585921e-10
2.315640998198e-10
2.289749410474e-10
2.263877844788e-10
2.238428903037e-10
2.222217892879e-10
2.238896438199e-10
2.255827233722e-10
2.273013499697e-10
2.290296644690e-10
2.307579789683e-10
2.324862934676e-10
2.342146079669e-10
2.359429224663e-10
2.376712369656e-10
2.393995514649e-10
2.381599681841e-10
2.358604214105e-10
2.335608746368e-10
2.312613278632e-10
2.289617810895e-10
2.266629335463e-10
2.243943777017e-10
2.221707815578e-10
2.199908216685e-10
2.178532260263e-10
2.191111663071e-10
2.304244359547e-10
2.420261459866e-10
2.536278560184e-10
2.652295660503e-10
2.768312760822e-10
2.884329861140e-10
3.000346961459e-10
3.116364061777e-10
3.232381162096e-10
3.348398262415e-10
3.311751232878e-10
3.234393768714e-10
3.157036304549e-10
3.079678840384e-10
3.002321376220e-10
2.924963912055e-10
2.847606447890e-10
2.770248983726e-10
2.692891519561e-10
2.615534055396e-10
2.540869561313e-10
2.472039835740e-10
2.403210110166e-10
2.334380384593e-10
2.265561908931e-10
2.199049641116e-10
2.136331319321e-10
2.077091327710e-10
2.021048113712e-10
1.967949713342e-10
1.917569963852e-10
1.926483000090e-10
1.946614772141e-10
1.967171742067e-10
1.988167524382e-10
2.009616321105e-10
2.031532953797e-10
2.053932897717e-10
2.076832318262e-10
2.100248109873e-10
2.124197937604e-10
2.132107897857e-10
2.112014047518e-10
2.092295406263e-10
2.072941561977e-10
2.053942484268e-10
2.035288507130e-10
2.016970312542e-10
1.998978914953e-10
1.981305646580e-10
1.963942143488e-10
1.946880332389e-10
1.978935567910e-10
2.018170547093e-10
2.058992764636e-10
2.101500525815e-10
2.145800425052e-10
2.192008238420e-10
2.240249933985e-10
2.290487280272e-10
2.341136080005e-10
2.391784879738e-10
2.423059380268e-10
2.427694219395e-10
2.432329058522e-10
2.436963897649e-10
2.441598736777e-10
2.446233575904e-10
2.450868415031e-10
2.455503254158e-10
2.460138093285e-10
2.464772932412e-10
2.469407771539e-10
2.443648349270e-10
2.416200356924e-10
2.388752364578e-10
2.361304372232e-10
2.333856379886e-10
2.306408387540e-10
2.278960395194e-10
2.251671695580e-10
2.224999405714e-10
2.198951614212e-10
2.161240688141e-10
2.111782860225e-10
2.064537976973e-10
2.019360764226e-10
1.976118391369e-10
1.934689166932e-10
1.894961394916e-10
1.856832369182e-10
1.820207486852e-10
1.784999464612e-10
1.751127644234e-10
1.858408348930e-10
1.834152115955e-10
1.810520917142e-10
1.787490900988e-10
1.765039414325e-10
1.743144927992e-10
1.721786967975e-10
1.700946051551e-10
1.680603628008e-10
1.660742023574e-10
1.641344390203e-10
1.656125102869e-10
1.703335997802e-10
1.753317542145e-10
1.806321009306e-10
1.862629004228e-10
1.922560503965e-10
1.986476903722e-10
2.054789310383e-10
2.127967394531e-10
2.206550203812e-10
2.286045857820e-10
2.278673806820e-10
2.271301755821e-10
2.263949303472e-10
2.256644091062e-10
2.249385871297e-10
2.242174192193e-10
2.235008607542e-10
2.227888676823e-10
2.220813965112e-10
2.213784042990e-10
2.218624998999e-10
2.232206368159e-10
2.245955038850e-10
2.259874121577e-10
2.273961850367e-10
2.288100585497e-10
2.302239320627e-10
2.316378055758e-10
2.330516790888e-10
2.344655526018e-10
2.349681014415e-10
2.277243905576e-10
2.206660113651e-10
2.140303136843e-10
2.077820524542e-10
2.018882584566e-10
1.963196000160e-10
1.910498947970e-10
1.860556981728e-10
1.813159545110e-10
1.768117004371e-10
1.793048462675e-10
1.861981655940e-10
1.936426992411e-10
2.017073163025e-10
2.104728571756e-10
2.200348529026e-10
2.304555051423e-10
2.411005187490e-10
2.517455323556e-10
2.623905459623e-10
2.708473627007e-10
2.676337961412e-10
2.644202295817e-10
2.612066630222e-10
2.579930964627e-10
2.547795299033e-10
2.515659633438e-10
2.483523967843e-10
2.451388302248e-10
2.419252636653e-10
2.387116971058e-10
2.367344321183e-10
2.353277678563e-10
2.339211035942e-10
2.325144393322e-10
2.311077750701e-10
2.297011108081e-10
2.282944465461e-10
2.268879143883e-10
2.254920353871e-10
2.241132270519e-10
2.230753846052e-10
2.232600447763e-10
2.234450109213e-10
2.236302838014e-10
2.238158641802e-10
2.240017528238e-10
2.241879505011e-10
2.243744579832e-10
2.245612760441e-10
2.247484054601e-10
2.249358470103e-10
2.243097110977e-10
2.233994031765e-10
2.224964539306e-10
2.216007744912e-10
2.207122774144e-10
2.198308766533e-10
2.189564875300e-10
2.180890267085e-10
2.172284121680e-10
2.163745631778e-10
2.182000831003e-10
2.280378647275e-10
2.382354838732e-10
2.484331030188e-10
2.586307221645e-10
2.688283413101e-10
2.790259604558e-10
2.892235796014e-10
2.994211987471e-10
3.096188178927e-10
3.198164370384e-10
3.162090411162e-10
3.089203078427e-10
3.016315745692e-10
2.943428412957e-10
2.870541080222e-10
2.797653747487e-10
2.724766414752e-10
2.651879082017e-10
2.578991749281e-10
2.506104416546e-10
2.436887369210e-10
2.375622606904e-10
2.314357844598e-10
2.253227190539e-10
2.194470116892e-10
2.138699563315e-10
2.085693473724e-10
2.035251273613e-10
1.987191333752e-10
1.941348784941e-10
1.897573628415e-10
1.904785334358e-10
1.921613004277e-10
1.938740649646e-10
1.956176363790e-10
1.973928533820e-10
1.992005854085e-10
2.010417340370e-10
2.029172344890e-10
2.048280572130e-10
2.067752095592e-10
2.076302332282e-10
2.065684335813e-10
2.055174385489e-10
2.044770840483e-10
2.034472093023e-10
2.024276567565e-10
2.014182719991e-10
2.004189036831e-10
1.994294034500e-10
1.984496258569e-10
1.974794283054e-10
2.010431079024e-10
2.053040723391e-10
2.097495638635e-10
2.143918345826e-10
2.192442458297e-10
2.243213965987e-10
2.296103236930e-10
2.349327101543e-10
2.402550966156e-10
2.455774830769e-10
2.487473805194e-10
2.489576055611e-10
2.491678306028e-10
2.493780556445e-10
2.495882806862e-10
2.497985057279e-10
2.500087307696e-10
2.502189558113e-10
2.504291808530e-10
2.506394058947e-10
2.508496309364e-10
2.482961903218e-10
2.455892127263e-10
2.428822351307e-10
2.401752575352e-10
2.374682799397e-10
2.347613023441e-10
2.320543247486e-10
2.293473471531e-10
2.266411474861e-10
2.239758883550e-10
2.198742204236e-10
2.143371265462e-10
2.090720634558e-10
2.040594649641e-10
1.992815973813e-10
1.947223498926e-10
1.903670530662e-10
1.862023211852e-10
1.822159148324e-10
1.783966207560e-10
1.747341465346e-10
1.871686547894e-10
1.841799260095e-10
1.812851457216e-10
1.784799526696e-10
1.757602514268e-10
1.731221924464e-10
1.705621538819e-10
1.680767249966e-10
1.656626910034e-10
1.633170191918e-10
1.610368462180e-10
1.622714685040e-10
1.668135602439e-10
1.716172468472e-10
1.767057976314e-10
1.821053260393e-10
1.878452378687e-10
1.939587670307e-10
2.004836194459e-10
2.074627514308e-10
2.149453165288e-10
2.225518965511e-10
2.225962999693e-10
2.226407211096e-10
2.226851599828e-10
2.227296165995e-10
2.227740909703e-10
2.228185831057e-10
2.228630930166e-10
2.229076207134e-10
2.229521662070e-10
2.229967295078e-10
2.234901661272e-10
2.243148236240e-10
2.251455894758e-10
2.259825318031e-10
2.268257197430e-10
2.276735666346e-10
2.285216576614e-10
2.293697486882e-10
2.302178397150e-10
2.310659307418e-10
2.311509496990e-10
2.247731438719e-10
2.186706979209e-10
2.128908486257e-10
2.074086743265e-10
2.022017559599e-10
1.972498706183e-10
1.925347290605e-10
1.880397499919e-10
1.837498652415e-10
1.796513510118e-10
1.821957045503e-10
1.889251742159e-10
1.961708202503e-10
2.039944002652e-10
2.124679330395e-10
2.216759220239e-10
2.316245825651e-10
2.417040624891e-10
2.517835424131e-10
2.618630223371e-10
2.696902846117e-10
2.655057194230e-10
2.613211542344e-10
2.571365890457e-10
2.529520238570e-10
2.487674586684e-10
2.445828934797e-10
2.403983282911e-10
2.362137631024e-10
2.320291979137e-10
2.278446327251e-10
2.263719096672e-10
2.261493176539e-10
2.259271629611e-10
2.257054443012e-10
2.254841603918e-10
2.252633099553e-10
2.250428917194e-10
2.248229044166e-10
2.246033467844e-10
2.243842175651e-10
2.239355628462e-10
2.226339767882e-10
2.213474337750e-10
2.200756745157e-10
2.188184456442e-10
2.175754995515e-10
2.163465942223e-10
2.151314930787e-10
2.139299648280e-10
2.127417833158e-10
2.115667273845e-10
2.115319840340e-10
2.119026964389e-10
2.122747104809e-10
2.126480330277e-10
2.130226709951e-10
2.133986313477e-10
2.137759210996e-10
2.141545473144e-10
2.145345171058e-10
2.149158376382e-10
2.172965452451e-10
2.256599921540e-10
2.344448217598e-10
2.432383500192e-10
2.520318782787e-10
2.608254065381e-10
2.696189347975e-10
2.784124630569e-10
2.872059913164e-10
2.959995195758e-10
3.047930478352e-10
3.012429589447e-10
2.944012388141e-10
2.875595186835e-10
2.807177985530e-10
2.738760784224e-10
2.670343582919e-10
2.601926381613e-10
2.533509180307e-10
2.465091979002e-10
2.396674777696e-10
2.332905177107e-10
2.279205378068e-10
2.226384117900e-10
2.175925934083e-10
2.127704205827e-10
2.081573467406e-10
2.037400600748e-10
1.995063552520e-10
1.954450207907e-10
1.915457399209e-10
1.877990030784e-10
1.883570979756e-10
1.897245323605e-10
1.911119665332e-10
1.925198424946e-10
1.939486153667e-10
1.953987538832e-10
1.968707409022e-10
1.983650739419e-10
1.998822657419e-10
2.014228448492e-10
2.023343553111e-10
2.021343595677e-10
2.019347588022e-10
2.017355518457e-10
2.015367375338e-10
2.013383147069e-10
2.011402822097e-10
2.009426388917e-10
2.007453836067e-10
2.005485152131e-10
2.003520325737e-10
2.042945329808e-10
2.089137067154e-10
2.137465950122e-10
2.188083809533e-10
2.241157207230e-10
2.296569063830e-10
2.352367993322e-10
2.408166922815e-10
2.463965852308e-10
2.519764781801e-10
2.551888230121e-10
2.551457891828e-10
2.551027553534e-10
2.550597215241e-10
2.550166876948e-10
2.549736538655e-10
2.549306200362e-10
2.548875862069e-10
2.548445523775e-10
2.548015185482e-10
2.547584847189e-10
2.522275457165e-10
2.495583897601e-10
2.468892338036e-10
2.442200778471e-10
2.415509218907e-10
2.388817659342e-10
2.362126099778e-10
2.335434540213e-10
2.308742980648e-10
2.282051421084e-10
2.237568142583e-10
2.175919030381e-10
2.117575924193e-10
2.062279835616e-10
2.009798139598e-10
1.959921303159e-10
1.912460089420e-10
1.867243158264e-10
1.824114999506e-10
1.782934146030e-10
1.743571623615e-10
1.885155855944e-10
1.849510437801e-10
1.815188004863e-10
1.782116244871e-10
1.750228021231e-10
1.719460918099e-10
1.689756832629e-10
1.661061608748e-10
1.633324707645e-10
1.606498910712e-10
1.580540051300e-10
1.590625643418e-10
1.634360621970e-10
1.680568623849e-10
1.729465510172e-10
1.781293017204e-10
1.836322753179e-10
1.894860959588e-10
1.957254213129e-10
2.023896292530e-10
2.095236497651e-10
2.168019483607e-10
2.175609497873e-10
2.183252842569e-10
2.190950081758e-10
2.198701787484e-10
2.206508539919e-10
2.214370927501e-10
2.222289547086e-10
2.230265004097e-10
2.238297912683e-10
2.246388895869e-10
2.251418911949e-10
2.254197902810e-10
2.256983762525e-10
2.259776516593e-10
2.262576190639e-10
2.265382810413e-10
2.268196401796e-10
2.271016918006e-10
2.273840003412e-10
2.276663088817e-10
2.273337979565e-10
2.218955678394e-10
2.167111452964e-10
2.117634519963e-10
2.070366356903e-10
2.025162285921e-10
1.981889994668e-10
1.940428242854e-10
1.900665727831e-10
1.862500086841e-10
1.825837017117e-10
1.851813065855e-10
1.917332481795e-10
1.987658267466e-10
2.063339438303e-10
2.145011935740e-10
2.233416540071e-10
2.327936599879e-10
2.423076062292e-10
2.518215524705e-10
2.613354987118e-10
2.685332065227e-10
2.633776427049e-10
2.582220788870e-10
2.530665150692e-10
2.479109512513e-10
2.427553874335e-10
2.375998236157e-10
2.324442597978e-10
2.272886959800e-10
2.222378107960e-10
2.174063213476e-10
2.165185183719e-10
2.173934395707e-10
2.182754603275e-10
2.191646674083e-10
2.200611489991e-10
2.209649947346e-10
2.218762957280e-10
2.227951446020e-10
2.237216355198e-10
2.246558642177e-10
2.248024004569e-10
2.220114102332e-10
2.192888721417e-10
2.166322983934e-10
2.140393203099e-10
2.115076812785e-10
2.090352302030e-10
2.066199154070e-10
2.042597789559e-10
2.019529513640e-10
1.996976466549e-10
2.001315573467e-10
2.015313745862e-10
2.029509117586e-10
2.043905885271e-10
2.058508365476e-10
2.073320999006e-10
2.088348355410e-10
2.103595137689e-10
2.119066187193e-10
2.134766488757e-10
2.164004593950e-10
2.233271505906e-10
2.306541596464e-10
2.380435970196e-10
2.454330343928e-10
2.528224717660e-10
2.602119091393e-10
2.676013465125e-10
2.749907838857e-10
2.823802212589e-10
2.897696586321e-10
2.862768767731e-10
2.798821697855e-10
2.734874627979e-10
2.670927558103e-10
2.606980488227e-10
2.543033418351e-10
2.479086348474e-10
2.415139278598e-10
2.351192208722e-10
2.287245138846e-10
2.229674549723e-10
2.186058435353e-10
2.144115987676e-10
2.103752685618e-10
2.064880994088e-10
2.027419730273e-10
1.991293497689e-10
1.956432179679e-10
1.922770485196e-10
1.890247540689e-10
1.858806522713e-10
1.862823965666e-10
1.873487909895e-10
1.884274650972e-10
1.895186322215e-10
1.906225106645e-10
1.917393238443e-10
1.928693004454e-10
1.940126745755e-10
1.951696859264e-10
1.963405799421e-10
1.973019145343e-10
1.978866436460e-10
1.984748488967e-10
1.990665613765e-10
1.996618125476e-10
2.002606342493e-10
2.008630587045e-10
2.014691185245e-10
2.020788467158e-10
2.026922766854e-10
2.033094422473e-10
2.076528560328e-10
2.126525410882e-10
2.178989220186e-10
2.234107194905e-10
2.291884760969e-10
2.350258755342e-10
2.408632749714e-10
2.467006744087e-10
2.525380738460e-10
2.583754732833e-10
2.616302655047e-10
2.613339728044e-10
2.610376801040e-10
2.607413874037e-10
2.604450947034e-10
2.601488020031e-10
2.598525093027e-10
2.595562166024e-10
2.592599239021e-10
2.589636312018e-10
2.586673385014e-10
2.561589011113e-10
2.535275667939e-10
2.508962324765e-10
2.482648981591e-10
2.456335638417e-10
2.430022295243e-10
2.403708952069e-10
2.377395608896e-10
2.351082265722e-10
2.324768922548e-10
2.277767295730e-10
2.209470533416e-10
2.145130103010e-10
2.084430864462e-10
2.027072226650e-10
1.972785798621e-10
1.921331190338e-10
1.872492453870e-10
1.826075053904e-10
1.781903277948e-10
1.739818013526e-10
1.898820428848e-10
1.857286456734e-10
1.817530583341e-10
1.779441019070e-10
1.742915152960e-10
1.707858629607e-10
1.674184535284e-10
1.641812678481e-10
1.610668952337e-10
1.580684768278e-10
1.551796551762e-10
1.559781107807e-10
1.601926192899e-10
1.646412034498e-10
1.693439212721e-10
1.743231898549e-10
1.796041427136e-10
1.852150540915e-10
1.911878453684e-10
1.975586927184e-10
2.043687604474e-10
2.113416334340e-10
2.127483696063e-10
2.141739583531e-10
2.156187812144e-10
2.170832300954e-10
2.185677076212e-10
2.200726275058e-10
2.215984149364e-10
2.231455069741e-10
2.247143529712e-10
2.263054150064e-10
2.268182125019e-10
2.265356968788e-10
2.262538841602e-10
2.259727717263e-10
2.256923569701e-10
2.254126372974e-10
2.251336101270e-10
2.248552728905e-10
2.245776230322e-10
2.243006580087e-10
2.235711233990e-10
2.190907387222e-10
2.147864006501e-10
2.106479330753e-10
2.066659293505e-10
2.028316809100e-10
1.991371136921e-10
1.955747313859e-10
1.921375646618e-10
1.888191256640e-10
1.856133671384e-10
1.882663876054e-10
1.946260567470e-10
2.014304086573e-10
2.087277728630e-10
2.165737456221e-10
2.250326090315e-10
2.339627374107e-10
2.429111499693e-10
2.518595625279e-10
2.608079750865e-10
2.673761284337e-10
2.612495659867e-10
2.551230035397e-10
2.489964410927e-10
2.428698786456e-10
2.367433161986e-10
2.306167537516e-10
2.245189733199e-10
2.186844868307e-10
2.131455568538e-10
2.078802802332e-10
2.074871331836e-10
2.092902963133e-10
2.111250749088e-10
2.129923078110e-10
2.148928638009e-10
2.168276429477e-10
2.187975780301e-10
2.208036360355e-10
2.228468197432e-10
2.249281693957e-10
2.256759750716e-10
2.213923158194e-10
2.172682475027e-10
2.132950146967e-10
2.094644909243e-10
2.057691231771e-10
2.022018822065e-10
1.987562178973e-10
1.954260191284e-10
1.922055776012e-10
1.890895551872e-10
1.898971318545e-10
1.921279059968e-10
1.944117141867e-10
1.967504704093e-10
1.991461818714e-10
2.016009547473e-10
2.041170003539e-10
2.066966417953e-10
2.093423211168e-10
2.120566070156e-10
2.155117337372e-10
2.210420486834e-10
2.268636692469e-10
2.328488440200e-10
2.388341905070e-10
2.448195369940e-10
2.508048834810e-10
2.567902299680e-10
2.627755764550e-10
2.687609229420e-10
2.747462694290e-10
2.713107946015e-10
2.653631007569e-10
2.594154069122e-10
2.534677130675e-10
2.475200192229e-10
2.415723253782e-10
2.356246315336e-10
2.296769376889e-10
2.237774262138e-10
2.181458927301e-10
2.133722737602e-10
2.100198319712e-10
2.067711057730e-10
2.036213554575e-10
2.005661257842e-10
1.976012249533e-10
1.947227054186e-10
1.919268463514e-10
1.892101375955e-10
1.865692649643e-10
1.840010967536e-10
1.842529017455e-10
1.850318121278e-10
1.858173359967e-10
1.866095579408e-10
1.874085639975e-10
1.882144416842e-10
1.890272800300e-10
1.898471696087e-10
1.906742025724e-10
1.915084726859e-10
1.925137313787e-10
1.938137790578e-10
1.951315045927e-10
1.964672710230e-10
1.978214513976e-10
1.991944291217e-10
2.005865983193e-10
2.019983642098e-10
2.034301435017e-10
2.048823648022e-10
2.063554690457e-10
2.111234369373e-10
2.165276385649e-10
2.222157747033e-10
2.282050328348e-10
2.342999387601e-10
2.403948446854e-10
2.464897506106e-10
2.525846565359e-10
2.586795624612e-10
2.647744683864e-10
2.680717079973e-10
2.675221564260e-10
2.669726048547e-10
2.664230532833e-10
2.658735017120e-10
2.653239501406e-10
2.647743985693e-10
2.642248469980e-10
2.636752954266e-10
2.631257438553e-10
2.625761922839e-10
2.600902565060e-10
2.574967438277e-10
2.549032311494e-10
2.523097184711e-10
2.497162057927e-10
2.471226931144e-10
2.445291804361e-10
2.419356677578e-10
2.393421550795e-10
2.367486424012e-10
2.318454385522e-10
2.244072933033e-10
2.173410812803e-10
2.107062910073e-10
2.044645827359e-10
1.985820289373e-10
1.930284973423e-10
1.877771346893e-10
1.828039325083e-10
1.780873601244e-10
1.736080530473e-10
1.912684543748e-10
1.865128138197e-10
1.819879216030e-10
1.776773813066e-10
1.735663140220e-10
1.696411867611e-10
1.658896636346e-10
1.623004763500e-10
1.588633111649e-10
1.555687099067e-10
1.524079830588e-10
1.530110057086e-10
1.570754057220e-10
1.613616214309e-10
1.658883207119e-10
1.706763266727e-10
1.757489379257e-10
1.811323077248e-10
1.868558949836e-10
1.929530035932e-10
1.994614308904e-10
2.061496055179e-10
2.081440959444e-10
2.101775566614e-10
2.122511410962e-10
2.143660486481e-10
2.165235270016e-10
2.187248745809e-10
2.209714431558e-10
2.232646406096e-10
2.256059338816e-10
2.279930110680e-10
2.285103730489e-10
2.276611166170e-10
2.268121333410e-10
2.259678920041e-10
2.251299122396e-10
2.242981246437e-10
2.234724608342e-10
2.226528534324e-10
2.218392360445e-10
2.210315432434e-10
2.199306683062e-10
2.163559323240e-10
2.128955446939e-10
2.095441051397e-10
2.062965481634e-10
2.031481174987e-10
2.000943428693e-10
1.971310188113e-10
1.942541853509e-10
1.914601103488e-10
1.887452733477e-10
1.914560037398e-10
1.976074940154e-10
2.041674021099e-10
2.111777989557e-10
2.186867392224e-10
2.267493643705e-10
2.351318148334e-10
2.435146937094e-10
2.518975725853e-10
2.602804514612e-10
2.662190503447e-10
2.591214892685e-10
2.520239281923e-10
2.449263671161e-10
2.378288060399e-10
2.307312449637e-10
2.236846486105e-10
2.170023705012e-10
2.107077595050e-10
2.047680312962e-10
1.991539968821e-10
1.991790107158e-10
2.017695204676e-10
2.044283021757e-10
2.071580908040e-10
2.099617693765e-10
2.128423791339e-10
2.158031305381e-10
2.188474152080e-10
2.219788188797e-10
2.252011354965e-10
2.265563655360e-10
2.207766645806e-10
2.152845207285e-10
2.100589946599e-10
2.050811318891e-10
2.003337330309e-10
1.958011552540e-10
1.914691400900e-10
1.873246636068e-10
1.833558056273e-10
1.795516352287e-10
1.806585276803e-10
1.835628500677e-10
1.865620797853e-10
1.896609461726e-10
1.928644981010e-10
1.961781314237e-10
1.996076193040e-10
2.031591457824e-10
2.068393429911e-10
2.106553324886e-10
2.146302779607e-10
2.188032358468e-10
2.231416769531e-10
2.276540910204e-10
2.322353466212e-10
2.368166022220e-10
2.413978578228e-10
2.459791134235e-10
2.505603690243e-10
2.551416246251e-10
2.597228802258e-10
2.563447124299e-10
2.508440317282e-10
2.453433510265e-10
2.398426703248e-10
2.343419896231e-10
2.288413089214e-10
2.234006047545e-10
2.181998078465e-10
2.132356524314e-10
2.084923466429e-10
2.045688577603e-10
2.020827837649e-10
1.996564095203e-10
1.972876101250e-10
1.949743603376e-10
1.927147288020e-10
1.905068726691e-10
1.883490325844e-10
1.862395280123e-10
1.841767528713e-10
1.821591714557e-10
1.822671518966e-10
1.827714422268e-10
1.832785308044e-10
1.837884409851e-10
1.843011963850e-10
1.848168208844e-10
1.853353386320e-10
1.858567740478e-10
1.863811518276e-10
1.869084969468e-10
1.879524440305e-10
1.899051872597e-10
1.918989327712e-10
1.939349856710e-10
1.960147070479e-10
1.981395170078e-10
2.003108979076e-10
2.025303978036e-10
2.047996341329e-10
2.071202976433e-10
2.094941565953e-10
2.147119999910e-10
2.205465866433e-10
2.267071290881e-10
2.330589890101e-10
2.394114014233e-10
2.457638138366e-10
2.521162262498e-10
2.584686386631e-10
2.648210510763e-10
2.711734634896e-10
2.745131504900e-10
2.737103400476e-10
2.729075296053e-10
2.721047191629e-10
2.713019087206e-10
2.704990982782e-10
2.696962878359e-10
2.688934773935e-10
2.680906669511e-10
2.672878565088e-10
2.664850460664e-10
2.640216119007e-10
2.614659208615e-10
2.589102298222e-10
2.563545387830e-10
2.537988477438e-10
2.512431567045e-10
2.486874656653e-10
2.461317746261e-10
2.435760835868e-10
2.410203925476e-10
2.359141475314e-10
2.279739536518e-10
2.202447172526e-10
2.130191812587e-10
2.062526799707e-10
1.999028167380e-10
1.939322600033e-10
1.883080088363e-10
1.830007826663e-10
1.779845113855e-10
1.732359070747e-10
1.926752603620e-10
1.873036317421e-10
1.822233926429e-10
1.774114590850e-10
1.728471226527e-10
1.685117525727e-10
1.643885415322e-10
1.604622879206e-10
1.567192085500e-10
1.531467769895e-10
1.497335835184e-10
1.501546773272e-10
1.540771931996e-10
1.582101433652e-10
1.625709285809e-10
1.671789224679e-10
1.720557592668e-10
1.772256734720e-10
1.827159025953e-10
1.885571671841e-10
1.947842459561e-10
2.012065657149e-10
2.037348908646e-10
2.063275655680e-10
2.089870781759e-10
2.117160470114e-10
2.145172289678e-10
2.173935287992e-10
2.203480091674e-10
2.233839015200e-10
2.265046178808e-10
2.296831301395e-10
2.302027935650e-10
2.287877546469e-10
2.273727157287e-10
2.259630124926e-10
2.245702638616e-10
2.231945787853e-10
2.218356455866e-10
2.204931601328e-10
2.191668256090e-10
2.178563522995e-10
2.164068702374e-10
2.136885587909e-10
2.110376902285e-10
2.084517853598e-10
2.059284850360e-10
2.034655429721e-10
2.010608190768e-10
1.987122732502e-10
1.964179596121e-10
1.941760211240e-10
1.919846845765e-10
1.947555596684e-10
2.006816964050e-10
2.069797995023e-10
2.136860245192e-10
2.208413697368e-10
2.284835470630e-10
2.363008922562e-10
2.441182374495e-10
2.519355826427e-10
2.597529278360e-10
2.650619722558e-10
2.569934125504e-10
2.489248528450e-10
2.408562931396e-10
2.327877334342e-10
2.247430807611e-10
2.171069930254e-10
2.099727560906e-10
2.032924707922e-10
1.970241456619e-10
1.911308133804e-10
1.915106140726e-10
1.947705082824e-10
1.981433041614e-10
2.016349703435e-10
2.052519037246e-10
2.090009685749e-10
2.128895400181e-10
2.169255524554e-10
2.211175536048e-10
2.254747649293e-10
2.274430082943e-10
2.201644278719e-10
2.133366902961e-10
2.069196981776e-10
2.008774691794e-10
1.951781045771e-10
1.897932259341e-10
1.846975025235e-10
1.798682528884e-10
1.752851073180e-10
1.709297206423e-10
1.722771459092e-10
1.757288629550e-10
1.793217240293e-10
1.830645671010e-10
1.869669837408e-10
1.910394011938e-10
1.952931754169e-10
1.997406968297e-10
2.043955108509e-10
2.092724556922e-10
2.137560032261e-10
2.166093196742e-10
2.195398415375e-10
2.225507453431e-10
2.256453843003e-10
2.288136674499e-10
2.319908321645e-10
2.351679968791e-10
2.383451615936e-10
2.415223263082e-10
2.446994910227e-10
2.413786302584e-10
2.363249626996e-10
2.312712951409e-10
2.262207488302e-10
2.213132382058e-10
2.166141284112e-10
2.121104206206e-10
2.077901750437e-10
2.036424052271e-10
1.996569847666e-10
1.964630890444e-10
1.947238015887e-10
1.930150397090e-10
1.913360067817e-10
1.896859336633e-10
1.880640775158e-10
1.864697206914e-10
1.849021696739e-10
1.833607540727e-10
1.818448256670e-10
1.803537574969e-10
1.803237477416e-10
1.805656316995e-10
1.808081654492e-10
1.810513516124e-10
1.812951928253e-10
1.815396917380e-10
1.817848510151e-10
1.820306733357e-10
1.822771613931e-10
1.825243178954e-10
1.836022980274e-10
1.861511261784e-10
1.887717179354e-10
1.914671473883e-10
1.942406667472e-10
1.970957194330e-10
2.000359543399e-10
2.030652413930e-10
2.061876885425e-10
2.094076603488e-10
2.127297983381e-10
2.184246654141e-10
2.247175467982e-10
2.313030262840e-10
2.379129451853e-10
2.445228640865e-10
2.511327829878e-10
2.577427018890e-10
2.643526207903e-10
2.709625396915e-10
2.775724585928e-10
2.809545929826e-10
2.798985236692e-10
2.788424543559e-10
2.777863850425e-10
2.767303157291e-10
2.756742464158e-10
2.746181771024e-10
2.735621077890e-10
2.725060384757e-10
2.714499691623e-10
2.703938998490e-10
2.679529672955e-10
2.654350978953e-10
2.629172284951e-10
2.603993590950e-10
2.578814896948e-10
2.553636202946e-10
2.528457508945e-10
2.503278814943e-10
2.478100120941e-10
2.452921426940e-10
2.399828565105e-10
2.315719961234e-10
2.232269878294e-10
2.153834115362e-10
2.080723278977e-10
2.012412915450e-10
1.948445253379e-10
1.888418932154e-10
1.831980572327e-10
1.778817813722e-10
1.728653531525e-10
1.941029141940e-10
1.881011843863e-10
1.824594738161e-10
1.771463316630e-10
1.721338667881e-10
1.673972579750e-10
1.629143428660e-10
1.586652712249e-10
1.546322110822e-10
1.507990985845e-10
1.471514241511e-10
1.474030355612e-10
1.511912949789e-10
1.551794072225e-10
1.593836158706e-10
1.638219738429e-10
1.685146025397e-10
1.734839968332e-10
1.787553856629e-10
1.843571604311e-10
1.903213865556e-10
1.964950227740e-10
1.995086148603e-10
2.026160840410e-10
2.058218863010e-10
2.091307641700e-10
2.125477701326e-10
2.160782923698e-10
2.197280831114e-10
2.235032899093e-10
2.274099532131e-10
2.313732492109e-10
2.318952140811e-10
2.299143926767e-10
2.279335712723e-10
2.259581331919e-10
2.240133910333e-10
2.221018386452e-10
2.202226335710e-10
2.183749616270e-10
2.165580357263e-10
2.147710947608e-10
2.129942102724e-10
2.110861544312e-10
2.092119807558e-10
2.073707946982e-10
2.055617329262e-10
2.037839619730e-10
2.020366769572e-10
2.003191003674e-10
1.986304809089e-10
1.969700924080e-10
1.953372327703e-10
1.981708391818e-10
2.038530618072e-10
2.098707604159e-10
2.162545482410e-10
2.230388801056e-10
2.302181581685e-10
2.374699696790e-10
2.447217811896e-10
2.519735927001e-10
2.592254042107e-10
2.639048941668e-10
2.548653358322e-10
2.458257774977e-10
2.367862191631e-10
2.277466608285e-10
2.190035504519e-10
2.109051310653e-10
2.033842883207e-10
1.963813608643e-10
1.898446308693e-10
1.837290445865e-10
1.844107941192e-10
1.882407830241e-10
1.922332345452e-10
1.963987098219e-10
2.007487056602e-10
2.052957604988e-10
2.100535751105e-10
2.150371504857e-10
2.202629458204e-10
2.257490601150e-10
2.283307752647e-10
2.195555773654e-10
2.114237906038e-10
2.038728525528e-10
1.968426747356e-10
1.902811805600e-10
1.841430130649e-10
1.783884849675e-10
1.729827196127e-10
1.678949435205e-10
1.630979002132e-10
1.646389676298e-10
1.685361754060e-10
1.726223599417e-10
1.769116080832e-10
1.814194424484e-10
1.861630091323e-10
1.911612956504e-10
1.964353849600e-10
2.020087527256e-10
2.079076166659e-10
2.128888221357e-10
2.144589630509e-10
2.160524369008e-10
2.176697676842e-10
2.193114952085e-10
2.209781756904e-10
2.226703823841e-10
2.243887062391e-10
2.261337565874e-10
2.279030279913e-10
2.296761018196e-10
2.264143949272e-10
2.219247686169e-10
2.176097321150e-10
2.134592956489e-10
2.094642173156e-10
2.056159343822e-10
2.019065020226e-10
1.983285385685e-10
1.948751764798e-10
1.915400183496e-10
1.889751983289e-10
1.878819523580e-10
1.868012827699e-10
1.857329737931e-10
1.846768145639e-10
1.836325989880e-10
1.826001256060e-10
1.815791974639e-10
1.805696219880e-10
1.795712108639e-10
1.785837799190e-10
1.784213490511e-10
1.784124287228e-10
1.784035092865e-10
1.783945907419e-10
1.783856730890e-10
1.783767563276e-10
1.783678404576e-10
1.783589254788e-10
1.783500113912e-10
1.783410981945e-10
1.794489644567e-10
1.825426091361e-10
1.857447919353e-10
1.890613268065e-10
1.924984504914e-10
1.960628616639e-10
1.997617645040e-10
2.036029172988e-10
2.075946867610e-10
2.117461088638e-10
2.160669571260e-10
2.222679841833e-10
2.290320505820e-10
2.358994759713e-10
2.427669013605e-10
2.496343267498e-10
2.565017521390e-10
2.633691775282e-10
2.702366029175e-10
2.771040283067e-10
2.839714536959e-10
2.873960354752e-10
2.860867072908e-10
2.847773791065e-10
2.834680509221e-10
2.821587227377e-10
2.808493945533e-10
2.795400663690e-10
2.782307381846e-10
2.769214100002e-10
2.756120818158e-10
2.743027536315e-10
2.718843226902e-10
2.694042749291e-10
2.669242271680e-10
2.644441794069e-10
2.619641316458e-10
2.594840838847e-10
2.570040361236e-10
2.545239883625e-10
2.520439406015e-10
2.495638928404e-10
2.440515654897e-10
2.351700385951e-10
2.262911311636e-10
2.178007104435e-10
2.099243690105e-10
2.025978110300e-10
1.957654139038e-10
1.893788135030e-10
1.833957575815e-10
1.777791698789e-10
1.724963810863e-10
1.955518827551e-10
1.889055581510e-10
1.826961674971e-10
1.768819954826e-10
1.714264732515e-10
1.662974084953e-10
1.614663497442e-10
1.569080583361e-10
1.526000673702e-10
1.485223113747e-10
1.446568138036e-10
1.447504287134e-10
1.484115160818e-10
1.522626044892e-10
1.563188788130e-10
1.605971863169e-10
1.651162705416e-10
1.698970458293e-10
1.749629209612e-10
1.803401824740e-10
1.860584509030e-10
1.919990862897e-10
1.954541152423e-10
1.990357695072e-10
2.027511401711e-10
2.066078578653e-10
2.106141450767e-10
2.147788746651e-10
2.191116354635e-10
2.236228059820e-10
2.283166554349e-10
2.330633682823e-10
2.335876345972e-10
2.310410307066e-10
2.284944268159e-10
2.259532541018e-10
2.234592731580e-10
2.210197462850e-10
2.186329093011e-10
2.162970734175e-10
2.140106212536e-10
2.117720031017e-10
2.096875122118e-10
2.085463741253e-10
2.074175891618e-10
2.063009578125e-10
2.051962848417e-10
2.041033791732e-10
2.030220537799e-10
2.019521255773e-10
2.008934153201e-10
1.998457475022e-10
1.988089502594e-10
2.017080390159e-10
2.071262705759e-10
2.128436234566e-10
2.188855709416e-10
2.252805632387e-10
2.319527692739e-10
2.386390471018e-10
2.453253249297e-10
2.520116027576e-10
2.586978805854e-10
2.627478160778e-10
2.527372591141e-10
2.427267021503e-10
2.327161451866e-10
2.227875615054e-10
2.135498743165e-10
2.050477524601e-10
1.971967040218e-10
1.899247002874e-10
1.831699594526e-10
1.768791870273e-10
1.778185753259e-10
1.821346768666e-10
1.866655157778e-10
1.914275265092e-10
1.964388644451e-10
2.017196372204e-10
2.072921743762e-10
2.131813429820e-10
2.194149186311e-10
2.260240234863e-10
2.292185422351e-10
2.189500850455e-10
2.095448903744e-10
2.009144330942e-10
1.929667733314e-10
1.856239652661e-10
1.788194922111e-10
1.724962458808e-10
1.666049197486e-10
1.611027207647e-10
1.559523281893e-10
1.576493363010e-10
1.619091374924e-10
1.664055376952e-10
1.711588118351e-10
1.761916195189e-10
1.815293662555e-10
1.872006323881e-10
1.932376850215e-10
1.996770923065e-10
2.065604647787e-10
2.120286487043e-10
2.123508814363e-10
2.126740950921e-10
2.129982941577e-10
2.133234831464e-10
2.136496665991e-10
2.139768490846e-10
2.143050351998e-10
2.146342295695e-10
2.149644368474e-10
2.152956617155e-10
2.124511608307e-10
2.088709566658e-10
2.054094191756e-10
2.020607446916e-10
1.988195019301e-10
1.956806025972e-10
1.926392747340e-10
1.896910385105e-10
1.868316842078e-10
1.840572521627e-10
1.820371309821e-10
1.815045761237e-10
1.809751281849e-10
1.804487600564e-10
1.799254449429e-10
1.794051563595e-10
1.788878681264e-10
1.783735543651e-10
1.778621894938e-10
1.773537482230e-10
1.768482055520e-10
1.765586715625e-10
1.763099734763e-10
1.760619750299e-10
1.758146732751e-10
1.755680652803e-10
1.753221481302e-10
1.750769189258e-10
1.748323747846e-10
1.745885128398e-10
1.743453302407e-10
1.754793822824e-10
1.790713330269e-10
1.828134065585e-10
1.867152151436e-10
1.907872095681e-10
1.950407726106e-10
1.994883253047e-10
2.041434480790e-10
2.090210192632e-10
2.141373739363e-10
2.195104866899e-10
2.262489766077e-10
2.333709937813e-10
2.404959256585e-10
2.476208575357e-10
2.547457894130e-10
2.618707212902e-10
2.689956531674e-10
2.761205850446e-10
2.832455169219e-10
2.903704487991e-10
2.938374779678e-10
2.922748909125e-10
2.907123038571e-10
2.891497168017e-10
2.875871297463e-10
2.860245426909e-10
2.844619556355e-10
2.828993685801e-10
2.813367815247e-10
2.797741944694e-10
2.782116074140e-10
2.758156780849e-10
2.733734519629e-10
2.709312258409e-10
2.684889997189e-10
2.660467735969e-10
2.636045474748e-10
2.611623213528e-10
2.587200952308e-10
2.562778691088e-10
2.538356429868e-10
2.481202744689e-10
2.387680810667e-10
2.294158876645e-10
2.202728850673e-10
2.118096760675e-10
2.039727425741e-10
1.966950485491e-10
1.899187956683e-10
1.835938850926e-10
1.776766767006e-10
1.721289807684e-10
1.970226469757e-10
1.897168409191e-10
1.829334760727e-10
1.766184470070e-10
1.707248700640e-10
1.652119173497e-10
1.600438695731e-10
1.551893412622e-10
1.506206428371e-10
1.463132521414e-10
1.422453741302e-10
1.421916047181e-10
1.457321089041e-10
1.494534291074e-10
1.533697799021e-10
1.574969058989e-10
1.618522933016e-10
1.664554175637e-10
1.713280345437e-10
1.764945243387e-10
1.819822992644e-10
1.877042876570e-10
1.915611278629e-10
1.955797893677e-10
1.997706746957e-10
2.041450975169e-10
2.087153846379e-10
2.134949920064e-10
2.184986370294e-10
2.237424499431e-10
2.292233576567e-10
2.347534873538e-10
2.352800551133e-10
2.321676687364e-10
2.290552823596e-10
2.259483752225e-10
2.229078898424e-10
2.199481468297e-10
2.170659720687e-10
2.142583556648e-10
2.115224414597e-10
2.088555173394e-10
2.064819163811e-10
2.060669842772e-10
2.056537164679e-10
2.052421029600e-10
2.048321338401e-10
2.044237992739e-10
2.040170895054e-10
2.036119948560e-10
2.032085057239e-10
2.028066125832e-10
2.024063059833e-10
2.053738063752e-10
2.105063085747e-10
2.159019191168e-10
2.215814018644e-10
2.275666362342e-10
2.336873803794e-10
2.398081245246e-10
2.459288686698e-10
2.520496128150e-10
2.581703569602e-10
2.615907379888e-10
2.506091823959e-10
2.396276268030e-10
2.286460712101e-10
2.180379216881e-10
2.083612160096e-10
1.995069312170e-10
1.913744950852e-10
1.838790914997e-10
1.769486912182e-10
1.705217297082e-10
1.716814001255e-10
1.764122612591e-10
1.814112382933e-10
1.867017886615e-10
1.923101883810e-10
1.982659685057e-10
2.046024352717e-10
2.113572932774e-10
2.185733963213e-10
2.262996574876e-10
2.301063092055e-10
2.183479232050e-10
2.076990911440e-10
1.980406453803e-10
1.892405602319e-10
1.811892782658e-10
1.737951257641e-10
1.669808067185e-10
1.606806905055e-10
1.548386912465e-10
1.494065935498e-10
1.512290150569e-10
1.557835476931e-10
1.606209348134e-10
1.657683704180e-10
1.712566498763e-10
1.771207865135e-10
1.834007593676e-10
1.901424258673e-10
1.973986434888e-10
2.052306584289e-10
2.111753983308e-10
2.102838403051e-10
2.093997787392e-10
2.085231194806e-10
2.076537699469e-10
2.067916390932e-10
2.059366373803e-10
2.050886767438e-10
2.042476705637e-10
2.034135336352e-10
2.025861821395e-10
2.001101401425e-10
1.972675067522e-10
1.945045033611e-10
1.918178302031e-10
1.892043673458e-10
1.866611626038e-10
1.841854204147e-10
1.817744915880e-10
1.794258638496e-10
1.771371531089e-10
1.755904727121e-10
1.755459280701e-10
1.755014060230e-10
1.754569065536e-10
1.754124296447e-10
1.753679752792e-10
1.753235434398e-10
1.752791341096e-10
1.752347472714e-10
1.751903829081e-10
1.751460410027e-10
1.747344840887e-10
1.742564927848e-10
1.737811094651e-10
1.733083128435e-10
1.728380818647e-10
1.723703957015e-10
1.719052337514e-10
1.714425756338e-10
1.709824011868e-10
1.705246904645e-10
1.716816211473e-10
1.757296145344e-10
1.799731086773e-10
1.844266168144e-10
1.891061251779e-10
1.940292847323e-10
1.992156336638e-10
2.046868565317e-10
2.104670873297e-10
2.165832653889e-10
2.230655551937e-10
2.303274986153e-10
2.377099369805e-10
2.450923753458e-10
2.524748137110e-10
2.598572520762e-10
2.672396904414e-10
2.746221288066e-10
2.820045671718e-10
2.893870055370e-10
2.967694439023e-10
3.002789204605e-10
2.984630745341e-10
2.966472286077e-10
2.948313826813e-10
2.930155367549e-10
2.911996908285e-10
2.893838449021e-10
2.875679989757e-10
2.857521530493e-10
2.839363071229e-10
2.821204611965e-10
2.797470334797e-10
2.773426289967e-10
2.749382245138e-10
2.725338200308e-10
2.701294155479e-10
2.677250110649e-10
2.653206065820e-10
2.629162020990e-10
2.605117976161e-10
2.581073931332e-10
2.521889834480e-10
2.423661235383e-10
2.325432636286e-10
2.228018254824e-10
2.137291534641e-10
2.053664635993e-10
1.976335544661e-10
1.904618659774e-10
1.837924411519e-10
1.775743016330e-10
1.717631421773e-10
1.975969602294e-10
1.901661556498e-10
1.832739791604e-10
1.768639147060e-10
1.708870857049e-10
1.653010064260e-10
1.600685705095e-10
1.551572256967e-10
1.505382959676e-10
1.461864212542e-10
1.420790916069e-10
1.419413536786e-10
1.453454021580e-10
1.489167347640e-10
1.526679933131e-10
1.566131263436e-10
1.607675624306e-10
1.651484118389e-10
1.697747020671e-10
1.746676541244e-10
1.798510079979e-10
1.852593174277e-10
1.892579389640e-10
1.934329801495e-10
1.977963798393e-10
2.023611790013e-10
2.071416508946e-10
2.121534501463e-10
2.174137840062e-10
2.229416097267e-10
2.287452765877e-10
2.346250607546e-10
2.350934126528e-10
2.316261774466e-10
2.281589422403e-10
2.247161752146e-10
2.213707401414e-10
2.181234534221e-10
2.149700582857e-10
2.119065406123e-10
2.089291118864e-10
2.060341935668e-10
2.035458274671e-10
2.038756423430e-10
2.042065277826e-10
2.045384890070e-10
2.048715312711e-10
2.052056598642e-10
2.055408801101e-10
2.058771973676e-10
2.062146170303e-10
2.065531445276e-10
2.068927853242e-10
2.099224664249e-10
2.146913323692e-10
2.196819061689e-10
2.249100167998e-10
2.303448487305e-10
2.358002529130e-10
2.412556570954e-10
2.467110612779e-10
2.521664654603e-10
2.576218696427e-10
2.603746104736e-10
2.487131467630e-10
2.370516830524e-10
2.254024242233e-10
2.144681681515e-10
2.045456717074e-10
1.955007156535e-10
1.872218159653e-10
1.796156055441e-10
1.726032977359e-10
1.661179471219e-10
1.673703139250e-10
1.722787125350e-10
1.774837022183e-10
1.830130028362e-10
1.888978996475e-10
1.951738355914e-10
2.018811256965e-10
2.090658240380e-10
2.167807826514e-10
2.250869538854e-10
2.293287987743e-10
2.171049738661e-10
2.060998502591e-10
1.961566063930e-10
1.871286252802e-10
1.788950941206e-10
1.713555667189e-10
1.644258452961e-10
1.580348227138e-10
1.521220335771e-10
1.466357352563e-10
1.484611969791e-10
1.530426442059e-10
1.579158581161e-10
1.631096268636e-10
1.686566547096e-10
1.745942513595e-10
1.809651722236e-10
1.878186496098e-10
1.952116674597e-10
2.032105494809e-10
2.091517438752e-10
2.077006816884e-10
2.062696152605e-10
2.048581341049e-10
2.034658388944e-10
2.020923410844e-10
2.007372625512e-10
1.994002352456e-10
1.980809008589e-10
1.967789105033e-10
1.954939244039e-10
1.934505740581e-10
1.912480938884e-10
1.890952006665e-10
1.869902384226e-10
1.849316241104e-10
1.829178436369e-10
1.809474481485e-10
1.790190505546e-10
1.771313222712e-10
1.752829901685e-10
1.740276092059e-10
1.739870864344e-10
1.739465825301e-10
1.739060974799e-10
1.738656312707e-10
1.738251838892e-10
1.737847553224e-10
1.737443455571e-10
1.737039545803e-10
1.736635823787e-10
1.736232289393e-10
1.731417829866e-10
1.725809960982e-10
1.720238301341e-10
1.714702501376e-10
1.709202216003e-10
1.703737104551e-10
1.698306830694e-10
1.692911062381e-10
1.687549471764e-10
1.682221735139e-10
1.694614954772e-10
1.738866733679e-10
1.785491590179e-10
1.834685674250e-10
1.886667365743e-10
1.941680515377e-10
1.999998269784e-10
2.061927607206e-10
2.127814742795e-10
2.198051604451e-10
2.273080944023e-10
2.346061678240e-10
2.418519611442e-10
2.490977544644e-10
2.563435477846e-10
2.635893411048e-10
2.708351344250e-10
2.780809277452e-10
2.853267210654e-10
2.925725143856e-10
2.998183077058e-10
3.032714647926e-10
3.015097470584e-10
2.997480293243e-10
2.979863115902e-10
2.962245938560e-10
2.944628761219e-10
2.927011583878e-10
2.909394406536e-10
2.891777229195e-10
2.874160051854e-10
2.856542874513e-10
2.830588047507e-10
2.804170017741e-10
2.777751987976e-10
2.751333958211e-10
2.724915928446e-10
2.698497898681e-10
2.672079868916e-10
2.645661839151e-10
2.619243809386e-10
2.592825779621e-10
2.533391764117e-10
2.437273320016e-10
2.341154875915e-10
2.245321264516e-10
2.155108276685e-10
2.071864472170e-10
1.994812303948e-10
1.923285744784e-10
1.856710985887e-10
1.794591010140e-10
1.736493161891e-10
1.956321093617e-10
1.895871970791e-10
1.839046559205e-10
1.785528498190e-10
1.735037211346e-10
1.687322986131e-10
1.642162843601e-10
1.599357054126e-10
1.558726184203e-10
1.520108582264e-10
1.483358229182e-10
1.482760040493e-10
1.514540464398e-10
1.547713044791e-10
1.582371306224e-10
1.618617342402e-10
1.656562820616e-10
1.696330130862e-10
1.738053704536e-10
1.781881532654e-10
1.827976919713e-10
1.875700829480e-10
1.910558738873e-10
1.946736775946e-10
1.984311381353e-10
2.023365013521e-10
2.063986752730e-10
2.106272979436e-10
2.150328137739e-10
2.196265596692e-10
2.244208624437e-10
2.294047062778e-10
2.296453938581e-10
2.264157630841e-10
2.232475943879e-10
2.201668646758e-10
2.171700033491e-10
2.142536316071e-10
2.114145497395e-10
2.086497254158e-10
2.059562828819e-10
2.033314929831e-10
2.011644126841e-10
2.023630367166e-10
2.035760302028e-10
2.048036530987e-10
2.060461716688e-10
2.073038586786e-10
2.085769935943e-10
2.098658627896e-10
2.111707597608e-10
2.124919853494e-10
2.138298479733e-10
2.168956521330e-10
2.210910358235e-10
2.254519223076e-10
2.299510441741e-10
2.344616508097e-10
2.389722574452e-10
2.434828640807e-10
2.479934707162e-10
2.525040773517e-10
2.570146839873e-10
2.589931445651e-10
2.474668261689e-10
2.359405077727e-10
2.244446882152e-10
2.137205835124e-10
2.039745543464e-10
1.950786305573e-10
1.869262336373e-10
1.794278862132e-10
1.725079143606e-10
1.661018846691e-10
1.671680356717e-10
1.717415502971e-10
1.765723557082e-10
1.816827917798e-10
1.870978617537e-10
1.928456413414e-10
1.989577656242e-10
2.054700115758e-10
2.124229988595e-10
2.198630378944e-10
2.239322278461e-10
2.141127959625e-10
2.051183528095e-10
1.968491215138e-10
1.892207914824e-10
1.821616334417e-10
1.756102370176e-10
1.695137195718e-10
1.638262956138e-10
1.585081248538e-10
1.535243775703e-10
1.550339694240e-10
1.589577169497e-10
1.630852335448e-10
1.674328156465e-10
1.720185450303e-10
1.768625401831e-10
1.819872513786e-10
1.874178085836e-10
1.931824335700e-10
1.993129304952e-10
2.039997611562e-10
2.036762120502e-10
2.033536876341e-10
2.030321830479e-10
2.027116934621e-10
2.023922140776e-10
2.020737401258e-10
2.017562668676e-10
2.014397895941e-10
2.011243036257e-10
2.008098043119e-10
1.995927421996e-10
1.981536484027e-10
1.967351582175e-10
1.953368323140e-10
1.939582437643e-10
1.925989776081e-10
1.912586304365e-10
1.899368099928e-10
1.886331347894e-10
1.873472337412e-10
1.860172003000e-10
1.845745800575e-10
1.831541635402e-10
1.817554420482e-10
1.803779223035e-10
1.790211258696e-10
1.776845885978e-10
1.763678600976e-10
1.750705032308e-10
1.737920936275e-10
1.725322192234e-10
1.721140427859e-10
1.718524386340e-10
1.715916285238e-10
1.713316088457e-10
1.710723760117e-10
1.708139264557e-10
1.705562566330e-10
1.702993630202e-10
1.700432421152e-10
1.697878904370e-10
1.712898947175e-10
1.759722765608e-10
1.809178482129e-10
1.861494416178e-10
1.916926082826e-10
1.975760366208e-10
2.038320485850e-10
2.104971937361e-10
2.176129638056e-10
2.252266572623e-10
2.332206761244e-10
2.394370880255e-10
2.454426120083e-10
2.514481359910e-10
2.574536599738e-10
2.634591839565e-10
2.694647079393e-10
2.754702319220e-10
2.814757559048e-10
2.874812798875e-10
2.934868038703e-10
2.966070942752e-10
2.957601885105e-10
2.949132827458e-10
2.940663769811e-10
2.932194712165e-10
2.923725654518e-10
2.915256596871e-10
2.906787539224e-10
2.898318481577e-10
2.889849423931e-10
2.881380366284e-10
2.846357404752e-10
2.809859226337e-10
2.773361047922e-10
2.736862869508e-10
2.700364691093e-10
2.663866512678e-10
2.627368334264e-10
2.590870155849e-10
2.554371977434e-10
2.517873799019e-10
2.463175245320e-10
2.388254052415e-10
2.313332859510e-10
2.238861881565e-10
2.168316370357e-10
2.102080769274e-10
2.039771820966e-10
1.981050401288e-10
1.925615344475e-10
1.873198276827e-10
1.823559271828e-10
1.937059496535e-10
1.890117530731e-10
1.845396881994e-10
1.802743523891e-10
1.762017348570e-10
1.723090629304e-10
1.685846682424e-10
1.650178699111e-10
1.615988722415e-10
1.583186748861e-10
1.551689937291e-10
1.552024805516e-10
1.580986919260e-10
1.611050503136e-10
1.642279610871e-10
1.674743360918e-10
1.708516447136e-10
1.743679712530e-10
1.780320795335e-10
1.818534858300e-10
1.858425413964e-10
1.899392215710e-10
1.928882969139e-10
1.959303936866e-10
1.990699836171e-10
2.023118297210e-10
2.056610104122e-10
2.091229460487e-10
2.127034282054e-10
2.164086520065e-10
2.202452518973e-10
2.242203412892e-10
2.242330414482e-10
2.213490696159e-10
2.185383401480e-10
2.157980978966e-10
2.131257241892e-10
2.105187284816e-10
2.079747406165e-10
2.054915036362e-10
2.030668671039e-10
2.006987808935e-10
1.988380769310e-10
2.008727106101e-10
2.029494140228e-10
2.050695056014e-10
2.072343594512e-10
2.094454083206e-10
2.117041467634e-10
2.140121345074e-10
2.163710000464e-10
2.187824444722e-10
2.212482455655e-10
2.243480247468e-10
2.278810256229e-10
2.314468347116e-10
2.350126438002e-10
2.385784528888e-10
2.421442619774e-10
2.457100710660e-10
2.492758801546e-10
2.528416892432e-10
2.564074983318e-10
2.576116786567e-10
2.462205055748e-10
2.348293324930e-10
2.234950566213e-10
2.129781925712e-10
2.034066173690e-10
1.946583640940e-10
1.866315831579e-10
1.792405588500e-10
1.724126363479e-10
1.660858253222e-10
1.669662457619e-10
1.712077273737e-10
1.756703205828e-10
1.803717781912e-10
1.853318057316e-10
1.905723375497e-10
1.961178610883e-10
2.019957994877e-10
2.082369651145e-10
2.148760998479e-10
2.187629840666e-10
2.112019742103e-10
2.041461593098e-10
1.975465436964e-10
1.913602690031e-10
1.855496823789e-10
1.800815694617e-10
1.749265190927e-10
1.700583941095e-10
1.654538881120e-10
1.610921523361e-10
1.622156898894e-10
1.653484053136e-10
1.686045017088e-10
1.719914144741e-10
1.755171887027e-10
1.791905429826e-10
1.830209413799e-10
1.870186748570e-10
1.911949535980e-10
1.955620119885e-10
1.990954915904e-10
1.998047365722e-10
2.005190527568e-10
2.012384947291e-10
2.019631178601e-10
2.026929783213e-10
2.034281330993e-10
2.041686400100e-10
2.049145577146e-10
2.056659457346e-10
2.064228644677e-10
2.061377350760e-10
2.055765732787e-10
2.050184584505e-10
2.044633658420e-10
2.039112709713e-10
2.033621496203e-10
2.028159778308e-10
2.022727319015e-10
2.017323883843e-10
2.011949240811e-10
1.997810700020e-10
1.965341091832e-10
1.933910035269e-10
1.903468487015e-10
1.873970443853e-10
1.845372710692e-10
1.817634689527e-10
1.790718187138e-10
1.764587239636e-10
1.739207952141e-10
1.714548352109e-10
1.710984315720e-10
1.711300065791e-10
1.711615932422e-10
1.711931915678e-10
1.712248015624e-10
1.712564232324e-10
1.712880565843e-10
1.713197016245e-10
1.713513583596e-10
1.713830267961e-10
1.731581792056e-10
1.781085166988e-10
1.833502299216e-10
1.889098243913e-10
1.948171209835e-10
2.011057910295e-10
2.078139985060e-10
2.149851751894e-10
2.226689620382e-10
2.308577937159e-10
2.391332578464e-10
2.442680082270e-10
2.490332628723e-10
2.537985175176e-10
2.585637721629e-10
2.633290268083e-10
2.680942814536e-10
2.728595360989e-10
2.776247907442e-10
2.823900453895e-10
2.871553000348e-10
2.899427237578e-10
2.900106299626e-10
2.900785361673e-10
2.901464423721e-10
2.902143485769e-10
2.902822547817e-10
2.903501609864e-10
2.904180671912e-10
2.904859733960e-10
2.905538796007e-10
2.906217858055e-10
2.862126761997e-10
2.815548434933e-10
2.768970107868e-10
2.722391780804e-10
2.675813453740e-10
2.629235126676e-10
2.582656799611e-10
2.536078472547e-10
2.489500145483e-10
2.442921818418e-10
2.392958726523e-10
2.339234784814e-10
2.285510843106e-10
2.232439556957e-10
2.181687360266e-10
2.133191465933e-10
2.086804682376e-10
2.042392348408e-10
1.999831027633e-10
1.959007362763e-10
1.919817067437e-10
1.918173494080e-10
1.884397917261e-10
1.851791212731e-10
1.820293735761e-10
1.789849831790e-10
1.760407508236e-10
1.731918138186e-10
1.704336192387e-10
1.677618996458e-10
1.651726510573e-10
1.626621129245e-10
1.628077860188e-10
1.653531225966e-10
1.679793107815e-10
1.706902650736e-10
1.734901568166e-10
1.763834356147e-10
1.793748529285e-10
1.824694881141e-10
1.856727772037e-10
1.889905447733e-10
1.923689734681e-10
1.947562099829e-10
1.972034406662e-10
1.997129558881e-10
2.022871641057e-10
2.049285995735e-10
2.076399306646e-10
2.104239688627e-10
2.132836784862e-10
2.162221872166e-10
2.192427975096e-10
2.190428656556e-10
2.165041759598e-10
2.140236584830e-10
2.115993364128e-10
2.092293215021e-10
2.069118091638e-10
2.046450738883e-10
2.024274649591e-10
2.002574024438e-10
1.981333734401e-10
1.965649311934e-10
1.994041753819e-10
2.023266435113e-10
2.053360491993e-10
2.084363303449e-10
2.116316663196e-10
2.149264967643e-10
2.183255421706e-10
2.218338264448e-10
2.254567016851e-10
2.291799163725e-10
2.322112088011e-10
2.348322203428e-10
2.374532318845e-10
2.400742434262e-10
2.426952549679e-10
2.453162665096e-10
2.479372780513e-10
2.505582895929e-10
2.531793011346e-10
2.558003126763e-10
2.562302127482e-10
2.449741849807e-10
2.337181572133e-10
2.225534270052e-10
2.122409413918e-10
2.028418342831e-10
1.942399045350e-10
1.863378601275e-10
1.790536222281e-10
1.723174635233e-10
1.660697690804e-10
1.667649424292e-10
1.706772127224e-10
1.747774548633e-10
1.790795494639e-10
1.835987782934e-10
1.883520056529e-10
1.933578886722e-10
1.986371220568e-10
2.042127240547e-10
2.101103719748e-10
2.138270088127e-10
2.083692350499e-10
2.031831380910e-10
1.982489252825e-10
1.935486810107e-10
1.890661493442e-10
1.847865461946e-10
1.806963964245e-10
1.767833921202e-10
1.730362688883e-10
1.694446975584e-10
1.700950948228e-10
1.722744766910e-10
1.745104310531e-10
1.768051896419e-10
1.791611031408e-10
1.815806492157e-10
1.840664412071e-10
1.866212375453e-10
1.892479519616e-10
1.919496645737e-10
1.944214890989e-10
1.960776936587e-10
1.977623578403e-10
1.994762215607e-10
2.012200506105e-10
2.029946377947e-10
2.048008041347e-10
2.066394001345e-10
2.085113071165e-10
2.104174386298e-10
2.123587419373e-10
2.131265241830e-10
2.135772741177e-10
2.140299347119e-10
2.144845181401e-10
2.149410366800e-10
2.153995027144e-10
2.158599287320e-10
2.163223273282e-10
2.167867112067e-10
2.172530931807e-10
2.157445384986e-10
2.101508557548e-10
2.048399012850e-10
1.997907680387e-10
1.949845607422e-10
1.904041596048e-10
1.860340165646e-10
1.818599789648e-10
1.778691364453e-10
1.740496875617e-10
1.703908232272e-10
1.700947358921e-10
1.704136230071e-10
1.707337080427e-10
1.710549977616e-10
1.713774989778e-10
1.717012185564e-10
1.720261634148e-10
1.723523405227e-10
1.726797569027e-10
1.730084196310e-10
1.750676684363e-10
1.802972605872e-10
1.858489081294e-10
1.917533060486e-10
1.980451780257e-10
2.047639598148e-10
2.119546266090e-10
2.196687010779e-10
2.279619014609e-10
2.365038705147e-10
2.450458395685e-10
2.490989284285e-10
2.526239137364e-10
2.561488990443e-10
2.596738843521e-10
2.631988696600e-10
2.667238549679e-10
2.702488402757e-10
2.737738255836e-10
2.772988108915e-10
2.808237961993e-10
2.832783532404e-10
2.842610714146e-10
2.852437895888e-10
2.862265077631e-10
2.872092259373e-10
2.881919441115e-10
2.891746622857e-10
2.901573804600e-10
2.911400986342e-10
2.921228168084e-10
2.931055349826e-10
2.877896119242e-10
2.821237643528e-10
2.764579167814e-10
2.707920692100e-10
2.651262216387e-10
2.594603740673e-10
2.537945264959e-10
2.481286789245e-10
2.424628313531e-10
2.367969837817e-10
2.322742207726e-10
2.290215517213e-10
2.257761944721e-10
2.226053972689e-10
2.195224278622e-10
2.165236869916e-10
2.136057694140e-10
2.107654510045e-10
2.079996768730e-10
2.053055504038e-10
2.026803231363e-10
1.899652206377e-10
1.878712815170e-10
1.858230010470e-10
1.838189019434e-10
1.818575699721e-10
1.799376506207e-10
1.780578459789e-10
1.762169118129e-10
1.744136548184e-10
1.726469300418e-10
1.709156384552e-10
1.711968554194e-10
1.733053161642e-10
1.754663601358e-10
1.776819792445e-10
1.799542672944e-10
1.822854265839e-10
1.846777750249e-10
1.871337538304e-10
1.896559358236e-10
1.922470344286e-10
1.948616949241e-10
1.966606542237e-10
1.984931389425e-10
2.003600950649e-10
2.022625045041e-10
2.042013868232e-10
2.061778010580e-10
2.081928476455e-10
2.102476704670e-10
2.123434590135e-10
2.144814506821e-10
2.140875215865e-10
2.118668297927e-10
2.096917347144e-10
2.075608462896e-10
2.054728303910e-10
2.034264060407e-10
2.014203427898e-10
1.994534582507e-10
1.975246157740e-10
1.956327222574e-10
1.943431718625e-10
1.979569565759e-10
2.017076833741e-10
2.056032865909e-10
2.096523255777e-10
2.138640474839e-10
2.182484577595e-10
2.228163995106e-10
2.275784612598e-10
2.324213832246e-10
2.372643051894e-10
2.401072010679e-10
2.417834150627e-10
2.434596290574e-10
2.451358430522e-10
2.468120570470e-10
2.484882710418e-10
2.501644850365e-10
2.518406990313e-10
2.535169130261e-10
2.551931270209e-10
2.548487468397e-10
2.437278643867e-10
2.326069819337e-10
2.216196986494e-10
2.115087767827e-10
2.022801788900e-10
1.938232402524e-10
1.860450601739e-10
1.788670751262e-10
1.722223957127e-10
1.660537159427e-10
1.665641239159e-10
1.701499756846e-10
1.738936194430e-10
1.778057047314e-10
1.818978614775e-10
1.861828154696e-10
1.906745205473e-10
1.953883103980e-10
2.003410734413e-10
2.055514550028e-10
2.091088606938e-10
2.056114782231e-10
2.022291599572e-10
1.989563193605e-10
1.957877257837e-10
1.927184765688e-10
1.897439717373e-10
1.868598909868e-10
1.840621727537e-10
1.813469951299e-10
1.787107584432e-10
1.787790418914e-10
1.798061503662e-10
1.808451287745e-10
1.818961840773e-10
1.829595280749e-10
1.840353775495e-10
1.851239544123e-10
1.862254858562e-10
1.873402045139e-10
1.884683486218e-10
1.899619082939e-10
1.924871488284e-10
1.950804319698e-10
1.977445453871e-10
2.004824311368e-10
2.032971965007e-10
2.061921257500e-10
2.091706929288e-10
2.122365757623e-10
2.153936708051e-10
2.186461099636e-10
2.206058323129e-10
2.222259408558e-10
2.238700212964e-10
2.255386096497e-10
2.272321290213e-10
2.289359251143e-10
2.306397212074e-10
2.323435173004e-10
2.340473133935e-10
2.357511094865e-10
2.342458940279e-10
2.257949198488e-10
2.177296668326e-10
2.102207146642e-10
2.032124258627e-10
1.966563429005e-10
1.905100661962e-10
1.847363361326e-10
1.793022770910e-10
1.741787710947e-10
1.693399358560e-10
1.691027472728e-10
1.697032122742e-10
1.703079568404e-10
1.709170268863e-10
1.715304689859e-10
1.721483303841e-10
1.727706590094e-10
1.733975034855e-10
1.740289131445e-10
1.746649380396e-10
1.770197407563e-10
1.825404679361e-10
1.884166307300e-10
1.946836963624e-10
2.013820132210e-10
2.085576804869e-10
2.162636105560e-10
2.245608360270e-10
2.333414733364e-10
2.421499473135e-10
2.509584212905e-10
2.539298486300e-10
2.562145646005e-10
2.584992805709e-10
2.607839965413e-10
2.630687125117e-10
2.653534284821e-10
2.676381444526e-10
2.699228604230e-10
2.722075763934e-10
2.744922923638e-10
2.766139827230e-10
2.785115128667e-10
2.804090430104e-10
2.823065731540e-10
2.842041032977e-10
2.861016334414e-10
2.879991635851e-10
2.898966937287e-10
2.917942238724e-10
2.936917540161e-10
2.955892841598e-10
2.893665476487e-10
2.826926852124e-10
2.760188227760e-10
2.693449603397e-10
2.626710979033e-10
2.559972354670e-10
2.493233730307e-10
2.426495105943e-10
2.359756481580e-10
2.293017857216e-10
2.252668590079e-10
2.241572416412e-10
2.230585021778e-10
2.219704814389e-10
2.208930233366e-10
2.198259747988e-10
2.187691856971e-10
2.177225087760e-10
2.166857995849e-10
2.156589164112e-10
2.146417202161e-10
1.881485169743e-10
1.873061913044e-10
1.864713740674e-10
1.856439653143e-10
1.848238668623e-10
1.840109822558e-10
1.832052167286e-10
1.824064771674e-10
1.816146720754e-10
1.808297115378e-10
1.800515071875e-10
1.804974268316e-10
1.820610295448e-10
1.836519591590e-10
1.852709383730e-10
1.869187155959e-10
1.885960661010e-10
1.903037932417e-10
1.920427297344e-10
1.938137390129e-10
1.956177166574e-10
1.974198659577e-10
1.986027118911e-10
1.997998173614e-10
2.010114417861e-10
2.022378509140e-10
2.034793170192e-10
2.047361191026e-10
2.060085431011e-10
2.072968821043e-10
2.086014365797e-10
2.099225146062e-10
2.093514242237e-10
2.074239742781e-10
2.055316917226e-10
2.036736227855e-10
2.018488478756e-10
2.000564800650e-10
1.982956636507e-10
1.965655727938e-10
1.948654102265e-10
1.931944060285e-10
1.921710759625e-10
1.965305934108e-10
2.010924987476e-10
2.058712204883e-10
2.108825920392e-10
2.161440269546e-10
2.216747211016e-10
2.274950554934e-10
2.334462683311e-10
2.393974811687e-10
2.453486940064e-10
2.480031933347e-10
2.487346097825e-10
2.494660262304e-10
2.501974426782e-10
2.509288591261e-10
2.516602755740e-10
2.523916920218e-10
2.531231084697e-10
2.538545249175e-10
2.545859413654e-10
2.534672809312e-10
2.424815437926e-10
2.314958066540e-10
2.206937725195e-10
2.107816462834e-10
2.017216252802e-10
1.934083597177e-10
1.857531789528e-10
1.786809163281e-10
1.721274327424e-10
1.660376659083e-10
1.663637884726e-10
1.696259859795e-10
1.730186780146e-10
1.765498544527e-10
1.802281710271e-10
1.840630201689e-10
1.880646110873e-10
1.922440605282e-10
1.966134959089e-10
2.011861728452e-10
2.045944317694e-10
2.029257654553e-10
2.012840981273e-10
1.996687797795e-10
1.980791811052e-10
1.965146926793e-10
1.949747241798e-10
1.934587036445e-10
1.919660767634e-10
1.904963062025e-10
1.890488709587e-10
1.883973846040e-10
1.880264866999e-10
1.876570462996e-10
1.872890548289e-10
1.869225037804e-10
1.865573847133e-10
1.861936892527e-10
1.858314090887e-10
1.854705359761e-10
1.851110617335e-10
1.857023250147e-10
1.890257383288e-10
1.924702739366e-10
1.960426762182e-10
1.997501997476e-10
2.036006584662e-10
2.076024806553e-10
2.117647705219e-10
2.160973773437e-10
2.206109732805e-10
2.253171411446e-10
2.286184237553e-10
2.315154775796e-10
2.344125314040e-10
2.373095852283e-10
2.402066390527e-10
2.431036928770e-10
2.460007467014e-10
2.488978005257e-10
2.517948543500e-10
2.546919081744e-10
2.533408369161e-10
2.427854946455e-10
2.322301523749e-10
2.217996189865e-10
2.121652745155e-10
2.033330646318e-10
1.952068169145e-10
1.877051423242e-10
1.807586997445e-10
1.743080462388e-10
1.683019317470e-10
1.681222620758e-10
1.689986999929e-10
1.698843237109e-10
1.707792784029e-10
1.716837123172e-10
1.725977768593e-10
1.735216266766e-10
1.744554197449e-10
1.753993174595e-10
1.763534847271e-10
1.790158366816e-10
1.848401972134e-10
1.910562996063e-10
1.977050416047e-10
2.048332191614e-10
2.124946294956e-10
2.207514313177e-10
2.296460663118e-10
2.387210452120e-10
2.477960241123e-10
2.568710030125e-10
2.587607688315e-10
2.598052154645e-10
2.608496620975e-10
2.618941087305e-10
2.629385553635e-10
2.639830019964e-10
2.650274486294e-10
2.660718952624e-10
2.671163418954e-10
2.681607885283e-10
2.699496122056e-10
2.727619543187e-10
2.755742964319e-10
2.783866385450e-10
2.811989806581e-10
2.840113227713e-10
2.868236648844e-10
2.896360069975e-10
2.924483491107e-10
2.952606912238e-10
2.980730333369e-10
2.909434833732e-10
2.832616060719e-10
2.755797287706e-10
2.678978514693e-10
2.602159741680e-10
2.525340968667e-10
2.448522195654e-10
2.371703422641e-10
2.294884649628e-10
2.219254315675e-10
2.185614554251e-10
2.194795835971e-10
2.204054580148e-10
2.213391771261e-10
2.222808410541e-10
2.232305516333e-10
2.241884124459e-10
2.251545288596e-10
2.261290080662e-10
2.271119477058e-10
2.280987288939e-10
1.863662316974e-10
1.867444903201e-10
1.871242875324e-10
1.875056327410e-10
1.878885354293e-10
1.882730051582e-10
1.886590515674e-10
1.890466843754e-10
1.894359133811e-10
1.898267484639e-10
1.902191995852e-10
1.908665913757e-10
1.917485290313e-10
1.926386548644e-10
1.935370834391e-10
1.944439314667e-10
1.953593178563e-10
1.962833637669e-10
1.972161926604e-10
1.981579303573e-10
1.991087050925e-10
2.000460985526e-10
2.005835084161e-10
2.011238134854e-10
2.016670372199e-10
2.022132033331e-10
2.027623357961e-10
2.033144588410e-10
2.038695969646e-10
2.044277749321e-10
2.049890177804e-10
2.055533508225e-10
2.048203378038e-10
2.031636252943e-10
2.015334987549e-10
1.999293233249e-10
1.983504841977e-10
1.967963858349e-10
1.952664512176e-10
1.937601211317e-10
1.922768534868e-10
1.908161226655e-10
1.900469966940e-10
1.951246382907e-10
2.004810551923e-10
2.061398536183e-10
2.121273824486e-10
2.184731434557e-10
2.252102774385e-10
2.322545716918e-10
2.393140754023e-10
2.463735791128e-10
2.534330828233e-10
2.558991856015e-10
2.556858045024e-10
2.554724234033e-10
2.552590423043e-10
2.550456612052e-10
2.548322801062e-10
2.546188990071e-10
2.544055179080e-10
2.541921368090e-10
2.539787557099e-10
2.520858150227e-10
2.412352231985e-10
2.303846313743e-10
2.197755512294e-10
2.100594981528e-10
2.011661478298e-10
1.929952515010e-10
1.854622121466e-10
1.784951446227e-10
1.720325744390e-10
1.660216189762e-10
1.661639343583e-10
1.691052136978e-10
1.721524970005e-10
1.753116200148e-10
1.785888548578e-10
1.819909515789e-10
1.855251845668e-10
1.891994044703e-10
1.930220964145e-10
1.970024454181e-10
2.002708066526e-10
2.003093100119e-10
2.003478281791e-10
2.003863611627e-10
2.004249089714e-10
2.004634716135e-10
2.005020490978e-10
2.005406414328e-10
2.005792486269e-10
2.006178706890e-10
2.006565076274e-10
1.991095099386e-10
1.970344630820e-10
1.950022208972e-10
1.930114724246e-10
1.910609596974e-10
1.891494750905e-10
1.872758588271e-10
1.854389966322e-10
1.836378175232e-10
1.818712917269e-10
1.816295804789e-10
1.856866187273e-10
1.899290410350e-10
1.943698510276e-10
1.990232976201e-10
2.039050277420e-10
2.090322621039e-10
2.144239981664e-10
2.201012453531e-10
2.260872986455e-10
2.322850391413e-10
2.368199028615e-10
2.409102144172e-10
2.450005259728e-10
2.490908375284e-10
2.531811490841e-10
2.572714606397e-10
2.613617721953e-10
2.654520837510e-10
2.695423953066e-10
2.736327068622e-10
2.724357798043e-10
2.597831690838e-10
2.471305583632e-10
2.344779476426e-10
2.219433437330e-10
2.104790852574e-10
2.001410045168e-10
1.907709274449e-10
1.822389763917e-10
1.744375134209e-10
1.672765754319e-10
1.671530813585e-10
1.683000130056e-10
1.694627928874e-10
1.706417517740e-10
1.718372297050e-10
1.730495763159e-10
1.742791511795e-10
1.755263241614e-10
1.767914757905e-10
1.780749976465e-10
1.810574624432e-10
1.871986119441e-10
1.937709815704e-10
2.008216431873e-10
2.084047784980e-10
2.165830740775e-10
2.254294582896e-10
2.347591332641e-10
2.441006170876e-10
2.534421009111e-10
2.627835847346e-10
2.635916890330e-10
2.633958663286e-10
2.632000436241e-10
2.630042209197e-10
2.628083982152e-10
2.626125755107e-10
2.624167528063e-10
2.622209301018e-10
2.620251073973e-10
2.618292846929e-10
2.632852416882e-10
2.670123957708e-10
2.707395498534e-10
2.744667039360e-10
2.781938580185e-10
2.819210121011e-10
2.856481661837e-10
2.893753202663e-10
2.931024743489e-10
2.968296284315e-10
3.005567825140e-10
2.925204190977e-10
2.838305269315e-10
2.751406347652e-10
2.664507425990e-10
2.577608504327e-10
2.490709582665e-10
2.403810661002e-10
2.316911739339e-10
2.230725935912e-10
2.149892309906e-10
2.122437054067e-10
2.149931593623e-10
2.178147823345e-10
2.207114536033e-10
2.236862076768e-10
2.267422448946e-10
2.298483029797e-10
2.329548092874e-10
2.360613155952e-10
2.391678219029e-10
2.422743282106e-10
1.846173958744e-10
1.861861481641e-10
1.877817893036e-10
1.894050165925e-10
1.910565516508e-10
1.927371414891e-10
1.944475596349e-10
1.961886073196e-10
1.979611147305e-10
1.997659423300e-10
2.016039822493e-10
2.024997384221e-10
2.025249154980e-10
2.025500988353e-10
2.025752884362e-10
2.026004843033e-10
2.026256864387e-10
2.026508948448e-10
2.026761095240e-10
2.027013304787e-10
2.027265577111e-10
2.027431455527e-10
2.026042145804e-10
2.024654738843e-10
2.023269230738e-10
2.021885617593e-10
2.020503895524e-10
2.019124060655e-10
2.017746109123e-10
2.016370037075e-10
2.014995840668e-10
2.013623516069e-10
2.004812328983e-10
1.990747634871e-10
1.976878906753e-10
1.963202077317e-10
1.949713191037e-10
1.936408400356e-10
1.923283962027e-10
1.910336233603e-10
1.897561670066e-10
1.884956820592e-10
1.879693592704e-10
1.937386563368e-10
1.998733186862e-10
2.064091887215e-10
2.133869555275e-10
2.208530027573e-10
2.288462933068e-10
2.370140878901e-10
2.451818824735e-10
2.533496770569e-10
2.615174716402e-10
2.637951778682e-10
2.626369992223e-10
2.614788205763e-10
2.603206419303e-10
2.591624632843e-10
2.580042846383e-10
2.568461059924e-10
2.556879273464e-10
2.545297487004e-10
2.533715700544e-10
2.507043491142e-10
2.399889026044e-10
2.292734560946e-10
2.188649390071e-10
2.093422813562e-10
2.006137211962e-10
1.925839042697e-10
1.851721554651e-10
1.783097588039e-10
1.719378206296e-10
1.660055751456e-10
1.659645598405e-10
1.685876292967e-10
1.712949454847e-10
1.740906333524e-10
1.769790916069e-10
1.799650158086e-10
1.830534238432e-10
1.862496840614e-10
1.895595464200e-10
1.929891770033e-10
1.961261391082e-10
1.977594670538e-10
1.994202279947e-10
2.011091189213e-10
2.028268606371e-10
2.045741987843e-10
2.063519049228e-10
2.081607776665e-10
2.100016438795e-10
2.118753599361e-10
2.137828130495e-10
2.111132407745e-10
2.069489785517e-10
2.029458207604e-10
1.990945957495e-10
1.953868150903e-10
1.918146111207e-10
1.883706812173e-10
1.850482379657e-10
1.818409645115e-10
1.787429744768e-10
1.777316455015e-10
1.824634217515e-10
1.874540387344e-10
1.927253326121e-10
1.983016667850e-10
2.042103084035e-10
2.104818742574e-10
2.171508614322e-10
2.242562821474e-10
2.317438188536e-10
2.392664344999e-10
2.450213819678e-10
2.503049512547e-10
2.555885205416e-10
2.608720898285e-10
2.661556591155e-10
2.714392284024e-10
2.767227976893e-10
2.820063669762e-10
2.872899362632e-10
2.925735055501e-10
2.915307226926e-10
2.767808435220e-10
2.620309643515e-10
2.472810851809e-10
2.325312060104e-10
2.181456867505e-10
2.053311007843e-10
1.939385222616e-10
1.837436979097e-10
1.745671730693e-10
1.662636371457e-10
1.661950107393e-10
1.676070793598e-10
1.690433487594e-10
1.705044464642e-10
1.719910218850e-10
1.735037472800e-10
1.750433187683e-10
1.766104573978e-10
1.782059102718e-10
1.798304517360e-10
1.831461937771e-10
1.896179875003e-10
1.965639202497e-10
2.040380780942e-10
2.121030985511e-10
2.208319302049e-10
2.302642114697e-10
2.398722002164e-10
2.494801889632e-10
2.590881777099e-10
2.686961664566e-10
2.684226092346e-10
2.669865171926e-10
2.655504251507e-10
2.641143331088e-10
2.626782410669e-10
2.612421490250e-10
2.598060569831e-10
2.583699649412e-10
2.569338728993e-10
2.554977808574e-10
2.566208711708e-10
2.612628372228e-10
2.659048032749e-10
2.705467693269e-10
2.751887353790e-10
2.798307014310e-10
2.844726674830e-10
2.891146335351e-10
2.937565995871e-10
2.983985656391e-10
3.030405316912e-10
2.940973548222e-10
2.843994477910e-10
2.747015407598e-10
2.650036337286e-10
2.553057266974e-10
2.456078196662e-10
2.359099126350e-10
2.262151685234e-10
2.169822562274e-10
2.084734667969e-10
2.062809367679e-10
2.106864767107e-10
2.152843014241e-10
2.200872804912e-10
2.251094581804e-10
2.303187703905e-10
2.355450018178e-10
2.407712332452e-10
2.459974646726e-10
2.512236960999e-10
2.564499275273e-10
1.829010766040e-10
1.856311347988e-10
1.884439279175e-10
1.913432747710e-10
1.943332328634e-10
1.974181173372e-10
2.006025217525e-10
2.038913409094e-10
2.072897959538e-10
2.108034620356e-10
2.144382988291e-10
2.156429843311e-10
2.145847094951e-10
2.135367709684e-10
2.124990180529e-10
2.114713029657e-10
2.104534807691e-10
2.094454093023e-10
2.084469491153e-10
2.074579634048e-10
2.064783179514e-10
2.055139102876e-10
2.046660488247e-10
2.038251544377e-10
2.029911416029e-10
2.021639261905e-10
2.013434254366e-10
2.005295579156e-10
1.997222435131e-10
1.989214033995e-10
1.981269600047e-10
1.973388369927e-10
1.963221612835e-10
1.951472391009e-10
1.939862962856e-10
1.928390848208e-10
1.917053625220e-10
1.905848928669e-10
1.894774448307e-10
1.883827927273e-10
1.873007160559e-10
1.862309993531e-10
1.859366570243e-10
1.923722249393e-10
1.992692556187e-10
2.066792285531e-10
2.146615761791e-10
2.232852813677e-10
2.324975186323e-10
2.417736040885e-10
2.510496895447e-10
2.603257750010e-10
2.696018604572e-10
2.716911701350e-10
2.695881939421e-10
2.674852177492e-10
2.653822415563e-10
2.632792653634e-10
2.611762891705e-10
2.590733129777e-10
2.569703367848e-10
2.548673605919e-10
2.527643843990e-10
2.493228832057e-10
2.387425820103e-10
2.281622808149e-10
2.179618416612e-10
2.086299455535e-10
2.000643203146e-10
1.921743067880e-10
1.848830046447e-10
1.781247576706e-10
1.718431711416e-10
1.659895344156e-10
1.657656631949e-10
1.680732035937e-10
1.704458951469e-10
1.728865365831e-10
1.753980892615e-10
1.779836891588e-10
1.806466599318e-10
1.833905271717e-10
1.862190339759e-10
1.891361579846e-10
1.921495436642e-10
1.952737247194e-10
1.985011777074e-10
2.018371092688e-10
2.052870820296e-10
2.088570455546e-10
2.125533705868e-10
2.163828869893e-10
2.203529258628e-10
2.244713663872e-10
2.287342663902e-10
2.246571651273e-10
2.179141315217e-10
2.115640837687e-10
2.055736396457e-10
1.999130936971e-10
1.945559245939e-10
1.894783796350e-10
1.846591226563e-10
1.800789343378e-10
1.757204560321e-10
1.739975018308e-10
1.793502137533e-10
1.850427111497e-10
1.911084085084e-10
1.975852501104e-10
2.045165045502e-10
2.119517325674e-10
2.199479739556e-10
2.285612359481e-10
2.374045329033e-10
2.462478298585e-10
2.532228610740e-10
2.596996880922e-10
2.661765151104e-10
2.726533421287e-10
2.791301691469e-10
2.856069961651e-10
2.920838231833e-10
2.985606502015e-10
3.050374772197e-10
3.115143042380e-10
3.106256655808e-10
2.937785179603e-10
2.769313703397e-10
2.600842227192e-10
2.432370750987e-10
2.263919052115e-10
2.107975445641e-10
1.972130838020e-10
1.852734748535e-10
1.746970256135e-10
1.652628926551e-10
1.652478602679e-10
1.669198282830e-10
1.686259758707e-10
1.703673619397e-10
1.721450895959e-10
1.739603084731e-10
1.758142172121e-10
1.777080660998e-10
1.796431598820e-10
1.816208607601e-10
1.852836799808e-10
1.921007184226e-10
1.994385490159e-10
2.073592213092e-10
2.159350496711e-10
2.252508274924e-10
2.351107734988e-10
2.449852671688e-10
2.548597608387e-10
2.647342545087e-10
2.746087481786e-10
2.732535294361e-10
2.705771680567e-10
2.679008066774e-10
2.652244452980e-10
2.625480839187e-10
2.598717225393e-10
2.571953611599e-10
2.545189997806e-10
2.518426384012e-10
2.491662770219e-10
2.499565006534e-10
2.555132786749e-10
2.610700566964e-10
2.666268347179e-10
2.721836127394e-10
2.777403907609e-10
2.832971687824e-10
2.888539468038e-10
2.944107248253e-10
2.999675028468e-10
3.055242808683e-10
2.956742905468e-10
2.849683686506e-10
2.742624467544e-10
2.635565248582e-10
2.528506029621e-10
2.421446810659e-10
2.314387591697e-10
2.209044225731e-10
2.112156379665e-10
2.023410364688e-10
2.006440485595e-10
2.065489461687e-10
2.128119414240e-10
2.194666277529e-10
2.265509361208e-10
2.338957441089e-10
2.412417006560e-10
2.485876572030e-10
2.559336137500e-10
2.632795702970e-10
2.706255268440e-10
1.812163753565e-10
1.850794205437e-10
1.891107525978e-10
1.933216130662e-10
1.977242675447e-10
2.023321250012e-10
2.071598741835e-10
2.122236400319e-10
2.175411636075e-10
2.231320097651e-10
2.290010887512e-10
2.305561370356e-10
2.281662915958e-10
2.257836728504e-10
2.234451158260e-10
2.211545054568e-10
2.189103821542e-10
2.167113449778e-10
2.145560487196e-10
2.124432011593e-10
2.103715604808e-10
2.083614569979e-10
2.067702796981e-10
2.052032206495e-10
2.036597356187e-10
2.021392966242e-10
2.006413913345e-10
1.991655224923e-10
1.977112073643e-10
1.962779772150e-10
1.948653768024e-10
1.934729638964e-10
1.923321460698e-10
1.913716878571e-10
1.904207745516e-10
1.894792645726e-10
1.885470191261e-10
1.876239021358e-10
1.867097801776e-10
1.858045224149e-10
1.849080005364e-10
1.840200886952e-10
1.839474477633e-10
1.910249333273e-10
1.986688327842e-10
2.069499758826e-10
2.159515156739e-10
2.257717304719e-10
2.361487439578e-10
2.465331202869e-10
2.569174966159e-10
2.673018729450e-10
2.776862492741e-10
2.795871624018e-10
2.765393886620e-10
2.734916149222e-10
2.704438411824e-10
2.673960674426e-10
2.643482937027e-10
2.613005199629e-10
2.582527462231e-10
2.552049724833e-10
2.521571987435e-10
2.479414172972e-10
2.374962614162e-10
2.270511059700e-10
2.170661665486e-10
2.079224410875e-10
1.995179203939e-10
1.917664479150e-10
1.845947554485e-10
1.779401400266e-10
1.717486258029e-10
1.659734967852e-10
1.655672427054e-10
1.675619077617e-10
1.696052201982e-10
1.716989816577e-10
1.738450838595e-10
1.760455143001e-10
1.783023623923e-10
1.806178260826e-10
1.829942189914e-10
1.854339781239e-10
1.883310001465e-10
1.928496958709e-10
1.975905596501e-10
2.025703892356e-10
2.078077195605e-10
2.133230532679e-10
2.191391289511e-10
2.252812345033e-10
2.316815960741e-10
2.380960187870e-10
2.445104415000e-10
2.393543655458e-10
2.300659686391e-10
2.209467721436e-10
2.124885570672e-10
2.046540546935e-10
1.973767289275e-10
1.905991825731e-10
1.842716403591e-10
1.783507244222e-10
1.727984585125e-10
1.704170381349e-10
1.763414592529e-10
1.826926322363e-10
1.895183899640e-10
1.968739912872e-10
2.048236203065e-10
2.134422641715e-10
2.228180857945e-10
2.329012686889e-10
2.430652469530e-10
2.532292252171e-10
2.614243401802e-10
2.690944249297e-10
2.767645096793e-10
2.844345944288e-10
2.921046791783e-10
2.997747639278e-10
3.074448486773e-10
3.151149334268e-10
3.227850181763e-10
3.304551029258e-10
3.297206084690e-10
3.107761923985e-10
2.918317763280e-10
2.728873602575e-10
2.539429441870e-10
2.349985281165e-10
2.165630107728e-10
2.006001233717e-10
1.868289382814e-10
1.748270714842e-10
1.642741230934e-10
1.643114442994e-10
1.662381901587e-10
1.682106589172e-10
1.702304976683e-10
1.722994335786e-10
1.744192788140e-10
1.765919358332e-10
1.788194030830e-10
1.811037811288e-10
1.834472792619e-10
1.874716482561e-10
1.946493263254e-10
2.023985050657e-10
2.107902704698e-10
2.199080078346e-10
2.298163369348e-10
2.399573355279e-10
2.500983341211e-10
2.602393327143e-10
2.703803313075e-10
2.805213299007e-10
2.780844496376e-10
2.741678189208e-10
2.702511882040e-10
2.663345574872e-10
2.624179267704e-10
2.585012960536e-10
2.545846653368e-10
2.506680346200e-10
2.467514039032e-10
2.428347731864e-10
2.432921301360e-10
2.497637201270e-10
2.562353101179e-10
2.627069001088e-10
2.691784900998e-10
2.756500800907e-10
2.821216700817e-10
2.885932600726e-10
2.950648500636e-10
3.015364400545e-10
3.080080300454e-10
2.972512262713e-10
2.855372895101e-10
2.738233527490e-10
2.621094159879e-10
2.503954792268e-10
2.386815424656e-10
2.269676441372e-10
2.158373126116e-10
2.057475970721e-10
1.965590783526e-10
1.953070361041e-10
2.025707940799e-10
2.103957226591e-10
2.188494656896e-10
2.280070361608e-10
2.374727178274e-10
2.469383994941e-10
2.564040811607e-10
2.658697628274e-10
2.753354444940e-10
2.848011261607e-10
1.795624264055e-10
1.845309760702e-10
1.897823132670e-10
1.953412876560e-10
2.012357482700e-10
2.074970101282e-10
2.141604107561e-10
2.212659774940e-10
2.288451034713e-10
2.365760049832e-10
2.443069064951e-10
2.460738631765e-10
2.424732695103e-10
2.388726758442e-10
2.352720821780e-10
2.316714885119e-10
2.280708948457e-10
2.244995277470e-10
2.210340471540e-10
2.176739297114e-10
2.144144422407e-10
2.112890221398e-10
2.089182284607e-10
2.066000479756e-10
2.043327484991e-10
2.021146730585e-10
1.999442358560e-10
1.978199184872e-10
1.957402663986e-10
1.937038855667e-10
1.917094393812e-10
1.897556457200e-10
1.885010849615e-10
1.877394564126e-10
1.869839577352e-10
1.862345152226e-10
1.854910563450e-10
1.847535097264e-10
1.840218051213e-10
1.832958733929e-10
1.825756464908e-10
1.818610574301e-10
1.820003503581e-10
1.896963821574e-10
1.980720173761e-10
2.072214334941e-10
2.172570518425e-10
2.283073020813e-10
2.397999692833e-10
2.512926364852e-10
2.627853036872e-10
2.742779708891e-10
2.857706380911e-10
2.874831546686e-10
2.834905833818e-10
2.794980120951e-10
2.755054408084e-10
2.715128695217e-10
2.675202982349e-10
2.635277269482e-10
2.595351556615e-10
2.555425843748e-10
2.515500130880e-10
2.465599513887e-10
2.362499408221e-10
2.259454385282e-10
2.161778225426e-10
2.072197189724e-10
1.989744969131e-10
1.913603166044e-10
1.843074036659e-10
1.777559046807e-10
1.716541844416e-10
1.659574622535e-10
1.653692966643e-10
1.670537133231e-10
1.687727973193e-10
1.705276300247e-10
1.723193382581e-10
1.741490966988e-10
1.760181304542e-10
1.779277177956e-10
1.798791930737e-10
1.818739498278e-10
1.846612693748e-10
1.904851104481e-10
1.966882583049e-10
2.033090166840e-10
2.103910263716e-10
2.179842282949e-10
2.261460429793e-10
2.346784097912e-10
2.432144787307e-10
2.517505476703e-10
2.602866166098e-10
2.540772879110e-10
2.426017457699e-10
2.311262036288e-10
2.198848637015e-10
2.096253427438e-10
2.002805325268e-10
1.917333239629e-10
1.838857808156e-10
1.766553703057e-10
1.699720493520e-10
1.669809585718e-10
1.734319880916e-10
1.804014976495e-10
1.879546109590e-10
1.961678348142e-10
2.051316598213e-10
2.149539083081e-10
2.257640924472e-10
2.372413014298e-10
2.487259610028e-10
2.602106205757e-10
2.696258192865e-10
2.784891617673e-10
2.873525042481e-10
2.962158467289e-10
3.050791892097e-10
3.139425316905e-10
3.228058741713e-10
3.316692166521e-10
3.405325591329e-10
3.493959016137e-10
3.488155513572e-10
3.277738668368e-10
3.067321823163e-10
2.856904977958e-10
2.646488132753e-10
2.436071287549e-10
2.226527247859e-10
2.041055375085e-10
1.884107406236e-10
1.749573111136e-10
1.632971148005e-10
1.633855813735e-10
1.655620965029e-10
1.677973827451e-10
1.700938531196e-10
1.724540545770e-10
1.748806774217e-10
1.773765655416e-10
1.799447275267e-10
1.825883487671e-10
1.853108046343e-10
1.897119083642e-10
1.972664684400e-10
2.054476447734e-10
2.143367730099e-10
2.240299020316e-10
2.343963940406e-10
2.448038975571e-10
2.552114010735e-10
2.656189045899e-10
2.760264081063e-10
2.864339116227e-10
2.829153698391e-10
2.777584697848e-10
2.726015697306e-10
2.674446696764e-10
2.622877696221e-10
2.571308695679e-10
2.519739695136e-10
2.468170694594e-10
2.416601694052e-10
2.365032693509e-10
2.366277596186e-10
2.440141615790e-10
2.514005635394e-10
2.587869654998e-10
2.661733674602e-10
2.735597694206e-10
2.809461713810e-10
2.883325733414e-10
2.957189753018e-10
3.031053772622e-10
3.104917792226e-10
2.988281619958e-10
2.861062103697e-10
2.733842587436e-10
2.606623071175e-10
2.479403554914e-10
2.352184038654e-10
2.225864054597e-10
2.109974490034e-10
2.005555296278e-10
1.910983825719e-10
1.902465898710e-10
1.987429855257e-10
2.080337543521e-10
2.182357649353e-10
2.294642847596e-10
2.410496915459e-10
2.526350983322e-10
2.642205051185e-10
2.758059119048e-10
2.873913186911e-10
2.989767254773e-10
1.802077163893e-10
1.856244715048e-10
1.913769560627e-10
1.974973809447e-10
2.040222137091e-10
2.109929057660e-10
2.184567738952e-10
2.264680757282e-10
2.348151651543e-10
2.431638071520e-10
2.515124491498e-10
2.528692369658e-10
2.479333560181e-10
2.429974750705e-10
2.380615941228e-10
2.331257131752e-10
2.281898322276e-10
2.233167314165e-10
2.186422358840e-10
2.141594223629e-10
2.098567375824e-10
2.058809520715e-10
2.048215811859e-10
2.037730565835e-10
2.027352125395e-10
2.017078866882e-10
2.006909199384e-10
1.996841563911e-10
1.986874432601e-10
1.977006307944e-10
1.967235722035e-10
1.957561235844e-10
1.947099723153e-10
1.936115478509e-10
1.925254470287e-10
1.914514636100e-10
1.903893959329e-10
1.893390467852e-10
1.883002232832e-10
1.872727367530e-10
1.862564026164e-10
1.852510402804e-10
1.851434669573e-10
1.929256112449e-10
2.013906752220e-10
2.106326783245e-10
2.207637286467e-10
2.318168511297e-10
2.430496052226e-10
2.542823593154e-10
2.655151134083e-10
2.767478675011e-10
2.879806215940e-10
2.888216290683e-10
2.836007843485e-10
2.783799396286e-10
2.731590949088e-10
2.679382501890e-10
2.627174054691e-10
2.574965607493e-10
2.522757160295e-10
2.470548713096e-10
2.418340265898e-10
2.362166787969e-10
2.284846479477e-10
2.209231458916e-10
2.138382268503e-10
2.071936087067e-10
2.009494838556e-10
1.950707029810e-10
1.895261130316e-10
1.842880049786e-10
1.793316506873e-10
1.746349125659e-10
1.741028093967e-10
1.754357246064e-10
1.767892066280e-10
1.781637351798e-10
1.795598050160e-10
1.809779265208e-10
1.824186263303e-10
1.838824479845e-10
1.853699526113e-10
1.868817196433e-10
1.892643888251e-10
1.950350797531e-10
2.011687354495e-10
2.077007124650e-10
2.146711135898e-10
2.221256119247e-10
2.300758840565e-10
2.381358169375e-10
2.461957498185e-10
2.542556826995e-10
2.623156155805e-10
2.561143109088e-10
2.448197071113e-10
2.335251033137e-10
2.223311246945e-10
2.120051189213e-10
2.025957099875e-10
1.939860405951e-10
1.860783079362e-10
1.787900320817e-10
1.720511682702e-10
1.690061331839e-10
1.753929519733e-10
1.822814510754e-10
1.897331568949e-10
1.978200855083e-10
2.066270776762e-10
2.162547866492e-10
2.268235420903e-10
2.379317888491e-10
2.490402842849e-10
2.601487797206e-10
2.694493119723e-10
2.782677207083e-10
2.870861294443e-10
2.959045381803e-10
3.047229469163e-10
3.135413556523e-10
3.223597643883e-10
3.311781731243e-10
3.399965818603e-10
3.488149905962e-10
3.486271374247e-10
3.289257167869e-10
3.092242961491e-10
2.895228755113e-10
2.698214548735e-10
2.501200342357e-10
2.304186135978e-10
2.118146293034e-10
1.959539336343e-10
1.823030660802e-10
1.704302702489e-10
1.702950968427e-10
1.722344093827e-10
1.742184003179e-10
1.762486316096e-10
1.783267388864e-10
1.804544358382e-10
1.826335189300e-10
1.848658724605e-10
1.871534739964e-10
1.894984002157e-10
1.933805875280e-10
2.001222178141e-10
2.073508801710e-10
2.151213290001e-10
2.234968459174e-10
2.324213640616e-10
2.414027218767e-10
2.503840796919e-10
2.593654375071e-10
2.683467953223e-10
2.773281531375e-10
2.746141883928e-10
2.705243033470e-10
2.664344183011e-10
2.623445332553e-10
2.582546482094e-10
2.541647631636e-10
2.500748781178e-10
2.459849930719e-10
2.418951080261e-10
2.378052229803e-10
2.383269059068e-10
2.451894947954e-10
2.520520836841e-10
2.589146725727e-10
2.657772614613e-10
2.726398503499e-10
2.795024392385e-10
2.863650281272e-10
2.932276170158e-10
3.000902059044e-10
3.069527947930e-10
2.967223502133e-10
2.855422926630e-10
2.743622351128e-10
2.631821775625e-10
2.520021200123e-10
2.408220624621e-10
2.296420049118e-10
2.187757230154e-10
2.088667809160e-10
1.998165508206e-10
1.987211051077e-10
2.062078998822e-10
2.142809084579e-10
2.230117867005e-10
2.323578513672e-10
2.417774388792e-10
2.511970263912e-10
2.606166139032e-10
2.700362014151e-10
2.794557889271e-10
2.888753764391e-10
1.814770740072e-10
1.871782228697e-10
1.932491959653e-10
1.997271843998e-10
2.066545390371e-10
2.140796974571e-10
2.220583181965e-10
2.305986889906e-10
2.392517654762e-10
2.479048419618e-10
2.565579184474e-10
2.573386501280e-10
2.510342714841e-10
2.447298928403e-10
2.384255141965e-10
2.321211355526e-10
2.258235383674e-10
2.197552595671e-10
2.140045772051e-10
2.085471939672e-10
2.033612293547e-10
1.987129824314e-10
1.993293167077e-10
1.999494861619e-10
2.005735267026e-10
2.012014746882e-10
2.018333669337e-10
2.024692407183e-10
2.031091337922e-10
2.037530843846e-10
2.044011312107e-10
2.050533134802e-10
2.043573591914e-10
2.027002796315e-10
2.010698575494e-10
1.994654548188e-10
1.978864535191e-10
1.963322551427e-10
1.948022798379e-10
1.932959656879e-10
1.918127680227e-10
1.903521587625e-10
1.898413886876e-10
1.975581222244e-10
2.059287812435e-10
2.150401651630e-10
2.249951464276e-10
2.355841640704e-10
2.461921506589e-10
2.568001372475e-10
2.674081238361e-10
2.780161104246e-10
2.886240970132e-10
2.884114320368e-10
2.818867203142e-10
2.753620085916e-10
2.688372968690e-10
2.623125851464e-10
2.557878734239e-10
2.492631617013e-10
2.427384499787e-10
2.362137382561e-10
2.296890265335e-10
2.235390811703e-10
2.192586156065e-10
2.151390000286e-10
2.111713350900e-10
2.073473660546e-10
2.036594254711e-10
2.001003818571e-10
1.966635936723e-10
1.933428679545e-10
1.901324230759e-10
1.870268551508e-10
1.866515978354e-10
1.875124726888e-10
1.883813253950e-10
1.892582673680e-10
1.901434121064e-10
1.910368752417e-10
1.919387745893e-10
1.928492301999e-10
1.937683644130e-10
1.946963019115e-10
1.965158912170e-10
2.018168641673e-10
2.074117505264e-10
2.133256913942e-10
2.195867794261e-10
2.262265050688e-10
2.331144813951e-10
2.400055362748e-10
2.468965911545e-10
2.537876460342e-10
2.606787009139e-10
2.547684274087e-10
2.442862509088e-10
2.338040744089e-10
2.233824749477e-10
2.136779340854e-10
2.047814872563e-10
1.965962342839e-10
1.890401721997e-10
1.820434383742e-10
1.755461440188e-10
1.725968917693e-10
1.787483207131e-10
1.853544340611e-10
1.924675785926e-10
2.001484571802e-10
2.084678654441e-10
2.175088803078e-10
2.273692250032e-10
2.376490641828e-10
2.479289033623e-10
2.582087425418e-10
2.670386749461e-10
2.754819655437e-10
2.839252561412e-10
2.923685467388e-10
3.008118373363e-10
3.092551279339e-10
3.176984185314e-10
3.261417091290e-10
3.345849997265e-10
3.430282903241e-10
3.432964950067e-10
3.258520135402e-10
3.084075320738e-10
2.909630506073e-10
2.735185691409e-10
2.560740876744e-10
2.386296062080e-10
2.213333467895e-10
2.059126930742e-10
1.925008464794e-10
1.807292871898e-10
1.802318218173e-10
1.817156294594e-10
1.832240716143e-10
1.847577668989e-10
1.863173548177e-10
1.879034966519e-10
1.895168763944e-10
1.911582017331e-10
1.928282050861e-10
1.945276446913e-10
1.975784880847e-10
2.031078393568e-10
2.089555854521e-10
2.151500426722e-10
2.217229876289e-10
2.286983108598e-10
2.358021494739e-10
2.429059880880e-10
2.500098267021e-10
2.571136653162e-10
2.642175039303e-10
2.628111131738e-10
2.604035189619e-10
2.579959247500e-10
2.555883305381e-10
2.531807363263e-10
2.507731421144e-10
2.483655479025e-10
2.459579536906e-10
2.435503594788e-10
2.411427652669e-10
2.422563233432e-10
2.482114658157e-10
2.541666082882e-10
2.601217507607e-10
2.660768932333e-10
2.720320357058e-10
2.779871781783e-10
2.839423206508e-10
2.898974631233e-10
2.958526055959e-10
3.018077480684e-10
2.936344724289e-10
2.846762846720e-10
2.757180969152e-10
2.667599091583e-10
2.578017214015e-10
2.488435336446e-10
2.398853458878e-10
2.309271581309e-10
2.220806603873e-10
2.138295321466e-10
2.122274072891e-10
2.177037589948e-10
2.234702221866e-10
2.295234797111e-10
2.356344361104e-10
2.417453925097e-10
2.478563489090e-10
2.539673053083e-10
2.600782617076e-10
2.661892181069e-10
2.723001745062e-10
1.827644408297e-10
1.887582048410e-10
1.951584300105e-10
2.020079130880e-10
2.093556775185e-10
2.172581486261e-10
2.257806053942e-10
2.347308548247e-10
2.436883657981e-10
2.526458767715e-10
2.616033877449e-10
2.618080632902e-10
2.541351869502e-10
2.464623106101e-10
2.387894342701e-10
2.311165579300e-10
2.235004068390e-10
2.163056017355e-10
2.095595724869e-10
2.032216004260e-10
1.972557482975e-10
1.920273413415e-10
1.941239089412e-10
1.962667628337e-10
1.984574529339e-10
2.006975991369e-10
2.029888953134e-10
2.053331135804e-10
2.077321088729e-10
2.101878238383e-10
2.127022940836e-10
2.152776538028e-10
2.150105903695e-10
2.126843483372e-10
2.104079036811e-10
2.081796743315e-10
2.059981445336e-10
2.038618614082e-10
2.017694317255e-10
1.997195188745e-10
1.977108400164e-10
1.957421634069e-10
1.947839323458e-10
2.024185773819e-10
2.106761241204e-10
2.196360474162e-10
2.293682579267e-10
2.393514770110e-10
2.493346960953e-10
2.593179151796e-10
2.693011342638e-10
2.792843533481e-10
2.892675724324e-10
2.880012350053e-10
2.801726562800e-10
2.723440775546e-10
2.645154988293e-10
2.566869201039e-10
2.488583413786e-10
2.410297626532e-10
2.332011839279e-10
2.253850678135e-10
2.179268750335e-10
2.118436205059e-10
2.107411041865e-10
2.096500042961e-10
2.085701444245e-10
2.075013517772e-10
2.064434570837e-10
2.053962945078e-10
2.043597015611e-10
2.033335190191e-10
2.023175908390e-10
2.013117640817e-10
2.011498529645e-10
2.013748324021e-10
2.016003156674e-10
2.018263044545e-10
2.020528004655e-10
2.022798054100e-10
2.025073210052e-10
2.027353489762e-10
2.029638910556e-10
2.031929489843e-10
2.043452020044e-10
2.090872732269e-10
2.140546639561e-10
2.192638240842e-10
2.247328447193e-10
2.304309018553e-10
2.361530787337e-10
2.418752556121e-10
2.475974324906e-10
2.533196093690e-10
2.590417862474e-10
2.534225439085e-10
2.437527947063e-10
2.340830455041e-10
2.244438156066e-10
2.153773577212e-10
2.070149430229e-10
1.992776293411e-10
1.920978513419e-10
1.854174423194e-10
1.791860548812e-10
1.763435433272e-10
1.822345736372e-10
1.885328051965e-10
1.952819694090e-10
2.025322922222e-10
2.103417462439e-10
2.187776041602e-10
2.279151565931e-10
2.373663395164e-10
2.468175224397e-10
2.562687053630e-10
2.646280379199e-10
2.726962103790e-10
2.807643828381e-10
2.888325552972e-10
2.969007277563e-10
3.049689002154e-10
3.130370726746e-10
3.211052451337e-10
3.291734175928e-10
3.372415900519e-10
3.379658525886e-10
3.227783102935e-10
3.075907679985e-10
2.924032257034e-10
2.772156834083e-10
2.620281411132e-10
2.468405988181e-10
2.316530565230e-10
2.169378983509e-10
2.039071281127e-10
1.923530892400e-10
1.914000197992e-10
1.923015103361e-10
1.932115330668e-10
1.941302096973e-10
1.950576642592e-10
1.959940231657e-10
1.969394152693e-10
1.978939719205e-10
1.988578270289e-10
1.998311171254e-10
2.019626886604e-10
2.061838950062e-10
2.105853223436e-10
2.151787640105e-10
2.199770652696e-10
2.249942432692e-10
2.302015770711e-10
2.354278964841e-10
2.406542158971e-10
2.458805353101e-10
2.511068547231e-10
2.510080379547e-10
2.502827345768e-10
2.495574311989e-10
2.488321278210e-10
2.481068244431e-10
2.473815210652e-10
2.466562176872e-10
2.459309143093e-10
2.452056109314e-10
2.444803075535e-10
2.461857407795e-10
2.512334368359e-10
2.562811328924e-10
2.613288289488e-10
2.663765250052e-10
2.714242210616e-10
2.764719171181e-10
2.815196131745e-10
2.865673092309e-10
2.916150052873e-10
2.966627013437e-10
2.905465946445e-10
2.838102766810e-10
2.770739587176e-10
2.703376407541e-10
2.636013227906e-10
2.568650048272e-10
2.501286868637e-10
2.433923689002e-10
2.366560509368e-10
2.299197329733e-10
2.277017197073e-10
2.305040449939e-10
2.333063702805e-10
2.361086955671e-10
2.389110208537e-10
2.417133461403e-10
2.445156714269e-10
2.473179967135e-10
2.501203220001e-10
2.529226472867e-10
2.557249725733e-10
1.840702028577e-10
1.903650873154e-10
1.971057656066e-10
2.043413317405e-10
2.121283632167e-10
2.205324034191e-10
2.296010751975e-10
2.388630206587e-10
2.481249661200e-10
2.573869115813e-10
2.666488570425e-10
2.662774764524e-10
2.572361024162e-10
2.481947283799e-10
2.391533543437e-10
2.301119803075e-10
2.212245864558e-10
2.129625736261e-10
2.052954613806e-10
1.981612294677e-10
1.915061891800e-10
1.857769300114e-10
1.891834563806e-10
1.927172448678e-10
1.963855626673e-10
2.001962410258e-10
2.041577310502e-10
2.082791662743e-10
2.125704329606e-10
2.170422492756e-10
2.217062546736e-10
2.265751110579e-10
2.268356224348e-10
2.237029084066e-10
2.206555443647e-10
2.176900891779e-10
2.148032842474e-10
2.119920415624e-10
2.092534326812e-10
2.065846785561e-10
2.039831401264e-10
2.014463096139e-10
1.999907149483e-10
2.075242251740e-10
2.156475161398e-10
2.244326681583e-10
2.337603383717e-10
2.431187899516e-10
2.524772415316e-10
2.618356931116e-10
2.711941446916e-10
2.805525962716e-10
2.899110478516e-10
2.875910379738e-10
2.784585922457e-10
2.693261465176e-10
2.601937007895e-10
2.510612550614e-10
2.419288093333e-10
2.327963636052e-10
2.237139939772e-10
2.151867152645e-10
2.072856343107e-10
2.013111166003e-10
2.028606042192e-10
2.044341296065e-10
2.060322564949e-10
2.076555663835e-10
2.093046592433e-10
2.109801542566e-10
2.126826905918e-10
2.144129282169e-10
2.161715487519e-10
2.179592563646e-10
2.180901100725e-10
2.174504359023e-10
2.168145031800e-10
2.161822791758e-10
2.155537315404e-10
2.149288282999e-10
2.143075378499e-10
2.136898289504e-10
2.130756707207e-10
2.124650326339e-10
2.128242474711e-10
2.169010882084e-10
2.211371704967e-10
2.255420101512e-10
2.300850783180e-10
2.346383771952e-10
2.391916760723e-10
2.437449749495e-10
2.482982738266e-10
2.528515727038e-10
2.574048715809e-10
2.520766604084e-10
2.432193385038e-10
2.343620165992e-10
2.255152897510e-10
2.171040297859e-10
2.092976545105e-10
2.020331794190e-10
1.952560711488e-10
1.889188760362e-10
1.829801073457e-10
1.802564652781e-10
1.858595212556e-10
1.918220805079e-10
1.981798894902e-10
2.049735962842e-10
2.122496205722e-10
2.200612157212e-10
2.284610881829e-10
2.370836148500e-10
2.457061415171e-10
2.543286681842e-10
2.622174008936e-10
2.699104552143e-10
2.776035095350e-10
2.852965638557e-10
2.929896181763e-10
3.006826724970e-10
3.083757268177e-10
3.160687811384e-10
3.237618354590e-10
3.314548897797e-10
3.326352101706e-10
3.197046070469e-10
3.067740039231e-10
2.938434007994e-10
2.809127976757e-10
2.679821945520e-10
2.550515914283e-10
2.421209883045e-10
2.291903851808e-10
2.167502641409e-10
2.055748616220e-10
2.040437409400e-10
2.041970509868e-10
2.043505915884e-10
2.045043632655e-10
2.046583665399e-10
2.048126019354e-10
2.049670699771e-10
2.051217711919e-10
2.052767061079e-10
2.054318752554e-10
2.065458724972e-10
2.093545568045e-10
2.122406811472e-10
2.152074930180e-10
2.182584240644e-10
2.213971033300e-10
2.246273716548e-10
2.279498048801e-10
2.312986050920e-10
2.346474053040e-10
2.379962055159e-10
2.392049627357e-10
2.401619501917e-10
2.411189376478e-10
2.420759251038e-10
2.430329125599e-10
2.439899000159e-10
2.449468874720e-10
2.459038749280e-10
2.468608623841e-10
2.478178498401e-10
2.501151582159e-10
2.542554078562e-10
2.583956574965e-10
2.625359071368e-10
2.666761567772e-10
2.708164064175e-10
2.749566560578e-10
2.790969056981e-10
2.832371553384e-10
2.873774049788e-10
2.915176546191e-10
2.874587168601e-10
2.829442686900e-10
2.784298205199e-10
2.739153723499e-10
2.694009241798e-10
2.648864760097e-10
2.603720278396e-10
2.558575796696e-10
2.513431314995e-10
2.468286833294e-10
2.442128289012e-10
2.437065230752e-10
2.432002172491e-10
2.426939114230e-10
2.421876055969e-10
2.416812997709e-10
2.411749939448e-10
2.406686881187e-10
2.401623822926e-10
2.396560764665e-10
2.391497706405e-10
1.853947572022e-10
1.919995631967e-10
1.990923548070e-10
2.067292875798e-10
2.149754769781e-10
2.239068596267e-10
2.334288065437e-10
2.429951864928e-10
2.525615664419e-10
2.621279463910e-10
2.716943263401e-10
2.707468896147e-10
2.603370178822e-10
2.499271461498e-10
2.395172744173e-10
2.291074026849e-10
2.189946465310e-10
2.097213065606e-10
2.012014216455e-10
1.933467497315e-10
1.860823105136e-10
1.799205885279e-10
1.844882317586e-10
1.892938335208e-10
1.943564863770e-10
1.996973815356e-10
2.053401053519e-10
2.113109875587e-10
2.176395120711e-10
2.243588038903e-10
2.314208570718e-10
2.385154567178e-10
2.393355841998e-10
2.355924591988e-10
2.318493341978e-10
2.281062091968e-10
2.243947650939e-10
2.207976343928e-10
2.173140107903e-10
2.139386051771e-10
2.106664520284e-10
2.074928850299e-10
2.054835086562e-10
2.128940993342e-10
2.208592014997e-10
2.294187347409e-10
2.381524188166e-10
2.468861028923e-10
2.556197869680e-10
2.643534710437e-10
2.730871551194e-10
2.818208391951e-10
2.905545232708e-10
2.871808409423e-10
2.767445282115e-10
2.663082154806e-10
2.558719027498e-10
2.454355900189e-10
2.349992772880e-10
2.245901487806e-10
2.148237418721e-10
2.058713314282e-10
1.976352229846e-10
1.917763244662e-10
1.955482299866e-10
1.994714858990e-10
2.035553882723e-10
2.078100103843e-10
2.122462856797e-10
2.168761015863e-10
2.217124058833e-10
2.267693276261e-10
2.319545304195e-10
2.371401084697e-10
2.376301042964e-10
2.359529083277e-10
2.342757123591e-10
2.325985163904e-10
2.309213204217e-10
2.292441244530e-10
2.275669284843e-10
2.258957437746e-10
2.242478285922e-10
2.226237824507e-10
2.220374086553e-10
2.253215972379e-10
2.286925899074e-10
2.320770107833e-10
2.354614316592e-10
2.388458525350e-10
2.422302734109e-10
2.456146942868e-10
2.489991151627e-10
2.523835360385e-10
2.557679569144e-10
2.507307769082e-10
2.426858823013e-10
2.346409876944e-10
2.265970432059e-10
2.188586109249e-10
2.116312692847e-10
2.048660038292e-10
1.985198733818e-10
1.925550976496e-10
1.869383045135e-10
1.843469770105e-10
1.896316081467e-10
1.952281678027e-10
2.011651134910e-10
2.074744728995e-10
2.141924218959e-10
2.213599785848e-10
2.290070197727e-10
2.368008901836e-10
2.445947605945e-10
2.523886310054e-10
2.598067638674e-10
2.671247000496e-10
2.744426362319e-10
2.817605724141e-10
2.890785085964e-10
2.963964447786e-10
3.037143809608e-10
3.110323171431e-10
3.183502533253e-10
3.256681895075e-10
3.273045677525e-10
3.166309038002e-10
3.059572398478e-10
2.952835758955e-10
2.846099119431e-10
2.739362479908e-10
2.632625840384e-10
2.525889200860e-10
2.419152561337e-10
2.312415921813e-10
2.207484453119e-10
2.184760836343e-10
2.176613189653e-10
2.168526087347e-10
2.160498857074e-10
2.152530836401e-10
2.144621372632e-10
2.136769822629e-10
2.128975552638e-10
2.121237938119e-10
2.113556363576e-10
2.113419008653e-10
2.126242574298e-10
2.139222708726e-10
2.152362296980e-10
2.165664295421e-10
2.179131733951e-10
2.192767718308e-10
2.206575432460e-10
2.220558141076e-10
2.234719192107e-10
2.249062019453e-10
2.274018875167e-10
2.300411658067e-10
2.326804440967e-10
2.353197223867e-10
2.379590006767e-10
2.405982789667e-10
2.432375572567e-10
2.458768355467e-10
2.485161138367e-10
2.511553921268e-10
2.540445756522e-10
2.572773788764e-10
2.605101821007e-10
2.637429853249e-10
2.669757885491e-10
2.702085917733e-10
2.734413949976e-10
2.766741982218e-10
2.799070014460e-10
2.831398046702e-10
2.863726078944e-10
2.843708390757e-10
2.820782606990e-10
2.797856823223e-10
2.774931039456e-10
2.752005255690e-10
2.729079471923e-10
2.706153688156e-10
2.683227904389e-10
2.660302120622e-10
2.637376336855e-10
2.607239380952e-10
2.569090011565e-10
2.530940642177e-10
2.492791272789e-10
2.454641903402e-10
2.416492534014e-10
2.378343164626e-10
2.340193795239e-10
2.302044425851e-10
2.263914858630e-10
2.226614987467e-10
1.867385124879e-10
1.936623493916e-10
2.011193965833e-10
2.091737151970e-10
2.179000564158e-10
2.273857234530e-10
2.372565378900e-10
2.471273523269e-10
2.569981667638e-10
2.668689812007e-10
2.767397956376e-10
2.752163027769e-10
2.634379333482e-10
2.516595639196e-10
2.398811944909e-10
2.281028250623e-10
2.168092134879e-10
2.065772238203e-10
1.972674774382e-10
1.887606639762e-10
1.809572024728e-10
1.744221883904e-10
1.800204187749e-10
1.859899256514e-10
1.923689105588e-10
1.992010020341e-10
2.065362548134e-10
2.144323782384e-10
2.229562576432e-10
2.320727386183e-10
2.412647915791e-10
2.504568445399e-10
2.518357699754e-10
2.475324208470e-10
2.432290717186e-10
2.389257225903e-10
2.346223734619e-10
2.303190243335e-10
2.260204659072e-10
2.218354222528e-10
2.178025434222e-10
2.139136787058e-10
2.112865450909e-10
2.185492559862e-10
2.263290336228e-10
2.344355826901e-10
2.425444992615e-10
2.506534158329e-10
2.587623324043e-10
2.668712489757e-10
2.749801655471e-10
2.830890821186e-10
2.911979986900e-10
2.867706439108e-10
2.750304641772e-10
2.632902844436e-10
2.515501047100e-10
2.398099249764e-10
2.280697452428e-10
2.168138724574e-10
2.066130696442e-10
1.973290038473e-10
1.888434097628e-10
1.831038896962e-10
1.887446825053e-10
1.947440686678e-10
2.011373652078e-10
2.079646842918e-10
2.152717756450e-10
2.231110530298e-10
2.314561021857e-10
2.398710824607e-10
2.482860627358e-10
2.567010430108e-10
2.575391093078e-10
2.548801383841e-10
2.522211674604e-10
2.495621965367e-10
2.469032256130e-10
2.442442546893e-10
2.415852837656e-10
2.389263128419e-10
2.362673419182e-10
2.336083709945e-10
2.319756135020e-10
2.341911563766e-10
2.364066992512e-10
2.386222421257e-10
2.408377850003e-10
2.430533278749e-10
2.452688707495e-10
2.474844136241e-10
2.496999564987e-10
2.519154993733e-10
2.541310422479e-10
2.493848934081e-10
2.421524260988e-10
2.349199587896e-10
2.276874914803e-10
2.206417833140e-10
2.140175092195e-10
2.077793993221e-10
2.018946426353e-10
1.963340429050e-10
1.910715341654e-10
1.886274492421e-10
1.935599786338e-10
1.987574020816e-10
2.042416469784e-10
2.100371295298e-10
2.161711181754e-10
2.226741626045e-10
2.295529513626e-10
2.365181655173e-10
2.434833796720e-10
2.504485938267e-10
2.573961268412e-10
2.643389448850e-10
2.712817629288e-10
2.782245809726e-10
2.851673990164e-10
2.921102170602e-10
2.990530351040e-10
3.059958531478e-10
3.129386711916e-10
3.198814892354e-10
3.219739253345e-10
3.135572005535e-10
3.051404757725e-10
2.967237509915e-10
2.883070262105e-10
2.798903014295e-10
2.714735766485e-10
2.630568518675e-10
2.546401270865e-10
2.462234023056e-10
2.378066775246e-10
2.348302222647e-10
2.328738175400e-10
2.309174128153e-10
2.289610080906e-10
2.270046173904e-10
2.250658852262e-10
2.231599881053e-10
2.212860988737e-10
2.194434179285e-10
2.176311720806e-10
2.163659530834e-10
2.159977108721e-10
2.156307199845e-10
2.152649740534e-10
2.149004667544e-10
2.145371918061e-10
2.141751429695e-10
2.138143140474e-10
2.134546988846e-10
2.130962913671e-10
2.127390854218e-10
2.161496293683e-10
2.201380955555e-10
2.242765219173e-10
2.285635196695e-10
2.328850887935e-10
2.372066579175e-10
2.415282270415e-10
2.458497961654e-10
2.501713652894e-10
2.544929344134e-10
2.579739930886e-10
2.602993498967e-10
2.626247067048e-10
2.649500635129e-10
2.672754203211e-10
2.696007771292e-10
2.719261339373e-10
2.742514907454e-10
2.765768475536e-10
2.789022043617e-10
2.812275611698e-10
2.812829612913e-10
2.812122527080e-10
2.811415441247e-10
2.810708355414e-10
2.810001269581e-10
2.809294183748e-10
2.808587097915e-10
2.807880012082e-10
2.807172926249e-10
2.806465840416e-10
2.772350472892e-10
2.701114792378e-10
2.629879111863e-10
2.558643431349e-10
2.487407750834e-10
2.416172070320e-10
2.344936389805e-10
2.273700709291e-10
2.204450611501e-10
2.139290406081e-10
2.077871681217e-10
1.881018892724e-10
1.953541878588e-10
2.031881392383e-10
2.116766417786e-10
2.209053067207e-10
2.309090203114e-10
2.410842692362e-10
2.512595181609e-10
2.614347670857e-10
2.716100160105e-10
2.817852649352e-10
2.796857159391e-10
2.665388488143e-10
2.533919816894e-10
2.402451145646e-10
2.270982474397e-10
2.146669680373e-10
2.035260190845e-10
1.934844181547e-10
1.843870965987e-10
1.761068403873e-10
1.692498865052e-10
1.757638861754e-10
1.827993712110e-10
1.904215748945e-10
1.987070840739e-10
2.077464215749e-10
2.176473670607e-10
2.285297135353e-10
2.398192198108e-10
2.511087260864e-10
2.623982323619e-10
2.643359557509e-10
2.594723824952e-10
2.546088092394e-10
2.497452359837e-10
2.448816627279e-10
2.400180894722e-10
2.351545162164e-10
2.302909429607e-10
2.254390397700e-10
2.207445401455e-10
2.174268727137e-10
2.245130495801e-10
2.319682815722e-10
2.394524306393e-10
2.469365797064e-10
2.544207287735e-10
2.619048778407e-10
2.693890269078e-10
2.768731759749e-10
2.843573250420e-10
2.918414741092e-10
2.863604468794e-10
2.733164001430e-10
2.602723534066e-10
2.472283066702e-10
2.341842599339e-10
2.212906807126e-10
2.095580712710e-10
1.990069241993e-10
1.894673358926e-10
1.808004904955e-10
1.751818823683e-10
1.823986378827e-10
1.902355406993e-10
1.987761148645e-10
2.081195886198e-10
2.183847673284e-10
2.296844475524e-10
2.413288300523e-10
2.529732125522e-10
2.646175950521e-10
2.762619775520e-10
2.774481143191e-10
2.738073684404e-10
2.701666225617e-10
2.665258766830e-10
2.628851308043e-10
2.592443849256e-10
2.556036390469e-10
2.519628931682e-10
2.483221472894e-10
2.446814014107e-10
2.420274788482e-10
2.430741437216e-10
2.441208085949e-10
2.451674734682e-10
2.462141383415e-10
2.472608032148e-10
2.483074680881e-10
2.493541329614e-10
2.504007978347e-10
2.514474627081e-10
2.524941275814e-10
2.480390099079e-10
2.416189698963e-10
2.351989298847e-10
2.287788898731e-10
2.224542515441e-10
2.164581747342e-10
2.107768528855e-10
2.053861359805e-10
2.002642829830e-10
1.953916687746e-10
1.931114289782e-10
1.976545507971e-10
2.024165848623e-10
2.074137443624e-10
2.126638840646e-10
2.181867134722e-10
2.240040440806e-10
2.300988829524e-10
2.362354408509e-10
2.423719987494e-10
2.485085566479e-10
2.549854898149e-10
2.615531897203e-10
2.681208896257e-10
2.746885895310e-10
2.812562894364e-10
2.878239893417e-10
2.943916892471e-10
3.009593891525e-10
3.075270890578e-10
3.140947889632e-10
3.166432829165e-10
3.104834973068e-10
3.043237116972e-10
2.981639260876e-10
2.920041404779e-10
2.858443548683e-10
2.796845692587e-10
2.735247836490e-10
2.673649980394e-10
2.612052124298e-10
2.550454268201e-10
2.515217044304e-10
2.484922438944e-10
2.454627833584e-10
2.424333228224e-10
2.394038622864e-10
2.363744017504e-10
2.333449412143e-10
2.303154806783e-10
2.272860201423e-10
2.242907757701e-10
2.216346869988e-10
2.194799351091e-10
2.173666771856e-10
2.152937260873e-10
2.132599395309e-10
2.112642179917e-10
2.093055027216e-10
2.073827738762e-10
2.054950487439e-10
2.036413800715e-10
2.018208544789e-10
2.059580119696e-10
2.110191223312e-10
2.163352375025e-10
2.219261282438e-10
2.278111769103e-10
2.338150368683e-10
2.398188968262e-10
2.458227567841e-10
2.518266167421e-10
2.578304767000e-10
2.619034105249e-10
2.633213209169e-10
2.647392313090e-10
2.661571417010e-10
2.675750520930e-10
2.689929624850e-10
2.704108728771e-10
2.718287832691e-10
2.732466936611e-10
2.746646040531e-10
2.760825144451e-10
2.781950835069e-10
2.803462447170e-10
2.824974059271e-10
2.846485671372e-10
2.867997283473e-10
2.889508895574e-10
2.911020507675e-10
2.932532119776e-10
2.954043731877e-10
2.975555343978e-10
2.937461564832e-10
2.833139573191e-10
2.728817581549e-10
2.624495589908e-10
2.520173598267e-10
2.415851606625e-10
2.311529614984e-10
2.208929941566e-10
2.114422848430e-10
2.027670767059e-10
1.947756782489e-10
1.894853204860e-10
1.970758467122e-10
2.052998829696e-10
2.142401927136e-10
2.239946123786e-10
2.344323171698e-10
2.449120005824e-10
2.553916839950e-10
2.658713674076e-10
2.763510508202e-10
2.868307342328e-10
2.841551291013e-10
2.696397642803e-10
2.551243994592e-10
2.406090346382e-10
2.260977737231e-10
2.125666425227e-10
2.005636367512e-10
1.898437264349e-10
1.802116100220e-10
1.715097081680e-10
1.643755080892e-10
1.717039931408e-10
1.797164350369e-10
1.885132695867e-10
1.982156093901e-10
2.089708534850e-10
2.209602280625e-10
2.341787414131e-10
2.475657010034e-10
2.609526605937e-10
2.743396201840e-10
2.768361415265e-10
2.714123441434e-10
2.659885467602e-10
2.605647493771e-10
2.551409519940e-10
2.497171546108e-10
2.442933572277e-10
2.388695598445e-10
2.334457624614e-10
2.280219650783e-10
2.239347783867e-10
2.307505154628e-10
2.376098970257e-10
2.444692785885e-10
2.513286601513e-10
2.581880417142e-10
2.650474232770e-10
2.719068048399e-10
2.787661864027e-10
2.856255679655e-10
2.924849495284e-10
2.859502498479e-10
2.716023361087e-10
2.572544223696e-10
2.429065086305e-10
2.285585948914e-10
2.148989842080e-10
2.027721833041e-10
1.919409118934e-10
1.822080912594e-10
1.734146869421e-10
1.679169398791e-10
1.764654502210e-10
1.859310434415e-10
1.964696609942e-10
2.082747238835e-10
2.215891124503e-10
2.363277731941e-10
2.512015579189e-10
2.660753426436e-10
2.809491273684e-10
2.958229120931e-10
2.973571193305e-10
2.927345984968e-10
2.881120776631e-10
2.834895568293e-10
2.788670359956e-10
2.742445151619e-10
2.696219943282e-10
2.649994734945e-10
2.603769526607e-10
2.557544318270e-10
2.520793441945e-10
2.519571310665e-10
2.518349179386e-10
2.517127048106e-10
2.515904916827e-10
2.514682785547e-10
2.513460654267e-10
2.512238522988e-10
2.511016391708e-10
2.509794260428e-10
2.508572129149e-10
2.466931264078e-10
2.410855136938e-10
2.354779009799e-10
2.298702882659e-10
2.242967435494e-10
2.189551493237e-10
2.138620556676e-10
2.090005157398e-10
2.043550893996e-10
1.999116794017e-10
1.978137827282e-10
2.019261000826e-10
2.062130279283e-10
2.106859285257e-10
2.153571718130e-10
2.202402496481e-10
2.253499059537e-10
2.306448145422e-10
2.359527161845e-10
2.412606178268e-10
2.465685194691e-10
2.525748527887e-10
2.587674345556e-10
2.649600163225e-10
2.711525980895e-10
2.773451798564e-10
2.835377616233e-10
2.897303433902e-10
2.959229251572e-10
3.021155069241e-10
3.083080886910e-10
3.113126404984e-10
3.074097940601e-10
3.035069476219e-10
2.996041011836e-10
2.957012547453e-10
2.917984083071e-10
2.878955618688e-10
2.839927154305e-10
2.800898689923e-10
2.761870225540e-10
2.722841761157e-10
2.682131865962e-10
2.641106702488e-10
2.600081539015e-10
2.559056375542e-10
2.518031212068e-10
2.477006048595e-10
2.435980885122e-10
2.394955721648e-10
2.353930558175e-10
2.312905394702e-10
2.271663746115e-10
2.230762770119e-10
2.191308122379e-10
2.153224858028e-10
2.116442697676e-10
2.080896083428e-10
2.046523788938e-10
2.013268567479e-10
1.981076833774e-10
1.949898375876e-10
1.919686093832e-10
1.966842039997e-10
2.026255851696e-10
2.089370983285e-10
2.156544427958e-10
2.228180613371e-10
2.304234158190e-10
2.381095666109e-10
2.457957174028e-10
2.534818681947e-10
2.611680189866e-10
2.658328279613e-10
2.663432919372e-10
2.668537559131e-10
2.673642198890e-10
2.678746838650e-10
2.683851478409e-10
2.688956118168e-10
2.694060757927e-10
2.699165397687e-10
2.704270037446e-10
2.709374677205e-10
2.751072057225e-10
2.794802367260e-10
2.838532677295e-10
2.882262987330e-10
2.925993297365e-10
2.969723607399e-10
3.013453917434e-10
3.057184227469e-10
3.100914537504e-10
3.144644847539e-10
3.102572656772e-10
2.965164354004e-10
2.827756051236e-10
2.690347748467e-10
2.552939445699e-10
2.415531142931e-10
2.278122840162e-10
2.147743445443e-10
2.031459870290e-10
1.927121267284e-10
1.832977019423e-10
1.908892518895e-10
1.988281213845e-10
2.074559825944e-10
2.168665976133e-10
2.271714961278e-10
2.379556140282e-10
2.487397319287e-10
2.595238498291e-10
2.703079677295e-10
2.810920856299e-10
2.918762035303e-10
2.886245422636e-10
2.727406797463e-10
2.568568172291e-10
2.409729547118e-10
2.251060704579e-10
2.105070184183e-10
1.976862539533e-10
1.863375141450e-10
1.762210454787e-10
1.671464792143e-10
1.597740332223e-10
1.678274210388e-10
1.767357624465e-10
1.866428328529e-10
1.977265598983e-10
2.102098042705e-10
2.243754995274e-10
2.398277692908e-10
2.553121821959e-10
2.707965951010e-10
2.862810080060e-10
2.893363273021e-10
2.833523057916e-10
2.773682842810e-10
2.713842627705e-10
2.654002412600e-10
2.594162197495e-10
2.534321982390e-10
2.474481767284e-10
2.414641552179e-10
2.354801337074e-10
2.307822843620e-10
2.370168984206e-10
2.432515124791e-10
2.494861265377e-10
2.557207405963e-10
2.619553546548e-10
2.681899687134e-10
2.744245827719e-10
2.806591968305e-10
2.868938108890e-10
2.931284249476e-10
2.855400528164e-10
2.698882720745e-10
2.542364913326e-10
2.385847105907e-10
2.230066413626e-10
2.088661541620e-10
1.964119903800e-10
1.853594710285e-10
1.754845813755e-10
1.666086290542e-10
1.612305702362e-10
1.709060997026e-10
1.818170334153e-10
1.942161180200e-10
2.084300905997e-10
2.248888921619e-10
2.429710988359e-10
2.610742857855e-10
2.791774727351e-10
2.972806596847e-10
3.153838466343e-10
3.172661243418e-10
3.116618285531e-10
3.060575327644e-10
3.004532369757e-10
2.948489411869e-10
2.892446453982e-10
2.836403496095e-10
2.780360538208e-10
2.724317580320e-10
2.668274622433e-10
2.621312095408e-10
2.608401184115e-10
2.595490272823e-10
2.582579361531e-10
2.569668450238e-10
2.556757538946e-10
2.543846627653e-10
2.530935716361e-10
2.518024805068e-10
2.505113893776e-10
2.492202982483e-10
2.453472429076e-10
2.405520574913e-10
2.357568720750e-10
2.309616866588e-10
2.261700115822e-10
2.215104044060e-10
2.170389181403e-10
2.127443857834e-10
2.086165070265e-10
2.046457657723e-10
2.027508611671e-10
2.063863539921e-10
2.101546020955e-10
2.140630123399e-10
2.181195530346e-10
2.223328081609e-10
2.267120380053e-10
2.311907461321e-10
2.356699915181e-10
2.401492369042e-10
2.446284822903e-10
2.501642157625e-10
2.559816793909e-10
2.617991430194e-10
2.676166066479e-10
2.734340702764e-10
2.792515339049e-10
2.850689975334e-10
2.908864611619e-10
2.967039247904e-10
3.025213884188e-10
3.059819980804e-10
3.043360908135e-10
3.026901835466e-10
3.010442762797e-10
2.993983690128e-10
2.977524617459e-10
2.961065544789e-10
2.944606472120e-10
2.928147399451e-10
2.911688326782e-10
2.895229254113e-10
2.849046687619e-10
2.797290966033e-10
2.745535244446e-10
2.693779522860e-10
2.642023801273e-10
2.590268079687e-10
2.538512358100e-10
2.486756636514e-10
2.435000914927e-10
2.383245193341e-10
2.328309174152e-10
2.267924397393e-10
2.209238168244e-10
2.153512532030e-10
2.100528967478e-10
2.050089942313e-10
2.002016452356e-10
1.956145898931e-10
1.912330251529e-10
1.870434451996e-10
1.830335023992e-10
1.882095670287e-10
1.948742303346e-10
2.020282242257e-10
2.097274936775e-10
2.180368497749e-10
2.270317985364e-10
2.364002363957e-10
2.457686780215e-10
2.551371196474e-10
2.645055612732e-10
2.697622453976e-10
2.693652629574e-10
2.689682805173e-10
2.685712980771e-10
2.681743156369e-10
2.677773331967e-10
2.673803507566e-10
2.669833683164e-10
2.665863858762e-10
2.661894034360e-10
2.657924209959e-10
2.720193279381e-10
2.786142287350e-10
2.852091295319e-10
2.918040303288e-10
2.983989311256e-10
3.049938319225e-10
3.115887327194e-10
3.181836335162e-10
3.247785343131e-10
3.313734351100e-10
3.267683748712e-10
3.097189134817e-10
2.926694520922e-10
2.756199907027e-10
2.585705293131e-10
2.415210679236e-10
2.245008038231e-10
2.089855271156e-10
1.954761477695e-10
1.836072853522e-10
1.730972199946e-10
1.923141425532e-10
2.006118358517e-10
2.096578504481e-10
2.195581967780e-10
2.303903584984e-10
2.414789108866e-10
2.525674632749e-10
2.636560156631e-10
2.747445680514e-10
2.858331204397e-10
2.969216728279e-10
2.930939554258e-10
2.758415952123e-10
2.585892349989e-10
2.413368747854e-10
2.241230287598e-10
2.084869239719e-10
1.948902640995e-10
1.829584653257e-10
1.724033844900e-10
1.629997448186e-10
1.554231672913e-10
1.641220274637e-10
1.738523482003e-10
1.848091485665e-10
1.972399176918e-10
2.114635337108e-10
2.278949309488e-10
2.454767971686e-10
2.630586633884e-10
2.806405296083e-10
2.982223958281e-10
3.018365130776e-10
2.952922674397e-10
2.887480218018e-10
2.822037761639e-10
2.756595305260e-10
2.691152848881e-10
2.625710392502e-10
2.560267936123e-10
2.494825479744e-10
2.429383023365e-10
2.376734348241e-10
2.432832813784e-10
2.488931279326e-10
2.545029744869e-10
2.601128210412e-10
2.657226675954e-10
2.713325141497e-10
2.769423607040e-10
2.825522072582e-10
2.881620538125e-10
2.937719003668e-10
2.851298557849e-10
2.681742080402e-10
2.512185602956e-10
2.342629125510e-10
2.177089970660e-10
2.031627926309e-10
1.904386534249e-10
1.792144078638e-10
1.692396106548e-10
1.603166343393e-10
1.550563047352e-10
1.656863334394e-10
1.778811398746e-10
1.920136858958e-10
2.085856892868e-10
2.282818353032e-10
2.496144244776e-10
2.709470136521e-10
2.922796028265e-10
3.136121920009e-10
3.349447811754e-10
3.371751293532e-10
3.305890586095e-10
3.240029878657e-10
3.174169171220e-10
3.108308463783e-10
3.042447756345e-10
2.976587048908e-10
2.910726341470e-10
2.844865634033e-10
2.779004926596e-10
2.721830748871e-10
2.697231057565e-10
2.672631366260e-10
2.648031674955e-10
2.623431983650e-10
2.598832292344e-10
2.574232601039e-10
2.549632909734e-10
2.525033218429e-10
2.500433527124e-10
2.475833835818e-10
2.440013594075e-10
2.400186012888e-10
2.360358431702e-10
2.320530850516e-10
2.280703269330e-10
2.241260045135e-10
2.203115866355e-10
2.166248317986e-10
2.130594364426e-10
2.096095052851e-10
2.079406890877e-10
2.110480996059e-10
2.142497916802e-10
2.175501222854e-10
2.209537210577e-10
2.244655119633e-10
2.280860885921e-10
2.317366777219e-10
2.353872668518e-10
2.390378559816e-10
2.426884451115e-10
2.477535787362e-10
2.531959242263e-10
2.586382697163e-10
2.640806152064e-10
2.695229606964e-10
2.749653061865e-10
2.804076516765e-10
2.858499971666e-10
2.912923426566e-10
2.967346881467e-10
3.006513556623e-10
3.012623875668e-10
3.018734194712e-10
3.024844513757e-10
3.030954832802e-10
3.037065151846e-10
3.043175470891e-10
3.049285789935e-10
3.055396108980e-10
3.061506428025e-10
3.067616747069e-10
3.015961509277e-10
2.953475229577e-10
2.890988949877e-10
2.828502670177e-10
2.766016390478e-10
2.703530110778e-10
2.641043831078e-10
2.578557551379e-10
2.516071271679e-10
2.453584991979e-10
2.384954602189e-10
2.305791452243e-10
2.227464054533e-10
2.153800282910e-10
2.084852764933e-10
2.020182619525e-10
1.959403781985e-10
1.902175290926e-10
1.848194888507e-10
1.797193680285e-10
1.748931655494e-10
1.804350653426e-10
1.876940740519e-10
1.955616334866e-10
2.041176174464e-10
2.134565174486e-10
2.236909470486e-10
2.346909061804e-10
2.457416386402e-10
2.567923711001e-10
2.678431035599e-10
2.736916628340e-10
2.723872339777e-10
2.710828051214e-10
2.697783762651e-10
2.684739474089e-10
2.671695185526e-10
2.658650896963e-10
2.645606608400e-10
2.632562319838e-10
2.619518031275e-10
2.606473742712e-10
2.689314501538e-10
2.777482207440e-10
2.865649913343e-10
2.953817619245e-10
3.041985325148e-10
3.130153031051e-10
3.218320736953e-10
3.306488442856e-10
3.394656148758e-10
3.482823854661e-10
3.432794840652e-10
3.229213915630e-10
3.025632990608e-10
2.822052065586e-10
2.618471140564e-10
2.414890215542e-10
2.212818628032e-10
2.035005719178e-10
1.883643921729e-10
1.753239619808e-10
1.639721986002e-10
1.913295314995e-10
1.994365988127e-10
2.082610949709e-10
2.179026613083e-10
2.284714707793e-10
2.394252040491e-10
2.503789373189e-10
2.613326705887e-10
2.722864038585e-10
2.832401371283e-10
2.941938703980e-10
2.901934532352e-10
2.727343006831e-10
2.552751481309e-10
2.378159955787e-10
2.205491140065e-10
2.052217781509e-10
1.918863937984e-10
1.801783409302e-10
1.698168719616e-10
1.605823070163e-10
1.531555293012e-10
1.620402049169e-10
1.720191758637e-10
1.833078805087e-10
1.961822814015e-10
2.110017250021e-10
2.282368879566e-10
2.466943235397e-10
2.651517591229e-10
2.836091947061e-10
3.020666302893e-10
3.059687559814e-10
2.992852017529e-10
2.926016475243e-10
2.859180932957e-10
2.792345390672e-10
2.725509848386e-10
2.658674306100e-10
2.591838763815e-10
2.525003221529e-10
2.458167679243e-10
2.403416143306e-10
2.451378661332e-10
2.499341179358e-10
2.547303697384e-10
2.595266215410e-10
2.643228733435e-10
2.691191251461e-10
2.739153769487e-10
2.787116287513e-10
2.835078805538e-10
2.883041323564e-10
2.794517840684e-10
2.626377523942e-10
2.458237207200e-10
2.290096890459e-10
2.131090740568e-10
1.992603595184e-10
1.871017116268e-10
1.763415446037e-10
1.667517009916e-10
1.581510943383e-10
1.531920149568e-10
1.643447403917e-10
1.772488584877e-10
1.923520729860e-10
2.102688948385e-10
2.317667229838e-10
2.546055777029e-10
2.774444324219e-10
3.002832871410e-10
3.231221418600e-10
3.459609965790e-10
3.482897835028e-10
3.411523852903e-10
3.340149870778e-10
3.268775888653e-10
3.197401906528e-10
3.126027924403e-10
3.054653942278e-10
2.983279960153e-10
2.911905978027e-10
2.840531995902e-10
2.777178116280e-10
2.743899621043e-10
2.710621125807e-10
2.677342630570e-10
2.644064135333e-10
2.610785640096e-10
2.577507144860e-10
2.544228649623e-10
2.510950154386e-10
2.477671659150e-10
2.444393163913e-10
2.411355298371e-10
2.378403372007e-10
2.345451445642e-10
2.312499519278e-10
2.279547592913e-10
2.246846996464e-10
2.215037980398e-10
2.184117043532e-10
2.154047506332e-10
2.124794681757e-10
2.111226490146e-10
2.140154614402e-10
2.169886500873e-10
2.200456120052e-10
2.231899384107e-10
2.264254287623e-10
2.297244926598e-10
2.330253408227e-10
2.363261889855e-10
2.396270371483e-10
2.429278853111e-10
2.475487514931e-10
2.525216224801e-10
2.574944934672e-10
2.624673644543e-10
2.674402354414e-10
2.724131064284e-10
2.773859774155e-10
2.823588484026e-10
2.873317193897e-10
2.923045903767e-10
2.962475064321e-10
2.979588534687e-10
2.996702005053e-10
3.013815475419e-10
3.030928945785e-10
3.048042416152e-10
3.065155886518e-10
3.082269356884e-10
3.099382827250e-10
3.116496297616e-10
3.133609767982e-10
3.081672908610e-10
3.016789112412e-10
2.951905316215e-10
2.887021520017e-10
2.822137723819e-10
2.757253927621e-10
2.692370131423e-10
2.627486335226e-10
2.562602539028e-10
2.497718742830e-10
2.423137767385e-10
2.331933056090e-10
2.241116495540e-10
2.155654011426e-10
2.076470133156e-10
2.002897477613e-10
1.934360010832e-10
1.870357935679e-10
1.810455483565e-10
1.754270979343e-10
1.701468700440e-10
1.758451822492e-10
1.833803348987e-10
1.915901772930e-10
2.005695729514e-10
2.104320440302e-10
2.213145960062e-10
2.332128097476e-10
2.452602302365e-10
2.573076507255e-10
2.693550712144e-10
2.754404840733e-10
2.733281364410e-10
2.712157888086e-10
2.691034411763e-10
2.669910935439e-10
2.648787459116e-10
2.627663982792e-10
2.606540506469e-10
2.585417030145e-10
2.564293553822e-10
2.543170077498e-10
2.635218208141e-10
2.733553650281e-10
2.831889092422e-10
2.930224534562e-10
3.028559976703e-10
3.126895418843e-10
3.225230860984e-10
3.323566303124e-10
3.421901745265e-10
3.520237187405e-10
3.469022842498e-10
3.251642067538e-10
3.034261292578e-10
2.816880517618e-10
2.599499742658e-10
2.382118967698e-10
2.169454796358e-10
1.987641920570e-10
1.833946576608e-10
1.702314322984e-10
1.588312550446e-10
1.853424200937e-10
1.921586358708e-10
1.994953443979e-10
2.074145302618e-10
2.159884270796e-10
2.253017271609e-10
2.351551872080e-10
2.450223852123e-10
2.548895832167e-10
2.647567812211e-10
2.746239792254e-10
2.713248011136e-10
2.561758844973e-10
2.410269678810e-10
2.258841827061e-10
2.118250216516e-10
1.994134162781e-10
1.883757875826e-10
1.784959506883e-10
1.696008139993e-10
1.615501513760e-10
1.550060719931e-10
1.631927137503e-10
1.722923287175e-10
1.824666575195e-10
1.939180433617e-10
2.069030260156e-10
2.217517893835e-10
2.383102633131e-10
2.549958530316e-10
2.716814427501e-10
2.883670324686e-10
2.919704559964e-10
2.860595768400e-10
2.801486976837e-10
2.742378185274e-10
2.683269393710e-10
2.624160602147e-10
2.565051810584e-10
2.505943019020e-10
2.446834227457e-10
2.387725435894e-10
2.338600234335e-10
2.374335547817e-10
2.410070861299e-10
2.445806174781e-10
2.481541488263e-10
2.517276801745e-10
2.553012115227e-10
2.588747428708e-10
2.624482742190e-10
2.660218055672e-10
2.695953369154e-10
2.623599838678e-10
2.488194482561e-10
2.352789126443e-10
2.218602907124e-10
2.096447109954e-10
1.987041058202e-10
1.888487663706e-10
1.799248420918e-10
1.718062506855e-10
1.643886837733e-10
1.602259837366e-10
1.711918703311e-10
1.837690471647e-10
1.983408106740e-10
2.154224997231e-10
2.354053665693e-10
2.560170240257e-10
2.766286814822e-10
2.972403389386e-10
3.178519963950e-10
3.384636538514e-10
3.403500107853e-10
3.335939213242e-10
3.268378318631e-10
3.200817424020e-10
3.133256529409e-10
3.065695634798e-10
2.998134740187e-10
2.930573845576e-10
2.863012950965e-10
2.795452056354e-10
2.734654363908e-10
2.699218679582e-10
2.663782995257e-10
2.628347310932e-10
2.592911626606e-10
2.557475942281e-10
2.522040257955e-10
2.486604573630e-10
2.451168889304e-10
2.415733204979e-10
2.380297520653e-10
2.349764837815e-10
2.320983226937e-10
2.292201616058e-10
2.263442703361e-10
2.235199391368e-10
2.207652234667e-10
2.180775807830e-10
2.154545908676e-10
2.128939485580e-10
2.103934569906e-10
2.094778566394e-10
2.129286952054e-10
2.164951330448e-10
2.201830777788e-10
2.239988465443e-10
2.279457415524e-10
2.319344985414e-10
2.359232555304e-10
2.399120125193e-10
2.439007695083e-10
2.478895264972e-10
2.521231787799e-10
2.564221364741e-10
2.607210941684e-10
2.650200518627e-10
2.693190095570e-10
2.736179672512e-10
2.779169249455e-10
2.822158826398e-10
2.865148403340e-10
2.908137980283e-10
2.938517091087e-10
2.941573525259e-10
2.944629959430e-10
2.947686393602e-10
2.950742827773e-10
2.953799261945e-10
2.956855696116e-10
2.959912130288e-10
2.962968564459e-10
2.966024998631e-10
2.969081432802e-10
2.928110226242e-10
2.878883837046e-10
2.829657447849e-10
2.780431058653e-10
2.731204669456e-10
2.681978280259e-10
2.632751891063e-10
2.583525501866e-10
2.534299112669e-10
2.485072723473e-10
2.421319363095e-10
2.332662623549e-10
2.244313996595e-10
2.160917406849e-10
2.083496638343e-10
2.011431606930e-10
1.944185151413e-10
1.881289620516e-10
1.822335981784e-10
1.766964916012e-10
1.714859487369e-10
1.770259548893e-10
1.843421086786e-10
1.922890581665e-10
2.009520591204e-10
2.104324558913e-10
2.208516644093e-10
2.322357198433e-10
2.437943556176e-10
2.553529913918e-10
2.669116271661e-10
2.724646802192e-10
2.697600570308e-10
2.670554338425e-10
2.643508106541e-10
2.616461874657e-10
2.589415642774e-10
2.562369410890e-10
2.535323179006e-10
2.508276947123e-10
2.481230715239e-10
2.454184483355e-10
2.530817297712e-10
2.613210059083e-10
2.695602820454e-10
2.777995581824e-10
2.860388343195e-10
2.942781104565e-10
3.025173865936e-10
3.107566627306e-10
3.189959388677e-10
3.272352150047e-10
3.226004149142e-10
3.036610856820e-10
2.847217564498e-10
2.657824272176e-10
2.468430979854e-10
2.279037687532e-10
2.103002615850e-10
1.952188849854e-10
1.821558442358e-10
1.707313809386e-10
1.606553849860e-10
1.797186384351e-10
1.853931549150e-10
1.914376940870e-10
1.978896682833e-10
2.047917093394e-10
2.121926117242e-10
2.201484878381e-10
2.287120998360e-10
2.374927625749e-10
2.462734253139e-10
2.550540880528e-10
2.524561489920e-10
2.396174683115e-10
2.267791380571e-10
2.146568922648e-10
2.037648515109e-10
1.939247913645e-10
1.849913281960e-10
1.768446879681e-10
1.693853051195e-10
1.625297330520e-10
1.569018809824e-10
1.643617344319e-10
1.725663504412e-10
1.816331202165e-10
1.917054743953e-10
2.029605269387e-10
2.156195796108e-10
2.299262030865e-10
2.448399469403e-10
2.597536907941e-10
2.746674346479e-10
2.779721560113e-10
2.728339519272e-10
2.676957478431e-10
2.625575437590e-10
2.574193396749e-10
2.522811355908e-10
2.471429315067e-10
2.420047274226e-10
2.368665233385e-10
2.317283192544e-10
2.273784325364e-10
2.297292434302e-10
2.320800543240e-10
2.344308652178e-10
2.367816761116e-10
2.391324870054e-10
2.414832978992e-10
2.438341087930e-10
2.461849196868e-10
2.485357305806e-10
2.508865414744e-10
2.452681836673e-10
2.350011441179e-10
2.247577092649e-10
2.151288839749e-10
2.062911815763e-10
1.981509491436e-10
1.906287547383e-10
1.836567868497e-10
1.771768043707e-10
1.711385057710e-10
1.679369828693e-10
1.786343513781e-10
1.907872524951e-10
2.047144414422e-10
2.208350774353e-10
2.390440101548e-10
2.574284703486e-10
2.758129305424e-10
2.941973907362e-10
3.125818509300e-10
3.309663111238e-10
3.324102380679e-10
3.260354573582e-10
3.196606766485e-10
3.132858959387e-10
3.069111152290e-10
3.005363345193e-10
2.941615538096e-10
2.877867730999e-10
2.814119923902e-10
2.750372116805e-10
2.692130611536e-10
2.654537738122e-10
2.616944864707e-10
2.579351991293e-10
2.541759117879e-10
2.504166244465e-10
2.466573371050e-10
2.428980497636e-10
2.391387624222e-10
2.353794750808e-10
2.316201877394e-10
2.288174377259e-10
2.263584887095e-10
2.239387125908e-10
2.215701241711e-10
2.192511162207e-10
2.169801480998e-10
2.147557423452e-10
2.125764814644e-10
2.104410049237e-10
2.083480063158e-10
2.078584943013e-10
2.118529103617e-10
2.160038558096e-10
2.203207154137e-10
2.248136394636e-10
2.294678386078e-10
2.341445044229e-10
2.388211702380e-10
2.434978360532e-10
2.481745018683e-10
2.528511676834e-10
2.566976060667e-10
2.603226504681e-10
2.639476948696e-10
2.675727392711e-10
2.711977836725e-10
2.748228280740e-10
2.784478724755e-10
2.820729168769e-10
2.856979612784e-10
2.893230056799e-10
2.914559117854e-10
2.903558515831e-10
2.892557913808e-10
2.881557311784e-10
2.870556709761e-10
2.859556107738e-10
2.848555505715e-10
2.837554903692e-10
2.826554301668e-10
2.815553699645e-10
2.804553097622e-10
2.774547543875e-10
2.740978561679e-10
2.707409579484e-10
2.673840597288e-10
2.640271615093e-10
2.606702632897e-10
2.573133650702e-10
2.539564668506e-10
2.505995686311e-10
2.472426704115e-10
2.419500958804e-10
2.333392191008e-10
2.247520634721e-10
2.166206568132e-10
2.090570858552e-10
2.020038773452e-10
1.954110610662e-10
1.892349841490e-10
1.834373433411e-10
1.779843898792e-10
1.728462720860e-10
1.782226921330e-10
1.853140240669e-10
1.929930564497e-10
2.013360068789e-10
2.104328677539e-10
2.203906654308e-10
2.312586299391e-10
2.423284809986e-10
2.533983320582e-10
2.644681831177e-10
2.694888763651e-10
2.661919776207e-10
2.628950788763e-10
2.595981801319e-10
2.563012813875e-10
2.530043826431e-10
2.497074838988e-10
2.464105851544e-10
2.431136864100e-10
2.398167876656e-10
2.365198889212e-10
2.426416387284e-10
2.492866467885e-10
2.559316548485e-10
2.625766629086e-10
2.692216709686e-10
2.758666790287e-10
2.825116870887e-10
2.891566951488e-10
2.958017032089e-10
3.024467112689e-10
2.982985455786e-10
2.821579646102e-10
2.660173836418e-10
2.498768026734e-10
2.337362217050e-10
2.179744305380e-10
2.040500413887e-10
1.917978350771e-10
1.809336546515e-10
1.712342748031e-10
1.625219009025e-10
1.744260873277e-10
1.790878668537e-10
1.840056741471e-10
1.892011965498e-10
1.946986420008e-10
2.005251161876e-10
2.067110695061e-10
2.132908293831e-10
2.203032376060e-10
2.277900694067e-10
2.354841968801e-10
2.335874968704e-10
2.231283661810e-10
2.134045351711e-10
2.044928321175e-10
1.962955928561e-10
1.887302094314e-10
1.817263363792e-10
1.752236968078e-10
1.691703432315e-10
1.635212668591e-10
1.588446377289e-10
1.655476243667e-10
1.728412451872e-10
1.808071637503e-10
1.895428258506e-10
1.991654656503e-10
2.098173973682e-10
2.216731010058e-10
2.346840408490e-10
2.478259388381e-10
2.609678368272e-10
2.639738560263e-10
2.596083270144e-10
2.552427980025e-10
2.508772689906e-10
2.465117399788e-10
2.421462109669e-10
2.377806819550e-10
2.334151529431e-10
2.290496239312e-10
2.247087197565e-10
2.210597629197e-10
2.221342069832e-10
2.232191465658e-10
2.243147362076e-10
2.254211334979e-10
2.265384991505e-10
2.276653842757e-10
2.287934747152e-10
2.299215651546e-10
2.310496555940e-10
2.321777460334e-10
2.281763834667e-10
2.213311758631e-10
2.148798307539e-10
2.087939206530e-10
2.030432507719e-10
1.976008636957e-10
1.924426168355e-10
1.875468243785e-10
1.828939525355e-10
1.784663590547e-10
1.764277022083e-10
1.867533604337e-10
1.983627983796e-10
2.115113025689e-10
2.265266514655e-10
2.426826537403e-10
2.588399166715e-10
2.749971796027e-10
2.911544425339e-10
3.073117054650e-10
3.234689683962e-10
3.244704653504e-10
3.184769933921e-10
3.124835214338e-10
3.064900494755e-10
3.004965775172e-10
2.945031055589e-10
2.885096336005e-10
2.825161616422e-10
2.765226896839e-10
2.705292177256e-10
2.649606859164e-10
2.609856796661e-10
2.570106734158e-10
2.530356671655e-10
2.490606609152e-10
2.450856546649e-10
2.411106484146e-10
2.371356421643e-10
2.331606359140e-10
2.291856296637e-10
2.252255813608e-10
2.227421340570e-10
2.207922772595e-10
2.188762618243e-10
2.169932143142e-10
2.151422910930e-10
2.133226770658e-10
2.115335844815e-10
2.097742517963e-10
2.080439425925e-10
2.063419445505e-10
2.062639767660e-10
2.107879413012e-10
2.155148031683e-10
2.204585252322e-10
2.256343816207e-10
2.309899356632e-10
2.363545103045e-10
2.417190849457e-10
2.470836595870e-10
2.524482342283e-10
2.578128088695e-10
2.612720333535e-10
2.642231644622e-10
2.671742955708e-10
2.701254266795e-10
2.730765577881e-10
2.760276888968e-10
2.789788200055e-10
2.819299511141e-10
2.848810822228e-10
2.878322133314e-10
2.890601144621e-10
2.865543506403e-10
2.840485868185e-10
2.815428229967e-10
2.790370591749e-10
2.765312953531e-10
2.740255315313e-10
2.715197677095e-10
2.690140038877e-10
2.665082400660e-10
2.640024762442e-10
2.620984861507e-10
2.603073286313e-10
2.585161711118e-10
2.567250135924e-10
2.549338560730e-10
2.531426985535e-10
2.513515410341e-10
2.495603835147e-10
2.477692259952e-10
2.459780684758e-10
2.417682554513e-10
2.334121758467e-10
2.250736449139e-10
2.171521684936e-10
2.097693281470e-10
2.028719918816e-10
1.964137932905e-10
1.903540879024e-10
1.846570969400e-10
1.792912003659e-10
1.742283497077e-10
1.794357199573e-10
1.862962423240e-10
1.937022285557e-10
2.017214246207e-10
2.104332796182e-10
2.199315869936e-10
2.302815400348e-10
2.408626063797e-10
2.514436727245e-10
2.620247390694e-10
2.665130725109e-10
2.626238982105e-10
2.587347239101e-10
2.548455496097e-10
2.509563753093e-10
2.470672010089e-10
2.431780267085e-10
2.392888524081e-10
2.353996781077e-10
2.315105038073e-10
2.276213295069e-10
2.322015476856e-10
2.372522876686e-10
2.423030276517e-10
2.473537676348e-10
2.524045076178e-10
2.574552476009e-10
2.625059875839e-10
2.675567275670e-10
2.726074675500e-10
2.776582075331e-10
2.739966762430e-10
2.606548435384e-10
2.473130108338e-10
2.339711781292e-10
2.208065102891e-10
2.088715389158e-10
1.981606169956e-10
1.884946223246e-10
1.797277565209e-10
1.717401399945e-10
1.644322974976e-10
1.694363405783e-10
1.731973621044e-10
1.771291427153e-10
1.812435818282e-10
1.855537107738e-10
1.900738306650e-10
1.948196709181e-10
1.998085721320e-10
2.050596978036e-10
2.105942803290e-10
2.164359079467e-10
2.153551344334e-10
2.082077992984e-10
2.015196446807e-10
1.952477976889e-10
1.893545616244e-10
1.838066576950e-10
1.785745962351e-10
1.736321523439e-10
1.689559262556e-10
1.645249728867e-10
1.608361080157e-10
1.667507513497e-10
1.731170171343e-10
1.799886851702e-10
1.874284271023e-10
1.955097233550e-10
2.043192983240e-10
2.139602450066e-10
2.245560780661e-10
2.358981868821e-10
2.472682390065e-10
2.499755560412e-10
2.463827021016e-10
2.427898481619e-10
2.391969942223e-10
2.356041402826e-10
2.320112863430e-10
2.284184324033e-10
2.248473724861e-10
2.213785846625e-10
2.180151988301e-10
2.150823823898e-10
2.149975069727e-10
2.149126985159e-10
2.148279569403e-10
2.147432821667e-10
2.146586741162e-10
2.145741327099e-10
2.144896578692e-10
2.144052495155e-10
2.143209075702e-10
2.142366319551e-10
2.121348212155e-10
2.089367362651e-10
2.058336460606e-10
2.028213800090e-10
1.998960081339e-10
1.970538239692e-10
1.942913288925e-10
1.916052177577e-10
1.889923657029e-10
1.864498160239e-10
1.858227050757e-10
1.956455352017e-10
2.065648205576e-10
2.187749976281e-10
2.323912316572e-10
2.463212973258e-10
2.602513629943e-10
2.741814286629e-10
2.881114943315e-10
3.020415600001e-10
3.159716256686e-10
3.165306926329e-10
3.109185294260e-10
3.053063662191e-10
2.996942030122e-10
2.940820398053e-10
2.884698765984e-10
2.828577133915e-10
2.772455501846e-10
2.716333869776e-10
2.660212237707e-10
2.607083106791e-10
2.565175855200e-10
2.523268603608e-10
2.481361352016e-10
2.439454100425e-10
2.397546848833e-10
2.355639597241e-10
2.313732345650e-10
2.271825094058e-10
2.230634271743e-10
2.190909919703e-10
2.169687847468e-10
2.154932448542e-10
2.140376388095e-10
2.126015653777e-10
2.111846340202e-10
2.097864645408e-10
2.084066867455e-10
2.070449401161e-10
2.057008734955e-10
2.043741447865e-10
2.046937366200e-10
2.097336257293e-10
2.150279600450e-10
2.205965075578e-10
2.264611384122e-10
2.325120327186e-10
2.385645161860e-10
2.446169996534e-10
2.506694831209e-10
2.567219665883e-10
2.627744500557e-10
2.658464606403e-10
2.681236784562e-10
2.704008962720e-10
2.726781140879e-10
2.749553319037e-10
2.772325497196e-10
2.795097675354e-10
2.817869853513e-10
2.840642031672e-10
2.863414209830e-10
2.866643171387e-10
2.827528496975e-10
2.788413822562e-10
2.749299148150e-10
2.710184473737e-10
2.671069799324e-10
2.631955124912e-10
2.592840450499e-10
2.553725776087e-10
2.514611101674e-10
2.475496427262e-10
2.467422179139e-10
2.465168010946e-10
2.462913842753e-10
2.460659674560e-10
2.458405506366e-10
2.456151338173e-10
2.453897169980e-10
2.451643001787e-10
2.449388833594e-10
2.447134665401e-10
2.415864150222e-10
2.334851325926e-10
2.253961479295e-10
2.176862948788e-10
2.104864401448e-10
2.037476000912e-10
1.974268694328e-10
1.914865067806e-10
1.858931804534e-10
1.806173427187e-10
1.756327076493e-10
1.806653732751e-10
1.872889281474e-10
1.944166317301e-10
2.021083208039e-10
2.104336914841e-10
2.194744171211e-10
2.293044501305e-10
2.393967317607e-10
2.494890133909e-10
2.595812950210e-10
2.635372686568e-10
2.590558188004e-10
2.545743689440e-10
2.500929190876e-10
2.456114692311e-10
2.411300193747e-10
2.366485695183e-10
2.321671196619e-10
2.276856698055e-10
2.232686370935e-10
2.190181267891e-10
2.218823273592e-10
2.252327691001e-10
2.286744004549e-10
2.321308723609e-10
2.355873442670e-10
2.390438161730e-10
2.425002880791e-10
2.459567599852e-10
2.494132318912e-10
2.528697037973e-10
2.496948069074e-10
2.391517224666e-10
2.286086380258e-10
2.184083477278e-10
2.090705485951e-10
2.004984659747e-10
1.926016242301e-10
1.853032615032e-10
1.785378262598e-10
1.722490029247e-10
1.663881405900e-10
1.647241342449e-10
1.676820152279e-10
1.707480653715e-10
1.739283287808e-10
1.772293084046e-10
1.806580104190e-10
1.842219938659e-10
1.879294262843e-10
1.917891461971e-10
1.958107334601e-10
2.000045886505e-10
1.996218654300e-10
1.951576320285e-10
1.908887022755e-10
1.868025341475e-10
1.828876370138e-10
1.791334637266e-10
1.755303157327e-10
1.720692594120e-10
1.687420521224e-10
1.655410766613e-10
1.628781473024e-10
1.679714939456e-10
1.733936704878e-10
1.791775833808e-10
1.853606812477e-10
1.919857666048e-10
1.991019881093e-10
2.067660619761e-10
2.150437867853e-10
2.240119373292e-10
2.335686411858e-10
2.359772560561e-10
2.331570771887e-10
2.303368983213e-10
2.275167194539e-10
2.247209095498e-10
2.219921050795e-10
2.193287777092e-10
2.167285987134e-10
2.141893485022e-10
2.117089103026e-10
2.094197439982e-10
2.083051065700e-10
2.072022716474e-10
2.061110527585e-10
2.050312673394e-10
2.039627366318e-10
2.029052855845e-10
2.018587427578e-10
2.008229402308e-10
1.997977135118e-10
1.987829014509e-10
1.981964990340e-10
1.978568477714e-10
1.975183586446e-10
1.971810256992e-10
1.968448430217e-10
1.965098047385e-10
1.961759050163e-10
1.958431380610e-10
1.955114981181e-10
1.951809794717e-10
1.962745797918e-10
2.054268390036e-10
2.154743826306e-10
2.265553329218e-10
2.382570725053e-10
2.499599409112e-10
2.616628093172e-10
2.733656777232e-10
2.850685461291e-10
2.967714145351e-10
3.084742829411e-10
3.085909199155e-10
3.033600654600e-10
2.981292110045e-10
2.928983565489e-10
2.876675020934e-10
2.824366476379e-10
2.772057931824e-10
2.719749387269e-10
2.667440842714e-10
2.615132298159e-10
2.564559354419e-10
2.520494913739e-10
2.476430473058e-10
2.432366032378e-10
2.388301591697e-10
2.344237151017e-10
2.300172710337e-10
2.256200305429e-10
2.213516471254e-10
2.172417675376e-10
2.132817238040e-10
2.114871580085e-10
2.104426054055e-10
2.094083203539e-10
2.083841522052e-10
2.073699532433e-10
2.063655786140e-10
2.053708862562e-10
2.043857368343e-10
2.034099936735e-10
2.024435226967e-10
2.031472235981e-10
2.086898045822e-10
2.145433114996e-10
2.207346627144e-10
2.272937374804e-10
2.340341297740e-10
2.407745220675e-10
2.475149143611e-10
2.542553066547e-10
2.609956989483e-10
2.677360912418e-10
2.704208879271e-10
2.720241924502e-10
2.736274969732e-10
2.752308014963e-10
2.768341060193e-10
2.784374105424e-10
2.800407150654e-10
2.816440195885e-10
2.832473241115e-10
2.848506286346e-10
2.842685198154e-10
2.789513487547e-10
2.736341776939e-10
2.683170066332e-10
2.629998355725e-10
2.576826645118e-10
2.523654934510e-10
2.470483223903e-10
2.417311513296e-10
2.364139802689e-10
2.310968092081e-10
2.313859496771e-10
2.327262735579e-10
2.340665974387e-10
2.354069213195e-10
2.367472452003e-10
2.380875690811e-10
2.394278929619e-10
2.407682168427e-10
2.421085407236e-10
2.434488646044e-10
2.414045745931e-10
2.335580893385e-10
2.257195764861e-10
2.182230553105e-10
2.112084719625e-10
2.046307994242e-10
1.984504503807e-10
1.926324798412e-10
1.871459240259e-10
1.819632491034e-10
1.770598890566e-10
1.819119962428e-10
1.882922497640e-10
1.951363240661e-10
2.024967039516e-10
2.104341033516e-10
2.190191439361e-10
2.283273602263e-10
2.379308571417e-10
2.475343540572e-10
2.571378509727e-10
2.605614648027e-10
2.554877393903e-10
2.504140139778e-10
2.453402885654e-10
2.402665631530e-10
2.351928377405e-10
2.301191123281e-10
2.250631227300e-10
2.201863068697e-10
2.155163566204e-10
2.110403830530e-10
2.123416977798e-10
2.139828780053e-10
2.156496250643e-10
2.173425410795e-10
2.190622472304e-10
2.208093845135e-10
2.225846145389e-10
2.243886203655e-10
2.262221073774e-10
2.280812000615e-10
2.254051029185e-10
2.180232481444e-10
2.111095620379e-10
2.046208755495e-10
1.985191687600e-10
1.927708253864e-10
1.873460131626e-10
1.822181659781e-10
1.773635487970e-10
1.727608903196e-10
1.683910713939e-10
1.602669388080e-10
1.625070923911e-10
1.648107578412e-10
1.671806749890e-10
1.696197435554e-10
1.721310349877e-10
1.747178053629e-10
1.773835094724e-10
1.801318162163e-10
1.829666254503e-10
1.858920864504e-10
1.860309432501e-10
1.836469064194e-10
1.813232005837e-10
1.790575642327e-10
1.768478474917e-10
1.746920053169e-10
1.725880911833e-10
1.705342512222e-10
1.685287187730e-10
1.665698093150e-10
1.649727064909e-10
1.692102418869e-10
1.736712094803e-10
1.783737591013e-10
1.833380610846e-10
1.885865954806e-10
1.941444924069e-10
2.000399344121e-10
2.063046344439e-10
2.129744065337e-10
2.200898508794e-10
2.220902132448e-10
2.201485021067e-10
2.182404490480e-10
2.163651864330e-10
2.145218761928e-10
2.127097085772e-10
2.109279009679e-10
2.091756967519e-10
2.074523642502e-10
2.057571956990e-10
2.040476260763e-10
2.020167680724e-10
2.000259373839e-10
1.980739621778e-10
1.961597159209e-10
1.942821152118e-10
1.924401177364e-10
1.906327203380e-10
1.888589571958e-10
1.871178981043e-10
1.854086468459e-10
1.859768845443e-10
1.878929106670e-10
1.898488274664e-10
1.918458938020e-10
1.938854220653e-10
1.959687810560e-10
1.980973990457e-10
2.002727670429e-10
2.024964422764e-10
2.047700519126e-10
2.079722909434e-10
2.162376459364e-10
2.251871643795e-10
2.346472422100e-10
2.441229133534e-10
2.535985844967e-10
2.630742556401e-10
2.725499267834e-10
2.820255979268e-10
2.915012690701e-10
3.009769402135e-10
3.006511471980e-10
2.958016014939e-10
2.909520557898e-10
2.861025100857e-10
2.812529643816e-10
2.764034186774e-10
2.715538729733e-10
2.667043272692e-10
2.618547815651e-10
2.570052358610e-10
2.522035602047e-10
2.475813972278e-10
2.429592342509e-10
2.383370712739e-10
2.337149082970e-10
2.290927453201e-10
2.244998026030e-10
2.200704755353e-10
2.158125459503e-10
2.117162540709e-10
2.077725673103e-10
2.062756879446e-10
2.056232936938e-10
2.049750131259e-10
2.043308074549e-10
2.036906383808e-10
2.030544680820e-10
2.024222592081e-10
2.017939748722e-10
2.011695786442e-10
2.005490345433e-10
2.016239039396e-10
2.076563219472e-10
2.140608427266e-10
2.208729910271e-10
2.281279257096e-10
2.355562268294e-10
2.429845279491e-10
2.504128290688e-10
2.578411301885e-10
2.652694313083e-10
2.726977324280e-10
2.749953152139e-10
2.759247064442e-10
2.768540976744e-10
2.777834889047e-10
2.787128801349e-10
2.796422713652e-10
2.805716625954e-10
2.815010538257e-10
2.824304450559e-10
2.833598362862e-10
2.818727224921e-10
2.751498478119e-10
2.684269731317e-10
2.617040984515e-10
2.549812237713e-10
2.482583490911e-10
2.415354744109e-10
2.348125997307e-10
2.280897250505e-10
2.215061546844e-10
2.152878070420e-10
2.165407892928e-10
2.192164613935e-10
2.219590843020e-10
2.247712027253e-10
2.276539397640e-10
2.305600043449e-10
2.334660689259e-10
2.363721335068e-10
2.392781980877e-10
2.421842626686e-10
2.412227341641e-10
2.336310460844e-10
2.260439345737e-10
2.187624693216e-10
2.119354744036e-10
2.055216890278e-10
1.994847003756e-10
1.937922518991e-10
1.884156667616e-10
1.833293646640e-10
1.785104548744e-10
1.831759425819e-10
1.893063790246e-10
1.958613645202e-10
2.028865826528e-10
2.104345152207e-10
2.185657556596e-10
2.273502703220e-10
2.364649825228e-10
2.455796947236e-10
2.546944069243e-10
2.575856609486e-10
2.519196599801e-10
2.462536590117e-10
2.405876580432e-10
2.349216570748e-10
2.292556561063e-10
2.236419276991e-10
2.182771359447e-10
2.131636991781e-10
2.082843567624e-10
2.036233930872e-10
2.035877110985e-10
2.038033406484e-10
2.040194274498e-10
2.042359729588e-10
2.044529786375e-10
2.046704459543e-10
2.048883763838e-10
2.051067714071e-10
2.053256325112e-10
2.055449611898e-10
2.037565102282e-10
1.998503585579e-10
1.960911569529e-10
1.924707660864e-10
1.889816368337e-10
1.856167577284e-10
1.823696079341e-10
1.792341150669e-10
1.762046172962e-10
1.732758292239e-10
1.704428111120e-10
1.560445989689e-10
1.576420191521e-10
1.592724830110e-10
1.609370265558e-10
1.626367295630e-10
1.643727179114e-10
1.661461660692e-10
1.679582997435e-10
1.698103987057e-10
1.717037998053e-10
1.736399001881e-10
1.741726860551e-10
1.734183974551e-10
1.726706138701e-10
1.719292515120e-10
1.711942280258e-10
1.704654624586e-10
1.697428752302e-10
1.690263881040e-10
1.683159241590e-10
1.676114077616e-10
1.671218381422e-10
1.704673964880e-10
1.739496383713e-10
1.775771148242e-10
1.813591053494e-10
1.853056971819e-10
1.894278751305e-10
1.937376236827e-10
1.982480433732e-10
2.029734837938e-10
2.079296960915e-10
2.094597289001e-10
2.083804737036e-10
2.073122833632e-10
2.062549885862e-10
2.052084235160e-10
2.041724256455e-10
2.031468357325e-10
2.021314977185e-10
2.011262586495e-10
2.001309685991e-10
1.989442301693e-10
1.960969701987e-10
1.933300593977e-10
1.906401439299e-10
1.880240540528e-10
1.854787916581e-10
1.830015188094e-10
1.805895471872e-10
1.782403283571e-10
1.759514447881e-10
1.737206015544e-10
1.751765432821e-10
1.788844125739e-10
1.827526411240e-10
1.867918617706e-10
1.910136686314e-10
1.954307282479e-10
2.000569065162e-10
2.049074140824e-10
2.099989734152e-10
2.153500114212e-10
2.211527062625e-10
2.282433325592e-10
2.354918064400e-10
2.427402803207e-10
2.499887542014e-10
2.572372280822e-10
2.644857019629e-10
2.717341758437e-10
2.789826497244e-10
2.862311236051e-10
2.934795974859e-10
2.927113744805e-10
2.882431375278e-10
2.837749005751e-10
2.793066636224e-10
2.748384266697e-10
2.703701897170e-10
2.659019527643e-10
2.614337158115e-10
2.569654788588e-10
2.524972419061e-10
2.479511849675e-10
2.431133030817e-10
2.382754211959e-10
2.334375393101e-10
2.285996574243e-10
2.238090282676e-10
2.192054143939e-10
2.147873704650e-10
2.105438977757e-10
2.064648499702e-10
2.025408520448e-10
2.013148832446e-10
2.010197727331e-10
2.007255261690e-10
2.004321397641e-10
2.001396097519e-10
1.998479323885e-10
1.995571039512e-10
1.992671207393e-10
1.989779790734e-10
1.986896752956e-10
2.001232597745e-10
2.066330249847e-10
2.135805390532e-10
2.210114928216e-10
2.289621139389e-10
2.370783238848e-10
2.451945338306e-10
2.533107437765e-10
2.614269537224e-10
2.695431636683e-10
2.776593736141e-10
2.795697425007e-10
2.798252204382e-10
2.800806983756e-10
2.803361763131e-10
2.805916542505e-10
2.808471321880e-10
2.811026101254e-10
2.813580880628e-10
2.816135660003e-10
2.818690439377e-10
2.794769251687e-10
2.713483468691e-10
2.632197685694e-10
2.550911902697e-10
2.469626119701e-10
2.388340336704e-10
2.307054553707e-10
2.226637185451e-10
2.151120395713e-10
2.080557910155e-10
2.014477670386e-10
2.034207423101e-10
2.070743265679e-10
2.108615531928e-10
2.147898914328e-10
2.188673777092e-10
2.231026704927e-10
2.275042448898e-10
2.319760501708e-10
2.364478554519e-10
2.409196607329e-10
2.410408937350e-10
2.337040028303e-10
2.263692262051e-10
2.193045566385e-10
2.126674989738e-10
2.064203697832e-10
2.005297871008e-10
1.949660737007e-10
1.897027570305e-10
1.847161480136e-10
1.799849845816e-10
1.844575759135e-10
1.903314915026e-10
1.965918129285e-10
2.032779655625e-10
2.104349270914e-10
2.181142406100e-10
2.263752579351e-10
2.349991079038e-10
2.436250353899e-10
2.522509628760e-10
2.546098570944e-10
2.483515805700e-10
2.420933040455e-10
2.358350275210e-10
2.295767509966e-10
2.233791615861e-10
2.174820998649e-10
2.118883869729e-10
2.065752031398e-10
2.015219614641e-10
1.967100413315e-10
1.955269291083e-10
1.945483381261e-10
1.935794938452e-10
1.926202513724e-10
1.916704686725e-10
1.907300064976e-10
1.897987283198e-10
1.888765002643e-10
1.879631910461e-10
1.870586719070e-10
1.859019232444e-10
1.844739068733e-10
1.830676620434e-10
1.816826946281e-10
1.803185253413e-10
1.789746891845e-10
1.776507349185e-10
1.763462245580e-10
1.750607328888e-10
1.737938470055e-10
1.725451658691e-10
1.520390289261e-10
1.530597759468e-10
1.540943216211e-10
1.551429476523e-10
1.562059434643e-10
1.572836064681e-10
1.583762423388e-10
1.594841653051e-10
1.606076984502e-10
1.617471740264e-10
1.629029337821e-10
1.637356106465e-10
1.642691629870e-10
1.648062039857e-10
1.653467679710e-10
1.658908897231e-10
1.664386044816e-10
1.669899479531e-10
1.675449563186e-10
1.681036662421e-10
1.686661148780e-10
1.693277031857e-10
1.717433710788e-10
1.742289614477e-10
1.767875547764e-10
1.794224151964e-10
1.821370043792e-10
1.849349967095e-10
1.878202958783e-10
1.907970530545e-10
1.938696868120e-10
1.970429050139e-10
1.981885548883e-10
1.978067240541e-10
1.974263616643e-10
1.970474592641e-10
1.966700084636e-10
1.962940009370e-10
1.959194284219e-10
1.955462827192e-10
1.951745556918e-10
1.948042392645e-10
1.940898853981e-10
1.905142367244e-10
1.870679506480e-10
1.837441316339e-10
1.805363656704e-10
1.774386789585e-10
1.744455007823e-10
1.715516300758e-10
1.687522052624e-10
1.660426770005e-10
1.634187835126e-10
1.655617799840e-10
1.707002157228e-10
1.761678245252e-10
1.819972837706e-10
1.882257440871e-10
1.948956219105e-10
2.020555667429e-10
2.097616497500e-10
2.180788351297e-10
2.270828138899e-10
2.357694885771e-10
2.407907651952e-10
2.458120418133e-10
2.508333184314e-10
2.558545950495e-10
2.608758716677e-10
2.658971482858e-10
2.709184249039e-10
2.759397015220e-10
2.809609781401e-10
2.859822547583e-10
2.847716017631e-10
2.806846735618e-10
2.765977453604e-10
2.725108171591e-10
2.684238889578e-10
2.643369607565e-10
2.602500325552e-10
2.561631043539e-10
2.520761761525e-10
2.479892479512e-10
2.436988097303e-10
2.386452089356e-10
2.335916081409e-10
2.285380073463e-10
2.235398715339e-10
2.187468164425e-10
2.141549883703e-10
2.097519756739e-10
2.055263668768e-10
2.014676519134e-10
1.975661348480e-10
1.965870835804e-10
1.966178664453e-10
1.966486589521e-10
1.966794611053e-10
1.967102729094e-10
1.967410943689e-10
1.967719254885e-10
1.968027662726e-10
1.968336167259e-10
1.968644768527e-10
1.986447885366e-10
2.056197638530e-10
2.131023859381e-10
2.211501684244e-10
2.297963021681e-10
2.386004209401e-10
2.474045397122e-10
2.562086584842e-10
2.650127772562e-10
2.738168960283e-10
2.826210148003e-10
2.841441697875e-10
2.837257344322e-10
2.833072990768e-10
2.828888637215e-10
2.824704283661e-10
2.820519930107e-10
2.816335576554e-10
2.812151223000e-10
2.807966869447e-10
2.803782515893e-10
2.770811278454e-10
2.675468459263e-10
2.580125640071e-10
2.484782820880e-10
2.389440001689e-10
2.294097182497e-10
2.200958574833e-10
2.114878996182e-10
2.035279146651e-10
1.961453912863e-10
1.892796906115e-10
1.917997374419e-10
1.962066759459e-10
2.008208914327e-10
2.056573597629e-10
2.107325350835e-10
2.160645368478e-10
2.216733659634e-10
2.275799668349e-10
2.336175128160e-10
2.396550587972e-10
2.408590533059e-10
2.337769595762e-10
2.266954554166e-10
2.198493371837e-10
2.134045978927e-10
2.073269443440e-10
2.015858817717e-10
1.961542021044e-10
1.910075527871e-10
1.861240717477e-10
1.814840769627e-10
1.857572701069e-10
1.913677665951e-10
1.973277300231e-10
2.036708614026e-10
2.104353389637e-10
2.176645872020e-10
2.254082100824e-10
2.335332332849e-10
2.416703760562e-10
2.498075188276e-10
2.516340532403e-10
2.447835011598e-10
2.379329490793e-10
2.310823969989e-10
2.242666630605e-10
2.177770739215e-10
2.116524999602e-10
2.058629874561e-10
2.003817728256e-10
1.951848689405e-10
1.902507141929e-10
1.880801482418e-10
1.860973883379e-10
1.841559972301e-10
1.822546935919e-10
1.803922484721e-10
1.785674826455e-10
1.767792641231e-10
1.750265058102e-10
1.733081633031e-10
1.716232328134e-10
1.709243246459e-10
1.712945352471e-10
1.716663530320e-10
1.720397884891e-10
1.724148521984e-10
1.727915548325e-10
1.731699071574e-10
1.735499200336e-10
1.739316044171e-10
1.743149713606e-10
1.747000320143e-10
1.482339534091e-10
1.487363960272e-10
1.492422563127e-10
1.497515692556e-10
1.502643703252e-10
1.507806954782e-10
1.513005811674e-10
1.518240643499e-10
1.523511824961e-10
1.528819735988e-10
1.534164761816e-10
1.544786737335e-10
1.560369420165e-10
1.576269679977e-10
1.592497325105e-10
1.609062571991e-10
1.625976066632e-10
1.643248907398e-10
1.660892669318e-10
1.678919429945e-10
1.697341796929e-10
1.715925781661e-10
1.730385914580e-10
1.745091830240e-10
1.760049848803e-10
1.775266509002e-10
1.790748577665e-10
1.806503059749e-10
1.822537208910e-10
1.838858538639e-10
1.855474834000e-10
1.872394164013e-10
1.880684599681e-10
1.882542306282e-10
1.884403686531e-10
1.886268751336e-10
1.888137511646e-10
1.890009978458e-10
1.891886162808e-10
1.893766075780e-10
1.895649728499e-10
1.897537132135e-10
1.894667950717e-10
1.852405766222e-10
1.811987832281e-10
1.773296006677e-10
1.736222027103e-10
1.700666499527e-10
1.666538008361e-10
1.633752331668e-10
1.602231747205e-10
1.571904417296e-10
1.542703842249e-10
1.569475364072e-10
1.632321313003e-10
1.700410241072e-10
1.774426807733e-10
1.855180306819e-10
1.943634379069e-10
2.040945650295e-10
2.148514588196e-10
2.268053336561e-10
2.394524782510e-10
2.505441184756e-10
2.533381978311e-10
2.561322771866e-10
2.589263565421e-10
2.617204358976e-10
2.645145152531e-10
2.673085946086e-10
2.701026739641e-10
2.728967533197e-10
2.756908326752e-10
2.784849120307e-10
2.768318290456e-10
2.731262095957e-10
2.694205901458e-10
2.657149706959e-10
2.620093512459e-10
2.583037317960e-10
2.545981123461e-10
2.508924928962e-10
2.471868734463e-10
2.434812539964e-10
2.394464344930e-10
2.341771147895e-10
2.289077950860e-10
2.236892987627e-10
2.186896135118e-10
2.139085382890e-10
2.093320418449e-10
2.049472685522e-10
2.007424178063e-10
1.967066379725e-10
1.928299328747e-10
1.920762495405e-10
1.924046138484e-10
1.927341027905e-10
1.930647221545e-10
1.933964777678e-10
1.937293754980e-10
1.940634212530e-10
1.943986209819e-10
1.947349806745e-10
1.950725063624e-10
1.971880024022e-10
2.046163916352e-10
2.126263689698e-10
2.212890181629e-10
2.306304903973e-10
2.401225179955e-10
2.496145455937e-10
2.591065731919e-10
2.685986007901e-10
2.780906283883e-10
2.875826559865e-10
2.887185970744e-10
2.876262484262e-10
2.865338997780e-10
2.854415511299e-10
2.843492024817e-10
2.832568538335e-10
2.821645051854e-10
2.810721565372e-10
2.799798078890e-10
2.788874592409e-10
2.746853305220e-10
2.637453449834e-10
2.528053594448e-10
2.418653739063e-10
2.309253883677e-10
2.201992294575e-10
2.103697486008e-10
2.013803254376e-10
1.931276823065e-10
1.855248045164e-10
1.784978604622e-10
1.814347468680e-10
1.864228535205e-10
1.916929854691e-10
1.972697569263e-10
2.031807322577e-10
2.094568816257e-10
2.161331237729e-10
2.232489760260e-10
2.307871701802e-10
2.383904568614e-10
2.406772128768e-10
2.338499163221e-10
2.270226262676e-10
2.203968310783e-10
2.141468241063e-10
2.082415171750e-10
2.026531592302e-10
1.973569002683e-10
1.923304219024e-10
1.875536229809e-10
1.830083509192e-10
1.870754096435e-10
1.924153876274e-10
1.980691774487e-10
2.040652789628e-10
2.104357508377e-10
2.172167839459e-10
2.244493893086e-10
2.320673586659e-10
2.397157167226e-10
2.473640747793e-10
2.486582493862e-10
2.412154217497e-10
2.337725941132e-10
2.263321140649e-10
2.191709778089e-10
2.124490994108e-10
2.061272659716e-10
2.001707971402e-10
1.945489086195e-10
1.892341800004e-10
1.842021075030e-10
1.811797883406e-10
1.783500720754e-10
1.756073871204e-10
1.729477791574e-10
1.703675298498e-10
1.678631394982e-10
1.654313112032e-10
1.630689363857e-10
1.607730815299e-10
1.585409760305e-10
1.581801887489e-10
1.598727447527e-10
1.616019138200e-10
1.633688969516e-10
1.651749482565e-10
1.670213779207e-10
1.689095553768e-10
1.708409126913e-10
1.728169481868e-10
1.748392303186e-10
1.769094018268e-10
1.446146866494e-10
1.446505461511e-10
1.446864234411e-10
1.447223185326e-10
1.447582314388e-10
1.447941621731e-10
1.448301107487e-10
1.448660771789e-10
1.449020614770e-10
1.449380636563e-10
1.449740837302e-10
1.462124255203e-10
1.485904476362e-10
1.510471016933e-10
1.535863533346e-10
1.562124394281e-10
1.589298916577e-10
1.617435626207e-10
1.646586547461e-10
1.676807523986e-10
1.708158575833e-10
1.739188630811e-10
1.743534963669e-10
1.747903074425e-10
1.752293127172e-10
1.756705287655e-10
1.761139723294e-10
1.765596603202e-10
1.770076098209e-10
1.774578380884e-10
1.779103625555e-10
1.783652008332e-10
1.789316782352e-10
1.795818536666e-10
1.802367713520e-10
1.808964833651e-10
1.815610425445e-10
1.822305025084e-10
1.829049176685e-10
1.835843432450e-10
1.842688352819e-10
1.849584506620e-10
1.850588186712e-10
1.802510146826e-10
1.756866971884e-10
1.713478262949e-10
1.672181012558e-10
1.632827558256e-10
1.595283818448e-10
1.559427766162e-10
1.525148104116e-10
1.492343110768e-10
1.460919632167e-10
1.491853640959e-10
1.563901098181e-10
1.643260590176e-10
1.731104760463e-10
1.828871158848e-10
1.938341523631e-10
2.061751350123e-10
2.201944161120e-10
2.359012136622e-10
2.518221426122e-10
2.653187483742e-10
2.658856304670e-10
2.664525125599e-10
2.670193946528e-10
2.675862767457e-10
2.681531588386e-10
2.687200409315e-10
2.692869230244e-10
2.698538051173e-10
2.704206872102e-10
2.709875693031e-10
2.688920563282e-10
2.655677456296e-10
2.622434349311e-10
2.589191242326e-10
2.555948135341e-10
2.522705028356e-10
2.489461921370e-10
2.456218814385e-10
2.422975707400e-10
2.389732600415e-10
2.351940592558e-10
2.297090206434e-10
2.242589927774e-10
2.190331756646e-10
2.140453626664e-10
2.092796563436e-10
2.047215442422e-10
2.003577512836e-10
1.961761106389e-10
1.921654504427e-10
1.883154941246e-10
1.877677808357e-10
1.883681415983e-10
1.889723538117e-10
1.895804546569e-10
1.901924817953e-10
1.908084733760e-10
1.914284680441e-10
1.920525049486e-10
1.926806237504e-10
1.933128646314e-10
1.957524277535e-10
2.036227642681e-10
2.121524738655e-10
2.214280423654e-10
2.314646786266e-10
2.416446150509e-10
2.518245514753e-10
2.620044878996e-10
2.721844243239e-10
2.823643607483e-10
2.925442971726e-10
2.932930243612e-10
2.915267624202e-10
2.897605004792e-10
2.879942385383e-10
2.862279765973e-10
2.844617146563e-10
2.826954527154e-10
2.809291907744e-10
2.791629288334e-10
2.773966668924e-10
2.722895331987e-10
2.599438440406e-10
2.475981548826e-10
2.352524657245e-10
2.229814165807e-10
2.116788709502e-10
2.014668612362e-10
1.921948193306e-10
1.837386757695e-10
1.759952759989e-10
1.688781514536e-10
1.721325829369e-10
1.775684252371e-10
1.833587841451e-10
1.895395101937e-10
1.961514563933e-10
2.032413823090e-10
2.108630615577e-10
2.190786482059e-10
2.279568275443e-10
2.371258549257e-10
2.404953724477e-10
2.339228730680e-10
2.273503736882e-10
2.209470586440e-10
2.148942312999e-10
2.091641945925e-10
2.037317980402e-10
1.985744378446e-10
1.936717425096e-10
1.890053039095e-10
1.845584463208e-10
1.884123899959e-10
1.934745419614e-10
1.988162177802e-10
2.044612271009e-10
2.104361627132e-10
2.167708194459e-10
2.234986910716e-10
2.306014840470e-10
2.377610573889e-10
2.449206307309e-10
2.456824455321e-10
2.376473423396e-10
2.296122391470e-10
2.217064581177e-10
2.143017116569e-10
2.073755997547e-10
2.008831677153e-10
1.947849196354e-10
1.890460142481e-10
1.836355988549e-10
1.785262544500e-10
1.747678358933e-10
1.712220237923e-10
1.678172304366e-10
1.645452072703e-10
1.613983367407e-10
1.583695730921e-10
1.554523897026e-10
1.526407321370e-10
1.499289762028e-10
1.473118904004e-10
1.472045981894e-10
1.498789306317e-10
1.526522327116e-10
1.555301018906e-10
1.585185658446e-10
1.616241246053e-10
1.648537977551e-10
1.682151773954e-10
1.717164877298e-10
1.753666522473e-10
1.791753696592e-10
1.476538070063e-10
1.476651906238e-10
1.476765759966e-10
1.476879631253e-10
1.476993520102e-10
1.477107426518e-10
1.477221350504e-10
1.477335292064e-10
1.477449251203e-10
1.477563227924e-10
1.477677222232e-10
1.490292097566e-10
1.514755706980e-10
1.540035876026e-10
1.566174181955e-10
1.593215073435e-10
1.621206122795e-10
1.650198305324e-10
1.680246309093e-10
1.711408879245e-10
1.743749201327e-10
1.775756562658e-10
1.779968853121e-10
1.784201175137e-10
1.788453671935e-10
1.792726488116e-10
1.797019769664e-10
1.801333663966e-10
1.805668319826e-10
1.810023887486e-10
1.814400518639e-10
1.818798366450e-10
1.820340622214e-10
1.819795313777e-10
1.819250331951e-10
1.818705676443e-10
1.818161346961e-10
1.817617343212e-10
1.817073664903e-10
1.816530311743e-10
1.815987283439e-10
1.815444579701e-10
1.811076564433e-10
1.775002832509e-10
1.740338097068e-10
1.707001388834e-10
1.674917825892e-10
1.644018052172e-10
1.614237736964e-10
1.585517127861e-10
1.557800650590e-10
1.531036550098e-10
1.505176568008e-10
1.538632081687e-10
1.611579409292e-10
1.691787933535e-10
1.780398612246e-10
1.878804654954e-10
1.988725313620e-10
2.112307186053e-10
2.252265792691e-10
2.403789329506e-10
2.555462282530e-10
2.683264554069e-10
2.683756524354e-10
2.684248494638e-10
2.684740464923e-10
2.685232435208e-10
2.685724405492e-10
2.686216375777e-10
2.686708346061e-10
2.687200316346e-10
2.687692286630e-10
2.688184256915e-10
2.666731887285e-10
2.635151360772e-10
2.603570834259e-10
2.571990307746e-10
2.540409781233e-10
2.508829254719e-10
2.477248728206e-10
2.445668201693e-10
2.414087675180e-10
2.382507148667e-10
2.346604581182e-10
2.294494360055e-10
2.242730715279e-10
2.193019174237e-10
2.145463619726e-10
2.099926771161e-10
2.056282760692e-10
2.014415971360e-10
1.974220014355e-10
1.935596826337e-10
1.898455870666e-10
1.890948152628e-10
1.893710834400e-10
1.896481600557e-10
1.899260486639e-10
1.902047528392e-10
1.904842761771e-10
1.907646222947e-10
1.910457948299e-10
1.913277974424e-10
1.916106338135e-10
1.937673052639e-10
2.015438929766e-10
2.099707853631e-10
2.191331129010e-10
2.291128334456e-10
2.393793752947e-10
2.496459171437e-10
2.599124589928e-10
2.701790008419e-10
2.804455426909e-10
2.907120845400e-10
2.913724127027e-10
2.894710838825e-10
2.875697550622e-10
2.856684262419e-10
2.837670974216e-10
2.818657686014e-10
2.799644397811e-10
2.780631109608e-10
2.761617821405e-10
2.742604533203e-10
2.692744765071e-10
2.576050957096e-10
2.459357149120e-10
2.342663341144e-10
2.226830263911e-10
2.119978631618e-10
2.022911770198e-10
1.934344486813e-10
1.853207221426e-10
1.778602643152e-10
1.709772324690e-10
1.740204979646e-10
1.791296031361e-10
1.845477810731e-10
1.903039523473e-10
1.964307619056e-10
2.029651985429e-10
2.099493422729e-10
2.174312715024e-10
2.254661713474e-10
2.339049989945e-10
2.369068284339e-10
2.305687497049e-10
2.242655178408e-10
2.182484345853e-10
2.125457935911e-10
2.071335741920e-10
2.019901415966e-10
1.970959578414e-10
1.924333337714e-10
1.879862154113e-10
1.837399992891e-10
1.876807628964e-10
1.928263595964e-10
1.982620611123e-10
2.040131129372e-10
2.101077772882e-10
2.165777975882e-10
2.234589514943e-10
2.307314077356e-10
2.380619285536e-10
2.453924493716e-10
2.466469192922e-10
2.395468192286e-10
2.324467191650e-10
2.253594668199e-10
2.185759122056e-10
2.121888081322e-10
2.061643867711e-10
2.004726093364e-10
1.950866651588e-10
1.899825493938e-10
1.851387053319e-10
1.812916528667e-10
1.776417058536e-10
1.741358271648e-10
1.707656520286e-10
1.675234509361e-10
1.644020704587e-10
1.613948805607e-10
1.584957275905e-10
1.556988922488e-10
1.529990519301e-10
1.526972705945e-10
1.550328055849e-10
1.574408952538e-10
1.599249738715e-10
1.624886959241e-10
1.651359540530e-10
1.678708987755e-10
1.706979601993e-10
1.736218719682e-10
1.766476977113e-10
1.797808603082e-10
1.521623553688e-10
1.522331896040e-10
1.523040898189e-10
1.523750561060e-10
1.524460885576e-10
1.525171872662e-10
1.525883523247e-10
1.526595838258e-10
1.527308818629e-10
1.528022465290e-10
1.528736779176e-10
1.541315390155e-10
1.565119630394e-10
1.589670674837e-10
1.615004227491e-10
1.641158305184e-10
1.668173427930e-10
1.696092828394e-10
1.724962682762e-10
1.754832365593e-10
1.785754731613e-10
1.816394422141e-10
1.822543655535e-10
1.828734665669e-10
1.834967879729e-10
1.841243730745e-10
1.847562657693e-10
1.853925105593e-10
1.860331525619e-10
1.866782375201e-10
1.873278118136e-10
1.879819224701e-10
1.876362075348e-10
1.865706240672e-10
1.855170751238e-10
1.844753579753e-10
1.834452744208e-10
1.824266306615e-10
1.814192371793e-10
1.804229086197e-10
1.794374636773e-10
1.784627249865e-10
1.773678469852e-10
1.751966978220e-10
1.730780596876e-10
1.710100503104e-10
1.689908763173e-10
1.670188280468e-10
1.650922747208e-10
1.632096599469e-10
1.613694975249e-10
1.595703675341e-10
1.578109126791e-10
1.614174024698e-10
1.686285017116e-10
1.765140215339e-10
1.851732164759e-10
1.947258222129e-10
2.053176257522e-10
2.171279580896e-10
2.303321182152e-10
2.439906930495e-10
2.576492678838e-10
2.691278644024e-10
2.689799099036e-10
2.688319554047e-10
2.686840009059e-10
2.685360464071e-10
2.683880919083e-10
2.682401374095e-10
2.680921829106e-10
2.679442284118e-10
2.677962739130e-10
2.676483194142e-10
2.655269908385e-10
2.624948742273e-10
2.594627576162e-10
2.564306410050e-10
2.533985243939e-10
2.503664077827e-10
2.473342911716e-10
2.443021745604e-10
2.412700579493e-10
2.382379413381e-10
2.348241271243e-10
2.299789469005e-10
2.251499875333e-10
2.204847351766e-10
2.160088921868e-10
2.117111530286e-10
2.075810943598e-10
2.036090906284e-10
1.997862391788e-10
1.961042936384e-10
1.925556045379e-10
1.915132655422e-10
1.913374995167e-10
1.911620558227e-10
1.909869335742e-10
1.908121318886e-10
1.906376498865e-10
1.904634866918e-10
1.902896414315e-10
1.901161132358e-10
1.899429012380e-10
1.917176102710e-10
1.993071725453e-10
2.075224021869e-10
2.164439933531e-10
2.261671400469e-10
2.364040098862e-10
2.466444127722e-10
2.568848156583e-10
2.671252185443e-10
2.773656214304e-10
2.876060243164e-10
2.882339812421e-10
2.862986192450e-10
2.843632572480e-10
2.824278952509e-10
2.804925332539e-10
2.785571712568e-10
2.766218092598e-10
2.746864472627e-10
2.727510852657e-10
2.708157232686e-10
2.661433086840e-10
2.555406134932e-10
2.449379183023e-10
2.343352231114e-10
2.237806160378e-10
2.139351638834e-10
2.049195243340e-10
1.966330300062e-10
1.889906637257e-10
1.819201309938e-10
1.753595659048e-10
1.780703195484e-10
1.826780068674e-10
1.875304821520e-10
1.926477846095e-10
1.980522021151e-10
2.037685957300e-10
2.098247820877e-10
2.162519860595e-10
2.230853792424e-10
2.303173454392e-10
2.326795274979e-10
2.265730996383e-10
2.206507975358e-10
2.150302103227e-10
2.096888541811e-10
2.046064251406e-10
1.997645411540e-10
1.951465199491e-10
1.907371869962e-10
1.865227089354e-10
1.824904486086e-10
1.865714072216e-10
1.918656830364e-10
1.974692020104e-10
2.034098739972e-10
2.097190715886e-10
2.164321843260e-10
2.235892828742e-10
2.311605436069e-10
2.387857116867e-10
2.464108797666e-10
2.483501951049e-10
2.424714629237e-10
2.365927307425e-10
2.307139985614e-10
2.248568728255e-10
2.192358397029e-10
2.138889848209e-10
2.087967253090e-10
2.039412998421e-10
1.993065616595e-10
1.948777991798e-10
1.910768689595e-10
1.874446925308e-10
1.839480280972e-10
1.805794308603e-10
1.773319915540e-10
1.741992891416e-10
1.711753484398e-10
1.682546020808e-10
1.654318563036e-10
1.627022601318e-10
1.620654381247e-10
1.637022015797e-10
1.653723629869e-10
1.670769551045e-10
1.688170537151e-10
1.705937798901e-10
1.724083023979e-10
1.742618402679e-10
1.761556655218e-10
1.780911060845e-10
1.800695488897e-10
1.569549090632e-10
1.570928311306e-10
1.572309958057e-10
1.573694037291e-10
1.575080555437e-10
1.576469518948e-10
1.577860934298e-10
1.579254807986e-10
1.580651146531e-10
1.582049956479e-10
1.583451244396e-10
1.595956320224e-10
1.618947824518e-10
1.642611447176e-10
1.666977097769e-10
1.692076487242e-10
1.717943265600e-10
1.744613172423e-10
1.772124201618e-10
1.800516782013e-10
1.829833975590e-10
1.858935823579e-10
1.867205047114e-10
1.875548168409e-10
1.883966182489e-10
1.892460102322e-10
1.901030959230e-10
1.909679803300e-10
1.918407703817e-10
1.927215749705e-10
1.936105049978e-10
1.945076734205e-10
1.935941165067e-10
1.913993662027e-10
1.892538212390e-10
1.871558452158e-10
1.851038734995e-10
1.830964093304e-10
1.811320201822e-10
1.792093343526e-10
1.773270377693e-10
1.754838709946e-10
1.737793641868e-10
1.729521378843e-10
1.721327498124e-10
1.713210890918e-10
1.705170469247e-10
1.697205165463e-10
1.689313931774e-10
1.681495739783e-10
1.673749580047e-10
1.666074461635e-10
1.658469411710e-10
1.697516697143e-10
1.768253326452e-10
1.845141581078e-10
1.929020406573e-10
2.020888565113e-10
2.121944594241e-10
2.233639385691e-10
2.354525987823e-10
2.476024531485e-10
2.597523075146e-10
2.699292733978e-10
2.695841673717e-10
2.692390613456e-10
2.688939553195e-10
2.685488492934e-10
2.682037432673e-10
2.678586372412e-10
2.675135312151e-10
2.671684251890e-10
2.668233191630e-10
2.664782131369e-10
2.643807929485e-10
2.614746123775e-10
2.585684318065e-10
2.556622512355e-10
2.527560706645e-10
2.498498900935e-10
2.469437095225e-10
2.440375289515e-10
2.411313483805e-10
2.382251678095e-10
2.349877961303e-10
2.305084577954e-10
2.260337880053e-10
2.216803813139e-10
2.174914989560e-10
2.134579873211e-10
2.095713594721e-10
2.058237355365e-10
2.022077893817e-10
1.987167008134e-10
1.953441126426e-10
1.939943793703e-10
1.933451823585e-10
1.927003158957e-10
1.920597367945e-10
1.914234024403e-10
1.907912707811e-10
1.901633003187e-10
1.895394500994e-10
1.889196797050e-10
1.883039492446e-10
1.897108252355e-10
1.971195531370e-10
2.051304600581e-10
2.138200734369e-10
2.232784615583e-10
2.334286444778e-10
2.436429084008e-10
2.538571723238e-10
2.640714362468e-10
2.742857001698e-10
2.844999640928e-10
2.850955497814e-10
2.831261546076e-10
2.811567594338e-10
2.791873642599e-10
2.772179690861e-10
2.752485739123e-10
2.732791787385e-10
2.713097835646e-10
2.693403883908e-10
2.673709932170e-10
2.630121408609e-10
2.534761312768e-10
2.439401216926e-10
2.344041121085e-10
2.248890791702e-10
2.159081984338e-10
2.076170704030e-10
1.999391717258e-10
1.928088950237e-10
1.861696694760e-10
1.799724567761e-10
1.823131280074e-10
1.863698333465e-10
1.906111812131e-10
1.950500712893e-10
1.997006335212e-10
2.045783783671e-10
2.097003696148e-10
2.150854238280e-10
2.207543413318e-10
2.267301747157e-10
2.284522265619e-10
2.226622480751e-10
2.171507532817e-10
2.119055167744e-10
2.069076993508e-10
2.021401981563e-10
1.975874511473e-10
1.932352673971e-10
1.890706793451e-10
1.850818137484e-10
1.812577786319e-10
1.854750889877e-10
1.909145313598e-10
1.966826590102e-10
2.028101919306e-10
2.093318014676e-10
2.162867667345e-10
2.237197663731e-10
2.315896794782e-10
2.395094948198e-10
2.474293101615e-10
2.500534709176e-10
2.453961066188e-10
2.407387423201e-10
2.360813780213e-10
2.314240137225e-10
2.267670306173e-10
2.222149684639e-10
2.178420637644e-10
2.136379438745e-10
2.095930217132e-10
2.056984227776e-10
2.019786665147e-10
1.983928088689e-10
1.949320542789e-10
1.915899681149e-10
1.883605495928e-10
1.852381958158e-10
1.822176693346e-10
1.792940688296e-10
1.764628025720e-10
1.737195643597e-10
1.726582356987e-10
1.733986087260e-10
1.741453586615e-10
1.748985682491e-10
1.756583216703e-10
1.764247045756e-10
1.771978041171e-10
1.779777089810e-10
1.787645094218e-10
1.795582972971e-10
1.803591661033e-10
1.620591761567e-10
1.622729659355e-10
1.624873205257e-10
1.627022421687e-10
1.629177331176e-10
1.631337956373e-10
1.633504320051e-10
1.635676445100e-10
1.637854354534e-10
1.640038071491e-10
1.642227619230e-10
1.654613773505e-10
1.676610453765e-10
1.699199868162e-10
1.722406302090e-10
1.746255386001e-10
1.770774189833e-10
1.795991325509e-10
1.821937058318e-10
1.848643428088e-10
1.876144381185e-10
1.903517721962e-10
1.914110276699e-10
1.924821380461e-10
1.935653034599e-10
1.946607285771e-10
1.957686227226e-10
1.968892000142e-10
1.980226795003e-10
1.991692853027e-10
2.003292467641e-10
2.015027986017e-10
1.999427895885e-10
1.964847002736e-10
1.931441953249e-10
1.899153777212e-10
1.867927382828e-10
1.837711243025e-10
1.808457111726e-10
1.780119766790e-10
1.752656776755e-10
1.726028288841e-10
1.703332053271e-10
1.707643634921e-10
1.711977099459e-10
1.716332613903e-10
1.720710346977e-10
1.725110469130e-10
1.729533152561e-10
1.733978571235e-10
1.738446900915e-10
1.742938319178e-10
1.747453005440e-10
1.789934178566e-10
1.858597542742e-10
1.932739019416e-10
2.013041430693e-10
2.100305998980e-10
2.195479172906e-10
2.299319454513e-10
2.405730793493e-10
2.512142132474e-10
2.618553471454e-10
2.707306823932e-10
2.701884248399e-10
2.696461672865e-10
2.691039097331e-10
2.685616521798e-10
2.680193946264e-10
2.674771370730e-10
2.669348795197e-10
2.663926219663e-10
2.658503644129e-10
2.653081068595e-10
2.632345950584e-10
2.604543505276e-10
2.576741059968e-10
2.548938614659e-10
2.521136169351e-10
2.493333724043e-10
2.465531278735e-10
2.437728833426e-10
2.409926388118e-10
2.382123942810e-10
2.351514651364e-10
2.310379686903e-10
2.269245543359e-10
2.228890656712e-10
2.189945985317e-10
2.152338877908e-10
2.116001589415e-10
2.080870873695e-10
2.046887616161e-10
2.013996501840e-10
1.982145714921e-10
1.965406241909e-10
1.953954447630e-10
1.942635332167e-10
1.931446603005e-10
1.920386020140e-10
1.909451394590e-10
1.898640586942e-10
1.887951505964e-10
1.877382107255e-10
1.866930391936e-10
1.877456166485e-10
1.949794354892e-10
2.027930295651e-10
2.112590103364e-10
2.204626427199e-10
2.304532790693e-10
2.406414040293e-10
2.508295289893e-10
2.610176539492e-10
2.712057789092e-10
2.813939038692e-10
2.819571183208e-10
2.799536899702e-10
2.779502616196e-10
2.759468332690e-10
2.739434049184e-10
2.719399765677e-10
2.699365482171e-10
2.679331198665e-10
2.659296915159e-10
2.639262631653e-10
2.598809730378e-10
2.514116490604e-10
2.429423250830e-10
2.344730011056e-10
2.260085781730e-10
2.179179646905e-10
2.103865844634e-10
2.033583921089e-10
1.967845891800e-10
1.906224895150e-10
1.848345912966e-10
1.867630547011e-10
1.902139574245e-10
1.937947885730e-10
1.975130267507e-10
2.013767357413e-10
2.053946228858e-10
2.095761045914e-10
2.139313800080e-10
2.184715140867e-10
2.232085314435e-10
2.242599132309e-10
2.188841151666e-10
2.137600131879e-10
2.088703349409e-10
2.041993531228e-10
1.997327165011e-10
1.954573026343e-10
1.913610891130e-10
1.874330406589e-10
1.836630098482e-10
1.800416495814e-10
1.843915797082e-10
1.899727636097e-10
1.959023569378e-10
2.022140353711e-10
2.089459589869e-10
2.161415444198e-10
2.238504022576e-10
2.320188153495e-10
2.402332779529e-10
2.484477405564e-10
2.517567467304e-10
2.483207503140e-10
2.448847538976e-10
2.414487574812e-10
2.380127610648e-10
2.345767646483e-10
2.311407682319e-10
2.277047718155e-10
2.243026959364e-10
2.209990585690e-10
2.177913238042e-10
2.141997274841e-10
2.106991527030e-10
2.073111549249e-10
2.040303894485e-10
2.008518446279e-10
1.977708163282e-10
1.947828846954e-10
1.918838930021e-10
1.890699283532e-10
1.863373040656e-10
1.847325861134e-10
1.843160129380e-10
1.839013142859e-10
1.834884775329e-10
1.830774901679e-10
1.826683397916e-10
1.822610141151e-10
1.818555009593e-10
1.814517882528e-10
1.810498640315e-10
1.806497164369e-10
1.675065902034e-10
1.678063799229e-10
1.681072446451e-10
1.684091901625e-10
1.687122223094e-10
1.690163469621e-10
1.693215700396e-10
1.696278975033e-10
1.699353353582e-10
1.702438896527e-10
1.705535664793e-10
1.717747515554e-10
1.738532367378e-10
1.759826376032e-10
1.781648482376e-10
1.804018578541e-10
1.826957568415e-10
1.850487432789e-10
1.874631299617e-10
1.899413519838e-10
1.924859749296e-10
1.950290533195e-10
1.963432800998e-10
1.976753391964e-10
1.990255960298e-10
2.003944260734e-10
2.017822152018e-10
2.031893600531e-10
2.046162684073e-10
2.060633595797e-10
2.075310648324e-10
2.090198278022e-10
2.067219740799e-10
2.018476368666e-10
1.971978703287e-10
1.927575042820e-10
1.885127048202e-10
1.844508303509e-10
1.805603058517e-10
1.768305127107e-10
1.732516919436e-10
1.698148589311e-10
1.670210679185e-10
1.686312466218e-10
1.702727736296e-10
1.719465734135e-10
1.736536071567e-10
1.753948745945e-10
1.771714159666e-10
1.789843140895e-10
1.808346965577e-10
1.827237380816e-10
1.846526629756e-10
1.892993981397e-10
1.958670626189e-10
2.029068313775e-10
2.104715067125e-10
2.186220700511e-10
2.274287330565e-10
2.365611464865e-10
2.456935599164e-10
2.548259733463e-10
2.639583867762e-10
2.715320913887e-10
2.707926823080e-10
2.700532732274e-10
2.693138641467e-10
2.685744550661e-10
2.678350459855e-10
2.670956369048e-10
2.663562278242e-10
2.656168187435e-10
2.648774096629e-10
2.641380005822e-10
2.620883971684e-10
2.594340886777e-10
2.567797801871e-10
2.541254716964e-10
2.514711632057e-10
2.488168547151e-10
2.461625462244e-10
2.435082377337e-10
2.408539292431e-10
2.381996207524e-10
2.353151341425e-10
2.315674795852e-10
2.278198250280e-10
2.241110026854e-10
2.205186187526e-10
2.170395859870e-10
2.136686228276e-10
2.104007708183e-10
2.072313702729e-10
2.041560381056e-10
2.011706476076e-10
1.991545987149e-10
1.974896558089e-10
1.958523201253e-10
1.942419106572e-10
1.926577686134e-10
1.910992565201e-10
1.895657573654e-10
1.880566737847e-10
1.865714272852e-10
1.851094575064e-10
1.858207056900e-10
1.928852890460e-10
2.005082682471e-10
2.087585721528e-10
2.177169613103e-10
2.274779136609e-10
2.376398996578e-10
2.478018856547e-10
2.579638716517e-10
2.681258576486e-10
2.782878436455e-10
2.788186868601e-10
2.767812253327e-10
2.747437638054e-10
2.727063022780e-10
2.706688407506e-10
2.686313792232e-10
2.665939176958e-10
2.645564561684e-10
2.625189946411e-10
2.604815331137e-10
2.567498052147e-10
2.493471668440e-10
2.419445284733e-10
2.345418901026e-10
2.271392517319e-10
2.199654980347e-10
2.132309855107e-10
2.068965934703e-10
2.009276918635e-10
1.952935348463e-10
1.899667310549e-10
1.914356451885e-10
1.942200015957e-10
1.970865481714e-10
2.000389786342e-10
2.030812114021e-10
2.062174069426e-10
2.094519867557e-10
2.127896541719e-10
2.162354171714e-10
2.197946134560e-10
2.202107243879e-10
2.152320577240e-10
2.104735357271e-10
2.059208728321e-10
2.015609933242e-10
1.973819059156e-10
1.933725936087e-10
1.895229167151e-10
1.858235272321e-10
1.822657930562e-10
1.788417307374e-10
1.833206562047e-10
1.890402415972e-10
1.951282218075e-10
2.016213733205e-10
2.085615362668e-10
2.159965169886e-10
2.239811907948e-10
2.324479512208e-10
2.409570610860e-10
2.494661709513e-10
2.534600225431e-10
2.512453940091e-10
2.490307654751e-10
2.468161369411e-10
2.446015084070e-10
2.423868798730e-10
2.401722513390e-10
2.379576228050e-10
2.357429942710e-10
2.335283657369e-10
2.313137372029e-10
2.279911221168e-10
2.246331925495e-10
2.213691342717e-10
2.181985749405e-10
2.151175538669e-10
2.121223309512e-10
2.092093715365e-10
2.063753324938e-10
2.036170494227e-10
2.009315248651e-10
1.986226845736e-10
1.967005371788e-10
1.948152359152e-10
1.929657313719e-10
1.911510136140e-10
1.893701103437e-10
1.876220851633e-10
1.859060359335e-10
1.842210932208e-10
1.825664188288e-10
1.809412044076e-10
1.733329581600e-10
1.737304887921e-10
1.741298470498e-10
1.745310455657e-10
1.749340970891e-10
1.753390144875e-10
1.757458107476e-10
1.761544989771e-10
1.765650924057e-10
1.769776043869e-10
1.773920483992e-10
1.785890267213e-10
1.805203585010e-10
1.824939193208e-10
1.845111095124e-10
1.865733920136e-10
1.886822959064e-10
1.908394201985e-10
1.930464378661e-10
1.953051001813e-10
1.976172413470e-10
1.999419829541e-10
2.015364428021e-10
2.031565374770e-10
2.048028902022e-10
2.064761445680e-10
2.081769653711e-10
2.099060394944e-10
2.116640768327e-10
2.134518112639e-10
2.152700016708e-10
2.171194330152e-10
2.139769970953e-10
2.075115448230e-10
2.014253486623e-10
1.956859893505e-10
1.902646402406e-10
1.851355830619e-10
1.802757999478e-10
1.756646280750e-10
1.712834659841e-10
1.671155227778e-10
1.638352829250e-10
1.665507642673e-10
1.693577779831e-10
1.722610314145e-10
1.752655603206e-10
1.783767580259e-10
1.816004077309e-10
1.849427183893e-10
1.884103646227e-10
1.920105312100e-10
1.957509627784e-10
2.008646687543e-10
2.070133510874e-10
2.135503558702e-10
2.205136696149e-10
2.279429615980e-10
2.355666545598e-10
2.431903475216e-10
2.508140404834e-10
2.584377334452e-10
2.660614264070e-10
2.723335003841e-10
2.713969397762e-10
2.704603791683e-10
2.695238185604e-10
2.685872579524e-10
2.676506973445e-10
2.667141367366e-10
2.657775761287e-10
2.648410155207e-10
2.639044549128e-10
2.629678943049e-10
2.609421992784e-10
2.584138268279e-10
2.558854543774e-10
2.533570819269e-10
2.508287094764e-10
2.483003370259e-10
2.457719645754e-10
2.432435921249e-10
2.407152196744e-10
2.381868472239e-10
2.354788031485e-10
2.320969904801e-10
2.287151778117e-10
2.253464115217e-10
2.220639994505e-10
2.188758382163e-10
2.157779258129e-10
2.127664836451e-10
2.098379411539e-10
2.069889216937e-10
2.042162295444e-10
2.018390417674e-10
1.996292439051e-10
1.974673091583e-10
1.953516991507e-10
1.932809407337e-10
1.912536225665e-10
1.892683919071e-10
1.873239516034e-10
1.854190572659e-10
1.835525146122e-10
1.839348654531e-10
1.908356483076e-10
1.982744157502e-10
2.063166314172e-10
2.150388290516e-10
2.245310557817e-10
2.346383952863e-10
2.447742423202e-10
2.549100893541e-10
2.650459363880e-10
2.751817834219e-10
2.756802553995e-10
2.736087606953e-10
2.715372659911e-10
2.694657712870e-10
2.673942765828e-10
2.653227818787e-10
2.632512871745e-10
2.611797924703e-10
2.591082977662e-10
2.570368030620e-10
2.536186373916e-10
2.472826846276e-10
2.409467318637e-10
2.346107790997e-10
2.282748263357e-10
2.220518731302e-10
2.161533525616e-10
2.105600961721e-10
2.052490043413e-10
2.001992507345e-10
1.953920093683e-10
1.963480406757e-10
1.983984164210e-10
2.004920663940e-10
2.026303751931e-10
2.048147871220e-10
2.070468094432e-10
2.093280158463e-10
2.116600501479e-10
2.140446302425e-10
2.164835523220e-10
2.163051647750e-10
2.116998686462e-10
2.072865847231e-10
2.030535496628e-10
1.989899417774e-10
1.950857886591e-10
1.913318854687e-10
1.877197224815e-10
1.842414206873e-10
1.808896744201e-10
1.776577001386e-10
1.822621004535e-10
1.881168298333e-10
1.943601807985e-10
2.010321751428e-10
2.081785254854e-10
2.158516840490e-10
2.241121322522e-10
2.328770870921e-10
2.416808442192e-10
2.504846013462e-10
2.551632983559e-10
2.541700377042e-10
2.531767770526e-10
2.521835164010e-10
2.511902557493e-10
2.501969950977e-10
2.492037344461e-10
2.482104737944e-10
2.472172131428e-10
2.462239524912e-10
2.452306918395e-10
2.425547557691e-10
2.397853377310e-10
2.370159196928e-10
2.342465016547e-10
2.314770836165e-10
2.287076655784e-10
2.259437723197e-10
2.232344242095e-10
2.205892831144e-10
2.180060933641e-10
2.147714112931e-10
2.108692190725e-10
2.071062947278e-10
2.034753133381e-10
1.999694548131e-10
1.965823611390e-10
1.933080978964e-10
1.901411195618e-10
1.870762381645e-10
1.841085949268e-10
1.812336345613e-10
1.795792483940e-10
1.800881851774e-10
1.806000148651e-10
1.811147621934e-10
1.816324521812e-10
1.821531101344e-10
1.826767616496e-10
1.832034326190e-10
1.837331492340e-10
1.842659379898e-10
1.848018256900e-10
1.859662772985e-10
1.877192291191e-10
1.895055426964e-10
1.913261795800e-10
1.931821386292e-10
1.950744578407e-10
1.970042162846e-10
1.989725361559e-10
2.009805849508e-10
2.030295777760e-10
2.051088297960e-10
2.070117809927e-10
2.089503731196e-10
2.109256169361e-10
2.129385617860e-10
2.149902974563e-10
2.170819561444e-10
2.192147145417e-10
2.213897960407e-10
2.236084730754e-10
2.258720696031e-10
2.217597803104e-10
2.135024916580e-10
2.058380530596e-10
1.987048296747e-10
1.920494442096e-10
1.858254388505e-10
1.799921892159e-10
1.745140166358e-10
1.693594577537e-10
1.645006598548e-10
1.607687554802e-10
1.645209920410e-10
1.684525636081e-10
1.725766416921e-10
1.769077200412e-10
1.814617848311e-10
1.862565118347e-10
1.913114957003e-10
1.966485176056e-10
2.022918589992e-10
2.082686709586e-10
2.139350581242e-10
2.195048022446e-10
2.253723123317e-10
2.314746310758e-10
2.375896035695e-10
2.437045760631e-10
2.498195485568e-10
2.559345210505e-10
2.620494935442e-10
2.681644660378e-10
2.731349093796e-10
2.720011972444e-10
2.708674851092e-10
2.697337729740e-10
2.686000608388e-10
2.674663487036e-10
2.663326365684e-10
2.651989244332e-10
2.640652122980e-10
2.629315001628e-10
2.617977880276e-10
2.597960013883e-10
2.573935649780e-10
2.549911285677e-10
2.525886921573e-10
2.501862557470e-10
2.477838193366e-10
2.453813829263e-10
2.429789465160e-10
2.405765101056e-10
2.381740736953e-10
2.356424721546e-10
2.326265013751e-10
2.296105305955e-10
2.265955162048e-10
2.236311928732e-10
2.207434265982e-10
2.179292894277e-10
2.151860008376e-10
2.125109185680e-10
2.099015301346e-10
2.073554449577e-10
2.045968418595e-10
2.018157000396e-10
1.991091538897e-10
1.964742419233e-10
1.939081573700e-10
1.914082382018e-10
1.889719579222e-10
1.865969170488e-10
1.842808352308e-10
1.820215439462e-10
1.820869183369e-10
1.888291094099e-10
1.960897893041e-10
2.039311590535e-10
2.124257834724e-10
2.216588434571e-10
2.316368909149e-10
2.417465989857e-10
2.518563070566e-10
2.619660151275e-10
2.720757231983e-10
2.725418239388e-10
2.704362960579e-10
2.683307681769e-10
2.662252402960e-10
2.641197124151e-10
2.620141845341e-10
2.599086566532e-10
2.578031287722e-10
2.556976008913e-10
2.535920730104e-10
2.504874695685e-10
2.452182024112e-10
2.399489352540e-10
2.346796680967e-10
2.294104009395e-10
2.241782058037e-10
2.191569357723e-10
2.143556763028e-10
2.097602775070e-10
2.053577774225e-10
2.011362799118e-10
2.015191881357e-10
2.027605715607e-10
2.040173439381e-10
2.052897932092e-10
2.065782145435e-10
2.078829105678e-10
2.092041916024e-10
2.105423759077e-10
2.118977899397e-10
2.132707686150e-10
2.125357255335e-10
2.082817417140e-10
2.041947065785e-10
2.002649813494e-10
1.964836552317e-10
1.928424779595e-10
1.893337997057e-10
1.859505174345e-10
1.826860269051e-10
1.795341796437e-10
1.764892442936e-10
1.812156994378e-10
1.872023954634e-10
1.935981622320e-10
2.004464105589e-10
2.077969188780e-10
2.157070452100e-10
2.242432268984e-10
2.333062229634e-10
2.424046273523e-10
2.515030317411e-10
2.568665741686e-10
2.570946813994e-10
2.573227886301e-10
2.575508958609e-10
2.577790030916e-10
2.580071103224e-10
2.582352175531e-10
2.584633247839e-10
2.586914320146e-10
2.589195392454e-10
2.591476464761e-10
2.571183894215e-10
2.549637232398e-10
2.528090570581e-10
2.506543908765e-10
2.484997246948e-10
2.463450585132e-10
2.441903923315e-10
2.420357261498e-10
2.398810599682e-10
2.377263937865e-10
2.335854068622e-10
2.272373968905e-10
2.210526972776e-10
2.151956115608e-10
2.096408967038e-10
2.043657271381e-10
1.993495183325e-10
1.945736583485e-10
1.900212770791e-10
1.856770471421e-10
1.815270114737e-10
1.862925554424e-10
1.869288788615e-10
1.875695641864e-10
1.882146564217e-10
1.888642011932e-10
1.895182447588e-10
1.901768340194e-10
1.908400165301e-10
1.915078405116e-10
1.921803548621e-10
1.928576091688e-10
1.939792765060e-10
1.955161068142e-10
1.970774831354e-10
1.986639982713e-10
2.002762642672e-10
2.019149131994e-10
2.035805980010e-10
2.052739933300e-10
2.069957964798e-10
2.087467283369e-10
2.105498010135e-10
2.127929353559e-10
2.150843797381e-10
2.174257118178e-10
2.198185787042e-10
2.222647008217e-10
2.247658760358e-10
2.273236799161e-10
2.299049205507e-10
2.324861611854e-10
2.350674018200e-10
2.300891553728e-10
2.198496447005e-10
2.104484296437e-10
2.018182724981e-10
1.938680504704e-10
1.865204549757e-10
1.797094694378e-10
1.733783802259e-10
1.674781937257e-10
1.619663659834e-10
1.578149121405e-10
1.625400982365e-10
1.675569744964e-10
1.728934105913e-10
1.785809434151e-10
1.846554007902e-10
1.911576569484e-10
1.981345534531e-10
2.056400294329e-10
2.137365188134e-10
2.224966911499e-10
2.288112374387e-10
2.334174894642e-10
2.380237414898e-10
2.426299935153e-10
2.472362455409e-10
2.518424975664e-10
2.564487495920e-10
2.610550016175e-10
2.656612536431e-10
2.702675056686e-10
2.739363183750e-10
2.726054547125e-10
2.712745910501e-10
2.699437273876e-10
2.686128637251e-10
2.672820000626e-10
2.659511364002e-10
2.646202727377e-10
2.632894090752e-10
2.619585454127e-10
2.606276817503e-10
2.586498034983e-10
2.563733031281e-10
2.540968027580e-10
2.518203023878e-10
2.495438020176e-10
2.472673016474e-10
2.449908012773e-10
2.427143009071e-10
2.404378005369e-10
2.381613001667e-10
2.358061411607e-10
2.331560122700e-10
2.305058833793e-10
2.278557544886e-10
2.252206641263e-10
2.226431601761e-10
2.201239844088e-10
2.176611790511e-10
2.152528729764e-10
2.128972769642e-10
2.105926792664e-10
2.074310475565e-10
2.040505812442e-10
2.007785298119e-10
1.976097601143e-10
1.945394580249e-10
1.915631040321e-10
1.886764510408e-10
1.858755041530e-10
1.831565022211e-10
1.805159009984e-10
1.802757335939e-10
1.868643269185e-10
1.939527794949e-10
2.016002187553e-10
2.098754803548e-10
2.188591859704e-10
2.286353865434e-10
2.387189556512e-10
2.488025247590e-10
2.588860938669e-10
2.689696629747e-10
2.694033924782e-10
2.672638314204e-10
2.651242703627e-10
2.629847093050e-10
2.608451482473e-10
2.587055871896e-10
2.565660261319e-10
2.544264650742e-10
2.522869040164e-10
2.501473429587e-10
2.473563017454e-10
2.431537201949e-10
2.389511386443e-10
2.347485570938e-10
2.305459755433e-10
2.263456550355e-10
2.222451684962e-10
2.182906075059e-10
2.144743185874e-10
2.107891742786e-10
2.072285287047e-10
2.069700845299e-10
2.073188590865e-10
2.076688110987e-10
2.080199465389e-10
2.083722714203e-10
2.087257917970e-10
2.090805137640e-10
2.094364434578e-10
2.097935870571e-10
2.101519507824e-10
2.088954122513e-10
2.049722397408e-10
2.011937095092e-10
1.975519671871e-10
1.940397169721e-10
1.906501728431e-10
1.873770147994e-10
1.842143495316e-10
1.811566750100e-10
1.781988485413e-10
1.753360579046e-10
1.801812450048e-10
1.862968082038e-10
1.928420955489e-10
1.998640496419e-10
2.074167087370e-10
2.155626000816e-10
2.243744750023e-10
2.337353588347e-10
2.431284104854e-10
2.525214621360e-10
2.585698499814e-10
2.600193250945e-10
2.614688002076e-10
2.629182753208e-10
2.643677504339e-10
2.658172255471e-10
2.672667006602e-10
2.687161757733e-10
2.701656508865e-10
2.716151259996e-10
2.730646011128e-10
2.716820230738e-10
2.701421087486e-10
2.686021944234e-10
2.670622800983e-10
2.655223657731e-10
2.639824514479e-10
2.624425371227e-10
2.609026227975e-10
2.593627084724e-10
2.578227941472e-10
2.531026384884e-10
2.448488813478e-10
2.365951242072e-10
2.283413670667e-10
2.202953944532e-10
2.127908421701e-10
2.057807439532e-10
1.992177910208e-10
1.930605233225e-10
1.872724527969e-10
1.818213397500e-10
1.935272895709e-10
1.943097834276e-10
1.950986307283e-10
1.958939091685e-10
1.966956977156e-10
1.975040766352e-10
1.983191275179e-10
1.991409333065e-10
1.999695783247e-10
2.008051483052e-10
2.016477304199e-10
2.027139050871e-10
2.039887349240e-10
2.052797005688e-10
2.065871103245e-10
2.079112803985e-10
2.092525351580e-10
2.106112073945e-10
2.119876385991e-10
2.133821792490e-10
2.147951891046e-10
2.162873063652e-10
2.189062632687e-10
2.215894218686e-10
2.243391722427e-10
2.271579831887e-10
2.300098181043e-10
2.328616530199e-10
2.357134879355e-10
2.385653228511e-10
2.414171577667e-10
2.442689926822e-10
2.385452593027e-10
2.265857459788e-10
2.152700651620e-10
2.050308354963e-10
1.957214284724e-10
1.872206895560e-10
1.794276364218e-10
1.722574283887e-10
1.656382651267e-10
1.595089739255e-10
1.549676538482e-10
1.606063383158e-10
1.666708579399e-10
1.732113445040e-10
1.802861202742e-10
1.879634419207e-10
1.963237098380e-10
2.054622945088e-10
2.154931907851e-10
2.265537975481e-10
2.382331045636e-10
2.444927612826e-10
2.475902928400e-10
2.506878243975e-10
2.537853559549e-10
2.568828875123e-10
2.599804190697e-10
2.630779506272e-10
2.661754821846e-10
2.692730137420e-10
2.723705452994e-10
2.747377273704e-10
2.732097121807e-10
2.716816969909e-10
2.701536818012e-10
2.686256666114e-10
2.670976514217e-10
2.655696362319e-10
2.640416210422e-10
2.625136058524e-10
2.609855906627e-10
2.594575754729e-10
2.575036056083e-10
2.553530412783e-10
2.532024769483e-10
2.510519126182e-10
2.489013482882e-10
2.467507839582e-10
2.446002196282e-10
2.424496552982e-10
2.402990909682e-10
2.381485266382e-10
2.359698101667e-10
2.336855231649e-10
2.314012361631e-10
2.291169491612e-10
2.268328916331e-10
2.245758760859e-10
2.223633332023e-10
2.201939613592e-10
2.180665092373e-10
2.159797734140e-10
2.139325960936e-10
2.103448787193e-10
2.063355142928e-10
2.024761352631e-10
1.987584800047e-10
1.951748827176e-10
1.917182206649e-10
1.883818669204e-10
1.851596479645e-10
1.820458055597e-10
1.790349624088e-10
1.785002250228e-10
1.849400108193e-10
1.918618463105e-10
1.993219617440e-10
2.073856867208e-10
2.161293684053e-10
2.256427963415e-10
2.356913123167e-10
2.457487424615e-10
2.558061726063e-10
2.658636027511e-10
2.662649610175e-10
2.640913667830e-10
2.619177725485e-10
2.597441783140e-10
2.575705840795e-10
2.553969898450e-10
2.532233956106e-10
2.510498013761e-10
2.488762071416e-10
2.467026129071e-10
2.442251339223e-10
2.410892379785e-10
2.379533420347e-10
2.348174460909e-10
2.316815501471e-10
2.285456542033e-10
2.254216803760e-10
2.223727075024e-10
2.194051125690e-10
2.165156804817e-10
2.137013633083e-10
2.127240617663e-10
2.120868110496e-10
2.114533669132e-10
2.108236953509e-10
2.101977627608e-10
2.095755359384e-10
2.089569820714e-10
2.083420687339e-10
2.077307638804e-10
2.071230358404e-10
2.053777016486e-10
2.017662657125e-10
1.982796445843e-10
1.949114775940e-10
1.916558290466e-10
1.885071533121e-10
1.854602633027e-10
1.825103019571e-10
1.796527164043e-10
1.768832345171e-10
1.741978436013e-10
1.791585337275e-10
1.853999402795e-10
1.920919112883e-10
1.992850628115e-10
2.070378874109e-10
2.154183482749e-10
2.245058768335e-10
2.341644947060e-10
2.438521936185e-10
2.535398925309e-10
2.602731257941e-10
2.629439687896e-10
2.656148117852e-10
2.682856547807e-10
2.709564977762e-10
2.736273407717e-10
2.762981837673e-10
2.789690267628e-10
2.816398697583e-10
2.843107127539e-10
2.869815557494e-10
2.862456567262e-10
2.853204942575e-10
2.843953317888e-10
2.834701693201e-10
2.825450068514e-10
2.816198443827e-10
2.806946819139e-10
2.797695194452e-10
2.788443569765e-10
2.779191945078e-10
2.726198701146e-10
2.624603658052e-10
2.523008614957e-10
2.421413571863e-10
2.319818528769e-10
2.219404886052e-10
2.126407590102e-10
2.040890391793e-10
1.961985706934e-10
1.888955126946e-10
1.821166240253e-10
2.013466547143e-10
2.022975202614e-10
2.032574094042e-10
2.042264512043e-10
2.052047771962e-10
2.061925214471e-10
2.071898206181e-10
2.081968140268e-10
2.092136437128e-10
2.102404545039e-10
2.112773940855e-10
2.122722415303e-10
2.132289431450e-10
2.141943074257e-10
2.151684525647e-10
2.161514989140e-10
2.171435690351e-10
2.181447877502e-10
2.191552821942e-10
2.201751818685e-10
2.212046186966e-10
2.223462667112e-10
2.253812405830e-10
2.284911499721e-10
2.316135791687e-10
2.347360083652e-10
2.378584375618e-10
2.409808667583e-10
2.441032959549e-10
2.472257251514e-10
2.503481543480e-10
2.534705835445e-10
2.470013632326e-10
2.335563978235e-10
2.203178207166e-10
2.083473286487e-10
1.976105850946e-10
1.879262015865e-10
1.791466860022e-10
1.711508781312e-10
1.638383244179e-10
1.571250356774e-10
1.522213138960e-10
1.587180497845e-10
1.657940644437e-10
1.735304498691e-10
1.820241747647e-10
1.913921700703e-10
2.017767445255e-10
2.133528644101e-10
2.263380916710e-10
2.401994673121e-10
2.540631521353e-10
2.601742851265e-10
2.617630962158e-10
2.633519073051e-10
2.649407183944e-10
2.665295294837e-10
2.681183405730e-10
2.697071516623e-10
2.712959627516e-10
2.728847738409e-10
2.744735849302e-10
2.755391363659e-10
2.738139696489e-10
2.720888029318e-10
2.703636362148e-10
2.686384694978e-10
2.669133027808e-10
2.651881360637e-10
2.634629693467e-10
2.617378026297e-10
2.600126359127e-10
2.582874691956e-10
2.563574077183e-10
2.543327794284e-10
2.523081511386e-10
2.502835228487e-10
2.482588945589e-10
2.462342662690e-10
2.442096379792e-10
2.421850096893e-10
2.401603813995e-10
2.381357531096e-10
2.361334791728e-10
2.342150340598e-10
2.322965889468e-10
2.303781438339e-10
2.284596987209e-10
2.265424407862e-10
2.246487126212e-10
2.227863823420e-10
2.209546755062e-10
2.191528429335e-10
2.173801596830e-10
2.133417387066e-10
2.086721996499e-10
2.042026924010e-10
1.999206331681e-10
1.958144719913e-10
1.918735887102e-10
1.880882012456e-10
1.844492845285e-10
1.809484986614e-10
1.775781251071e-10
1.767593487965e-10
1.830549236948e-10
1.898155154398e-10
1.970946218782e-10
2.049542743110e-10
2.134668096285e-10
2.227171032034e-10
2.326636689822e-10
2.426949601639e-10
2.527262513457e-10
2.627575425275e-10
2.631265295568e-10
2.609189021456e-10
2.587112747343e-10
2.565036473230e-10
2.542960199118e-10
2.520883925005e-10
2.498807650892e-10
2.476731376780e-10
2.454655102667e-10
2.432578828554e-10
2.410939660992e-10
2.390247557621e-10
2.369555454250e-10
2.348863350879e-10
2.328171247508e-10
2.307479144138e-10
2.286787040767e-10
2.266103899318e-10
2.245679607678e-10
2.225620193838e-10
2.205915966611e-10
2.188071205507e-10
2.170792336531e-10
2.153784226667e-10
2.137040561214e-10
2.120555220323e-10
2.104322271534e-10
2.088335962659e-10
2.072590714991e-10
2.057081116805e-10
2.041801917163e-10
2.019765025657e-10
1.986590365941e-10
1.954487883897e-10
1.923406428262e-10
1.893298050589e-10
1.864117758441e-10
1.835823291044e-10
1.808374915079e-10
1.781735238518e-10
1.755869040675e-10
1.730743116852e-10
1.781473667717e-10
1.845116663642e-10
1.913475410655e-10
1.987094208291e-10
2.066604473041e-10
2.152742894022e-10
2.246374326622e-10
2.345936305773e-10
2.445759767516e-10
2.545583229258e-10
2.619764016069e-10
2.658686124848e-10
2.697608233627e-10
2.736530342406e-10
2.775452451185e-10
2.814374559964e-10
2.853296668743e-10
2.892218777523e-10
2.931140886302e-10
2.970062995081e-10
3.008985103860e-10
3.008092903785e-10
3.004988797663e-10
3.001884691541e-10
2.998780585418e-10
2.995676479296e-10
2.992572373174e-10
2.989468267052e-10
2.986364160930e-10
2.983260054807e-10
2.980155948685e-10
2.921371017408e-10
2.800718502625e-10
2.680065987842e-10
2.559413473059e-10
2.438760958276e-10
2.318108443493e-10
2.199739254259e-10
2.092044806048e-10
1.994403165996e-10
1.905469521456e-10
1.824128689649e-10
2.086208744493e-10
2.095158009039e-10
2.104184384159e-10
2.113288870791e-10
2.122472487271e-10
2.131736269713e-10
2.141081272402e-10
2.150508568187e-10
2.160019248900e-10
2.169614425770e-10
2.179295229862e-10
2.188047427827e-10
2.195949790383e-10
2.203909440258e-10
2.211927002667e-10
2.220003111955e-10
2.228138411763e-10
2.236333555204e-10
2.244589205034e-10
2.252906033834e-10
2.261284724186e-10
2.270877111746e-10
2.301234734358e-10
2.331592356970e-10
2.361949979582e-10
2.392307602195e-10
2.422665224807e-10
2.453022847419e-10
2.483380470031e-10
2.513738092643e-10
2.544095715255e-10
2.574453337868e-10
2.506673839129e-10
2.367521888500e-10
2.229141391652e-10
2.102636899685e-10
1.989719667670e-10
1.888312243612e-10
1.796740152560e-10
1.713638705691e-10
1.637884527308e-10
1.568544474736e-10
1.518203268531e-10
1.587090086141e-10
1.662525361320e-10
1.745489446250e-10
1.837168659225e-10
1.939012373449e-10
2.052810208608e-10
2.180798098706e-10
2.324496753697e-10
2.471894169899e-10
2.619291586101e-10
2.676050710809e-10
2.679937498811e-10
2.683824286814e-10
2.687711074817e-10
2.691597862819e-10
2.695484650822e-10
2.699371438825e-10
2.703258226827e-10
2.707145014830e-10
2.711031802833e-10
2.712097885840e-10
2.698120208868e-10
2.684142531896e-10
2.670164854924e-10
2.656187177953e-10
2.642209500981e-10
2.628231824009e-10
2.614254147037e-10
2.600276470066e-10
2.586298793094e-10
2.572321116122e-10
2.557035789236e-10
2.541146931621e-10
2.525258074005e-10
2.509369216390e-10
2.493480358775e-10
2.477591501159e-10
2.461702643544e-10
2.445813785928e-10
2.429924928313e-10
2.414036070697e-10
2.397367138346e-10
2.377772925736e-10
2.358178713126e-10
2.338584500515e-10
2.318990287905e-10
2.299396075295e-10
2.279801862685e-10
2.260255092778e-10
2.241004559573e-10
2.222079169702e-10
2.203470754595e-10
2.160746964077e-10
2.111380293588e-10
2.064219001245e-10
2.019118533220e-10
1.975946698809e-10
1.934582376391e-10
1.894914378587e-10
1.856840454230e-10
1.820266408288e-10
1.785105323783e-10
1.774969723746e-10
1.834031120990e-10
1.897158293299e-10
1.964786037068e-10
2.037413436872e-10
2.115616203454e-10
2.200061966559e-10
2.291338416923e-10
2.384877114019e-10
2.478415811114e-10
2.571954508210e-10
2.578808148791e-10
2.562545774301e-10
2.546283399811e-10
2.530021025321e-10
2.513758650831e-10
2.497496276341e-10
2.481233901852e-10
2.464971527362e-10
2.448709152872e-10
2.432446778382e-10
2.416302632234e-10
2.400414647492e-10
2.384526662750e-10
2.368638678008e-10
2.352750693266e-10
2.336862708524e-10
2.320974723783e-10
2.305086739041e-10
2.289198754299e-10
2.273310769557e-10
2.257498935805e-10
2.236038278414e-10
2.213906235625e-10
2.192208019562e-10
2.170930998385e-10
2.150063025945e-10
2.129592418664e-10
2.109507933722e-10
2.089798748469e-10
2.070454440972e-10
2.051464971647e-10
2.028667830371e-10
1.999446483774e-10
1.971055004116e-10
1.943458534840e-10
1.916624144523e-10
1.890520695777e-10
1.865118724726e-10
1.840390330061e-10
1.816309070814e-10
1.792849872048e-10
1.769988937766e-10
1.819269585060e-10
1.880692674912e-10
1.946408285159e-10
2.016882678881e-10
2.092652184752e-10
2.174336871768e-10
2.262657556730e-10
2.355185058176e-10
2.447740512544e-10
2.540295966912e-10
2.612743804945e-10
2.657543670519e-10
2.702343536093e-10
2.747143401668e-10
2.791943267242e-10
2.836743132816e-10
2.881542998390e-10
2.926342863964e-10
2.971142729538e-10
3.015942595112e-10
3.060742460686e-10
3.063881065993e-10
3.064705156841e-10
3.065529247689e-10
3.066353338537e-10
3.067177429385e-10
3.068001520233e-10
3.068825611081e-10
3.069649701929e-10
3.070473792777e-10
3.071297883625e-10
3.009310817232e-10
2.877533576128e-10
2.745756335023e-10
2.613979093918e-10
2.482201852814e-10
2.350424611709e-10
2.219809942041e-10
2.100625495064e-10
1.993587235755e-10
1.896928445632e-10
1.809209198120e-10
2.142545057372e-10
2.146379170092e-10
2.150227029803e-10
2.154088710572e-10
2.157964286998e-10
2.161853834218e-10
2.165757427912e-10
2.169675144307e-10
2.173607060185e-10
2.177553252882e-10
2.181513800298e-10
2.188508328853e-10
2.198290158294e-10
2.208159822704e-10
2.218118510477e-10
2.228167431541e-10
2.238307817852e-10
2.248540923893e-10
2.258868027194e-10
2.269290428864e-10
2.279772335946e-10
2.290933105581e-10
2.314299580846e-10
2.337666056111e-10
2.361032531377e-10
2.384399006642e-10
2.407765481907e-10
2.431131957172e-10
2.454498432437e-10
2.477864907702e-10
2.501231382967e-10
2.524597858232e-10
2.461218333085e-10
2.334750807637e-10
2.209948423626e-10
2.096308457407e-10
1.993784093227e-10
1.900820478866e-10
1.816139833801e-10
1.738682364348e-10
1.667561679981e-10
1.602030721797e-10
1.554183398582e-10
1.619478883478e-10
1.690501462144e-10
1.768039183233e-10
1.853031626383e-10
1.946608163153e-10
2.050138427399e-10
2.165299795920e-10
2.293927045956e-10
2.427676139000e-10
2.561425232044e-10
2.608917349387e-10
2.606092897569e-10
2.603268445752e-10
2.600443993935e-10
2.597619542117e-10
2.594795090300e-10
2.591970638483e-10
2.589146186665e-10
2.586321734848e-10
2.583497283031e-10
2.580848577551e-10
2.579137185871e-10
2.577425794192e-10
2.575714402512e-10
2.574003010833e-10
2.572291619153e-10
2.570580227473e-10
2.568868835794e-10
2.567157444114e-10
2.565446052434e-10
2.563734660755e-10
2.558938114354e-10
2.552717650390e-10
2.546497186426e-10
2.540276722461e-10
2.534056258497e-10
2.527835794533e-10
2.521615330569e-10
2.515394866604e-10
2.509174402640e-10
2.502953938676e-10
2.492363467635e-10
2.465385470054e-10
2.438407472473e-10
2.411429474893e-10
2.384451477312e-10
2.357473479732e-10
2.330495482151e-10
2.303517484570e-10
2.276539486990e-10
2.249754824033e-10
2.223578293785e-10
2.182647003770e-10
2.137957043752e-10
2.095060429383e-10
2.053851337253e-10
2.014232109377e-10
1.976112480534e-10
1.939408891715e-10
1.904043878689e-10
1.869945526259e-10
1.837046980138e-10
1.826317868102e-10
1.876572511152e-10
1.929671117313e-10
1.985862130740e-10
2.045423801783e-10
2.108668795060e-10
2.175949679709e-10
2.247665505328e-10
2.323030915578e-10
2.398630554937e-10
2.474230194297e-10
2.490226146863e-10
2.490327782951e-10
2.490429419039e-10
2.490531055128e-10
2.490632691216e-10
2.490734327304e-10
2.490835963392e-10
2.490937599480e-10
2.491039235568e-10
2.491140871656e-10
2.484536431143e-10
2.463402157993e-10
2.442267884844e-10
2.421133611694e-10
2.399999338544e-10
2.378865065395e-10
2.357730792245e-10
2.336596519095e-10
2.315462245945e-10
2.294327972796e-10
2.273193699646e-10
2.257271084344e-10
2.242505452127e-10
2.227931739251e-10
2.213546228109e-10
2.199345296497e-10
2.185325414567e-10
2.171483141910e-10
2.157815124734e-10
2.144318093161e-10
2.130988858614e-10
2.114250702857e-10
2.091769780416e-10
2.069761909310e-10
2.048212313832e-10
2.027106827292e-10
2.006431860958e-10
1.986174374878e-10
1.966321850460e-10
1.946862264666e-10
1.927784065739e-10
1.909076150328e-10
1.950890748634e-10
2.002241393212e-10
2.056368382120e-10
2.113503131683e-10
2.173903512190e-10
2.237857739150e-10
2.305155289898e-10
2.372932199761e-10
2.440709109624e-10
2.508486019487e-10
2.564489932249e-10
2.604305973997e-10
2.644122015745e-10
2.683938057493e-10
2.723754099241e-10
2.763570140990e-10
2.803386182738e-10
2.843202224486e-10
2.883018266234e-10
2.922834307982e-10
2.962650349730e-10
2.965643786519e-10
2.966591523032e-10
2.967539259545e-10
2.968486996058e-10
2.969434732571e-10
2.970382469084e-10
2.971330205597e-10
2.972277942111e-10
2.973225678624e-10
2.974173415137e-10
2.913423446022e-10
2.784120470652e-10
2.654817495283e-10
2.525514519914e-10
2.396211544545e-10
2.266914594571e-10
2.144965457879e-10
2.035467087419e-10
1.936605297580e-10
1.846902033959e-10
1.765140971894e-10
2.202008443756e-10
2.200167540932e-10
2.198329713566e-10
2.196494953958e-10
2.194663254433e-10
2.192834607342e-10
2.191009005061e-10
2.189186439991e-10
2.187366904559e-10
2.185550391218e-10
2.183736892445e-10
2.188969424093e-10
2.200635520096e-10
2.212426631106e-10
2.224344777458e-10
2.236392023255e-10
2.248570477563e-10
2.260882295636e-10
2.273326427511e-10
2.285812417480e-10
2.298298407450e-10
2.310989099416e-10
2.327364427335e-10
2.343739755253e-10
2.360115083171e-10
2.376490411089e-10
2.392865739007e-10
2.409241066925e-10
2.425616394843e-10
2.441991722761e-10
2.458367050679e-10
2.474742378597e-10
2.415762827040e-10
2.301979726773e-10
2.191083138198e-10
2.090017995062e-10
1.997865157679e-10
1.913495528935e-10
1.835963010301e-10
1.764468871139e-10
1.698334130940e-10
1.636977928087e-10
1.591910323330e-10
1.653217180169e-10
1.719435211950e-10
1.791179179568e-10
1.869170915882e-10
1.954263697628e-10
2.047473591923e-10
2.150020222618e-10
2.263380433130e-10
2.383458108101e-10
2.503558877988e-10
2.541783987965e-10
2.532248296327e-10
2.522712604690e-10
2.513176913053e-10
2.503641221415e-10
2.494105529778e-10
2.484569838141e-10
2.475034146503e-10
2.465498454866e-10
2.455962763229e-10
2.449599269262e-10
2.460154162875e-10
2.470709056487e-10
2.481263950100e-10
2.491818843712e-10
2.502373737325e-10
2.512928630938e-10
2.523483524550e-10
2.534038418163e-10
2.544593311775e-10
2.555148205388e-10
2.560840439472e-10
2.564288369159e-10
2.567736298846e-10
2.571184228533e-10
2.574632158220e-10
2.578080087907e-10
2.581528017594e-10
2.584975947281e-10
2.588423876968e-10
2.591871806655e-10
2.587359796923e-10
2.552998014372e-10
2.518636231821e-10
2.484274449270e-10
2.449912666719e-10
2.415550884168e-10
2.381189101617e-10
2.346827319067e-10
2.312465536516e-10
2.278103753965e-10
2.244056191080e-10
2.204995520382e-10
2.165211386442e-10
2.126837437516e-10
2.089800001347e-10
2.054030449652e-10
2.019464773715e-10
1.986043202124e-10
1.953709855852e-10
1.922412436480e-10
1.892101943928e-10
1.880725421740e-10
1.921134309074e-10
1.963317758712e-10
2.007395290268e-10
2.053497402969e-10
2.101766866089e-10
2.152360195762e-10
2.205449350348e-10
2.261223683056e-10
2.318845298760e-10
2.376505880383e-10
2.401644144935e-10
2.418109791602e-10
2.434575438268e-10
2.451041084934e-10
2.467506731600e-10
2.483972378266e-10
2.500438024932e-10
2.516903671599e-10
2.533369318265e-10
2.549834964931e-10
2.552770230053e-10
2.526389668495e-10
2.500009106938e-10
2.473628545380e-10
2.447247983822e-10
2.420867422265e-10
2.394486860707e-10
2.368106299149e-10
2.341725737592e-10
2.315345176034e-10
2.288964614476e-10
2.278880764228e-10
2.271852547349e-10
2.264839037367e-10
2.257868025845e-10
2.250939795190e-10
2.244053952790e-10
2.237210110821e-10
2.230407886178e-10
2.223646900399e-10
2.216926779598e-10
2.207372543757e-10
2.193031766662e-10
2.178876124062e-10
2.164902053917e-10
2.151106084982e-10
2.137484833935e-10
2.124035002611e-10
2.110753375338e-10
2.097636816377e-10
2.084682267448e-10
2.071886745360e-10
2.103042409533e-10
2.140587021016e-10
2.179496531413e-10
2.219846748096e-10
2.261719198180e-10
2.304682610630e-10
2.347680975988e-10
2.390679341347e-10
2.433677706705e-10
2.476676072063e-10
2.516236059553e-10
2.551068277475e-10
2.585900495397e-10
2.620732713319e-10
2.655564931241e-10
2.690397149163e-10
2.725229367085e-10
2.760061585008e-10
2.794893802930e-10
2.829726020852e-10
2.864558238774e-10
2.867406507044e-10
2.868477889222e-10
2.869549271400e-10
2.870620653579e-10
2.871692035757e-10
2.872763417935e-10
2.873834800114e-10
2.874906182292e-10
2.875977564470e-10
2.877048946649e-10
2.817536074811e-10
2.690707365177e-10
2.563878655543e-10
2.437049945909e-10
2.310221236276e-10
2.186618783339e-10
2.075003361884e-10
1.974229309234e-10
1.882790227725e-10
1.799446449087e-10
1.723168501583e-10
2.264866698780e-10
2.256721085774e-10
2.248633854336e-10
2.240604379055e-10
2.232632043422e-10
2.224716239669e-10
2.216856368620e-10
2.209051839534e-10
2.201302069962e-10
2.193606485598e-10
2.185964520140e-10
2.189430713670e-10
2.202985891788e-10
2.216709960867e-10
2.230606097142e-10
2.244677556997e-10
2.258927679508e-10
2.273356563771e-10
2.287845868832e-10
2.302335173893e-10
2.316824478953e-10
2.331045093252e-10
2.340429273823e-10
2.349813454394e-10
2.359197634965e-10
2.368581815536e-10
2.377965996107e-10
2.387350176678e-10
2.396734357249e-10
2.406118537820e-10
2.415502718391e-10
2.424886898962e-10
2.370307320995e-10
2.269209510757e-10
2.172537214584e-10
2.083765171771e-10
2.001962963410e-10
1.926340753284e-10
1.856223702452e-10
1.791031775315e-10
1.730263656642e-10
1.673483835257e-10
1.631514414848e-10
1.688391112264e-10
1.749376638870e-10
1.814932918443e-10
1.885593811188e-10
1.961979684543e-10
2.044815675130e-10
2.134954780810e-10
2.233407342026e-10
2.339240077203e-10
2.445692523932e-10
2.474650626543e-10
2.458403695086e-10
2.442156763628e-10
2.425909832171e-10
2.409662900713e-10
2.393415969256e-10
2.377169037799e-10
2.360922106341e-10
2.344675174884e-10
2.328428243427e-10
2.318349960974e-10
2.341171139878e-10
2.363992318783e-10
2.386813497688e-10
2.409634676592e-10
2.432455855497e-10
2.455277034402e-10
2.478098213306e-10
2.500919392211e-10
2.523740571116e-10
2.546561750020e-10
2.562742764590e-10
2.575859087928e-10
2.588975411266e-10
2.602091734604e-10
2.615208057942e-10
2.628324381281e-10
2.641440704619e-10
2.654557027957e-10
2.667673351295e-10
2.680789674633e-10
2.682356126211e-10
2.640610558690e-10
2.598864991169e-10
2.557119423648e-10
2.515373856126e-10
2.473628288605e-10
2.431882721084e-10
2.390137153563e-10
2.348391586041e-10
2.306646018520e-10
2.264914773957e-10
2.227806432536e-10
2.193169569797e-10
2.159593252763e-10
2.127029506650e-10
2.095433207267e-10
2.064761872399e-10
2.034975471233e-10
2.006036250059e-10
1.977908572622e-10
1.950558773731e-10
1.938474207571e-10
1.967863947849e-10
1.998158579292e-10
2.029400546849e-10
2.061634992208e-10
2.094909971418e-10
2.129276693942e-10
2.164789785626e-10
2.201507578433e-10
2.239492430167e-10
2.278781566470e-10
2.313062143008e-10
2.345891800252e-10
2.378721457496e-10
2.411551114740e-10
2.444380771984e-10
2.477210429229e-10
2.510040086473e-10
2.542869743717e-10
2.575699400961e-10
2.608529058206e-10
2.621004028962e-10
2.589377178997e-10
2.557750329031e-10
2.526123479066e-10
2.494496629100e-10
2.462869779135e-10
2.431242929169e-10
2.399616079204e-10
2.367989229238e-10
2.336362379272e-10
2.304735529307e-10
2.300569272761e-10
2.301551877481e-10
2.302534482202e-10
2.303517086922e-10
2.304499691642e-10
2.305482296362e-10
2.306464901083e-10
2.307447505803e-10
2.308430110523e-10
2.309412715243e-10
2.308434651367e-10
2.304095441324e-10
2.299756231281e-10
2.295417021238e-10
2.291077811195e-10
2.286738601152e-10
2.282399391109e-10
2.278060181066e-10
2.273720971023e-10
2.269382425455e-10
2.265056170724e-10
2.280887736959e-10
2.299107557812e-10
2.317327378665e-10
2.335547199519e-10
2.353767020372e-10
2.371986841225e-10
2.390206662078e-10
2.408426482932e-10
2.426646303785e-10
2.444866124638e-10
2.467982186857e-10
2.497830580953e-10
2.527678975049e-10
2.557527369145e-10
2.587375763241e-10
2.617224157337e-10
2.647072551433e-10
2.676920945529e-10
2.706769339625e-10
2.736617733721e-10
2.766466127817e-10
2.769169227569e-10
2.770364255413e-10
2.771559283256e-10
2.772754311099e-10
2.773949338943e-10
2.775144366786e-10
2.776339394630e-10
2.777534422473e-10
2.778729450317e-10
2.779924478160e-10
2.721648703600e-10
2.597294259702e-10
2.472939815803e-10
2.348585371905e-10
2.225159312043e-10
2.111816657109e-10
2.009460999499e-10
1.916568634854e-10
1.831885157980e-10
1.754368485540e-10
1.683145757530e-10
2.329833065897e-10
2.315359035541e-10
2.300885005185e-10
2.286410974829e-10
2.271936944472e-10
2.257538603693e-10
2.243320855806e-10
2.229281070978e-10
2.215415928655e-10
2.201722190380e-10
2.188196697276e-10
2.189892197706e-10
2.205341289441e-10
2.221009908130e-10
2.236902766373e-10
2.253024712631e-10
2.269380736154e-10
2.285872690001e-10
2.302365310153e-10
2.318857930305e-10
2.335350550457e-10
2.351101087087e-10
2.353494120311e-10
2.355887153535e-10
2.358280186759e-10
2.360673219983e-10
2.363066253207e-10
2.365459286431e-10
2.367852319655e-10
2.370245352879e-10
2.372638386103e-10
2.375031419327e-10
2.324851814950e-10
2.236944243228e-10
2.154302611352e-10
2.077549650720e-10
2.006077613646e-10
1.939359602195e-10
1.876936556440e-10
1.818406677253e-10
1.763416768271e-10
1.711655102697e-10
1.673139349977e-10
1.725094305706e-10
1.780379317454e-10
1.839325145481e-10
1.902307854007e-10
1.969756842786e-10
2.042164650112e-10
2.120099000488e-10
2.204217720353e-10
2.295022046304e-10
2.387826169875e-10
2.407517265121e-10
2.384559093844e-10
2.361600922566e-10
2.338642751289e-10
2.315684580011e-10
2.292726408734e-10
2.269768549705e-10
2.247056951531e-10
2.224795360912e-10
2.202970534376e-10
2.190063067180e-10
2.223199192987e-10
2.257353436573e-10
2.292363045276e-10
2.327450509472e-10
2.362537973669e-10
2.397625437866e-10
2.432712902063e-10
2.467800366259e-10
2.502887830456e-10
2.537975294653e-10
2.564645089708e-10
2.587429806697e-10
2.610214523686e-10
2.632999240676e-10
2.655783957665e-10
2.678568674654e-10
2.701353391644e-10
2.724138108633e-10
2.746922825622e-10
2.769707542612e-10
2.777352455500e-10
2.728223103008e-10
2.679093750517e-10
2.629964398025e-10
2.580835045533e-10
2.531705693042e-10
2.482576340550e-10
2.433446988059e-10
2.384317635567e-10
2.335188283076e-10
2.286058930584e-10
2.251094240834e-10
2.221859215399e-10
2.193373806895e-10
2.165609548822e-10
2.138539398007e-10
2.112137646744e-10
2.086379841365e-10
2.061242706690e-10
2.036704075883e-10
2.012742825257e-10
1.999881759180e-10
2.016923562829e-10
2.034258302951e-10
2.051893598079e-10
2.069837333241e-10
2.088097671714e-10
2.106683067412e-10
2.125602277928e-10
2.144864378303e-10
2.164478775534e-10
2.184455223895e-10
2.225398673658e-10
2.273673808902e-10
2.322867476724e-10
2.372061144547e-10
2.421254812369e-10
2.470448480191e-10
2.519642148013e-10
2.568835815836e-10
2.618029483658e-10
2.667223151480e-10
2.689237827872e-10
2.652364689499e-10
2.615491551125e-10
2.578618412752e-10
2.541745274378e-10
2.504872136005e-10
2.467998997631e-10
2.431125859258e-10
2.394252720884e-10
2.357379582511e-10
2.320506444137e-10
2.322257781294e-10
2.331251207613e-10
2.340244633932e-10
2.349238060251e-10
2.358231486570e-10
2.367224912889e-10
2.376218339208e-10
2.385211765527e-10
2.394205191846e-10
2.403198618165e-10
2.411308427717e-10
2.417903465670e-10
2.424498503623e-10
2.431093541575e-10
2.437688579528e-10
2.444283617481e-10
2.450878655434e-10
2.457473693386e-10
2.464068731339e-10
2.470663769292e-10
2.477258807245e-10
2.472084690078e-10
2.465525966426e-10
2.458967242775e-10
2.452408519123e-10
2.445849795472e-10
2.439291071820e-10
2.432732348168e-10
2.426173624517e-10
2.419614900865e-10
2.413056177214e-10
2.419728314161e-10
2.444592884431e-10
2.469457454701e-10
2.494322024971e-10
2.519186595241e-10
2.544051165511e-10
2.568915735781e-10
2.593780306051e-10
2.618644876321e-10
2.643509446591e-10
2.668374016861e-10
2.670931948094e-10
2.672250621603e-10
2.673569295112e-10
2.674887968620e-10
2.676206642129e-10
2.677525315637e-10
2.678843989146e-10
2.680162662655e-10
2.681481336163e-10
2.682800009672e-10
2.625761332389e-10
2.503881154226e-10
2.382000976063e-10
2.260169034269e-10
2.145532299289e-10
2.041963063958e-10
1.947932381103e-10
1.862180532708e-10
1.783660268642e-10
1.711493824681e-10
1.644939969005e-10
2.394813999094e-10
2.374082469222e-10
2.353350939350e-10
2.332619409477e-10
2.311887879605e-10
2.291156349733e-10
2.270424835029e-10
2.249884221993e-10
2.229711939946e-10
2.209898169647e-10
2.190433437806e-10
2.190353876324e-10
2.207701729193e-10
2.225326569788e-10
2.243235085360e-10
2.261434180173e-10
2.279892880988e-10
2.298388816231e-10
2.316884751474e-10
2.335380686718e-10
2.353876621961e-10
2.371157080922e-10
2.366558966799e-10
2.361960852676e-10
2.357362738553e-10
2.352764624430e-10
2.348166510307e-10
2.343568396184e-10
2.338970282061e-10
2.334372167938e-10
2.329774053815e-10
2.325175939692e-10
2.279396308906e-10
2.205583654297e-10
2.136371554800e-10
2.071371099103e-10
2.010209212463e-10
1.952555619858e-10
1.898116879547e-10
1.846631387640e-10
1.797865174204e-10
1.751608348319e-10
1.716943851984e-10
1.763428708523e-10
1.812500688594e-10
1.864381954723e-10
1.919320855842e-10
1.977595902688e-10
2.039520490098e-10
2.105448535194e-10
2.175781245641e-10
2.250975291349e-10
2.329959815819e-10
2.340383903699e-10
2.310714492602e-10
2.281045081504e-10
2.251537242573e-10
2.222737344036e-10
2.194664911751e-10
2.167292726517e-10
2.140594910335e-10
2.114546844800e-10
2.089125095393e-10
2.074408527564e-10
2.114699909047e-10
2.156587457619e-10
2.200167939675e-10
2.245546104784e-10
2.292620091841e-10
2.339973841330e-10
2.387327590819e-10
2.434681340308e-10
2.482035089797e-10
2.529388839286e-10
2.566547414826e-10
2.599000525466e-10
2.631453636107e-10
2.663906746747e-10
2.696359857388e-10
2.728812968028e-10
2.761266078669e-10
2.793719189309e-10
2.826172299950e-10
2.858625410590e-10
2.872348784788e-10
2.815835647326e-10
2.759322509864e-10
2.702809372402e-10
2.646296234941e-10
2.589783097479e-10
2.533269960017e-10
2.476756822555e-10
2.420243685093e-10
2.363730547631e-10
2.307217410169e-10
2.274866067521e-10
2.251309409303e-10
2.228227951224e-10
2.205614973488e-10
2.183456356392e-10
2.161738542000e-10
2.140448506482e-10
2.119573734069e-10
2.099102192517e-10
2.079022309980e-10
2.065307162135e-10
2.068491871146e-10
2.071686416985e-10
2.074890845297e-10
2.078105202012e-10
2.081329533343e-10
2.084563885791e-10
2.087808306148e-10
2.091062841496e-10
2.094327539210e-10
2.097602446965e-10
2.143442821735e-10
2.203499765456e-10
2.267019184878e-10
2.332571174353e-10
2.398128852753e-10
2.463686531153e-10
2.529244209554e-10
2.594801887954e-10
2.660359566354e-10
2.725917244755e-10
2.757471626782e-10
2.715352200000e-10
2.673232773219e-10
2.631113346438e-10
2.588993919656e-10
2.546874492875e-10
2.504755066093e-10
2.462635639312e-10
2.420516212531e-10
2.378396785749e-10
2.336277358968e-10
2.343946289828e-10
2.360950537745e-10
2.377954785663e-10
2.394959033580e-10
2.411963281498e-10
2.428967529416e-10
2.445971777333e-10
2.462976025251e-10
2.479980273168e-10
2.496984521086e-10
2.514182204067e-10
2.531711490016e-10
2.549240775964e-10
2.566770061913e-10
2.584299347861e-10
2.601828633810e-10
2.619357919758e-10
2.636887205707e-10
2.654416491655e-10
2.671945777604e-10
2.689475063552e-10
2.663281643197e-10
2.631944375040e-10
2.600607106884e-10
2.569269838728e-10
2.537932570571e-10
2.506595302415e-10
2.475258034258e-10
2.443920766102e-10
2.412583497946e-10
2.381246229789e-10
2.371474441465e-10
2.391355187909e-10
2.411235934353e-10
2.431116680797e-10
2.450997427241e-10
2.470878173685e-10
2.490758920129e-10
2.510639666573e-10
2.530520413017e-10
2.550401159461e-10
2.570281905905e-10
2.572694668619e-10
2.574136987793e-10
2.575579306967e-10
2.577021626141e-10
2.578463945315e-10
2.579906264489e-10
2.581348583662e-10
2.582790902836e-10
2.584233222010e-10
2.585675541184e-10
2.529873961178e-10
2.410468048751e-10
2.291062136323e-10
2.175788599577e-10
2.071407281312e-10
1.976582671535e-10
1.890059764503e-10
1.810794085137e-10
1.737909319546e-10
1.670664781909e-10
1.608430152789e-10
2.459794932291e-10
2.432805902903e-10
2.405816873515e-10
2.378827844126e-10
2.351838814738e-10
2.324849785350e-10
2.297860755961e-10
2.270871726573e-10
2.244193653013e-10
2.218135097378e-10
2.192674755738e-10
2.190815749648e-10
2.210067227250e-10
2.229660043486e-10
2.249603357719e-10
2.269906659979e-10
2.290405692126e-10
2.310904942461e-10
2.331404192796e-10
2.351903443130e-10
2.372402693465e-10
2.391213074757e-10
2.379623813287e-10
2.368034551817e-10
2.356445290347e-10
2.344856028877e-10
2.333266767407e-10
2.321677505937e-10
2.310088244467e-10
2.298498982997e-10
2.286909721527e-10
2.275320460057e-10
2.234523593047e-10
2.175090220895e-10
2.118736527900e-10
2.065229188062e-10
2.014357864795e-10
1.965932447587e-10
1.919780677885e-10
1.875746101716e-10
1.833686297760e-10
1.793471338587e-10
1.763103713171e-10
1.803505536492e-10
1.845802414711e-10
1.890130881748e-10
1.936640910158e-10
1.985497606256e-10
2.036883168456e-10
2.090999157791e-10
2.148069140244e-10
2.208341773936e-10
2.272093461762e-10
2.273250542277e-10
2.237363923168e-10
2.202589856583e-10
2.168880193404e-10
2.136186799630e-10
2.104464400424e-10
2.073670370922e-10
2.043764545152e-10
2.014709041245e-10
1.986468101350e-10
1.970356425726e-10
2.016298066720e-10
2.064433241451e-10
2.114922891064e-10
2.167944095909e-10
2.223692150614e-10
2.282322244794e-10
2.341942279575e-10
2.401562314356e-10
2.461182349137e-10
2.520802383918e-10
2.568449739944e-10
2.610571244235e-10
2.652692748527e-10
2.694814252819e-10
2.736935757110e-10
2.779057261402e-10
2.821178765694e-10
2.863300269985e-10
2.905421774277e-10
2.947543278569e-10
2.967345114077e-10
2.903448191644e-10
2.839551269212e-10
2.775654346780e-10
2.711757424348e-10
2.647860501915e-10
2.583963579483e-10
2.520066657051e-10
2.456169734619e-10
2.392272812186e-10
2.328375889754e-10
2.298807092320e-10
2.281498339528e-10
2.264207692320e-10
2.247126260874e-10
2.230300628043e-10
2.213725090562e-10
2.197394113459e-10
2.181302323897e-10
2.165444505277e-10
2.149815591603e-10
2.135158080649e-10
2.122766347130e-10
2.110517618499e-10
2.098409433469e-10
2.086439386912e-10
2.074605128271e-10
2.062904360013e-10
2.051334836151e-10
2.039894360800e-10
2.028580786789e-10
2.017392014320e-10
2.067309015440e-10
2.137524040380e-10
2.212676389002e-10
2.293081204159e-10
2.375002893138e-10
2.456924582116e-10
2.538846271094e-10
2.620767960072e-10
2.702689649051e-10
2.784611338029e-10
2.825705425691e-10
2.778339710502e-10
2.730973995313e-10
2.683608280123e-10
2.636242564934e-10
2.588876849745e-10
2.541511134556e-10
2.494145419366e-10
2.446779704177e-10
2.399413988988e-10
2.352048273798e-10
2.365634798361e-10
2.390649867877e-10
2.415664937394e-10
2.440680006910e-10
2.465695076426e-10
2.490710145942e-10
2.515725215458e-10
2.540740284975e-10
2.565755354491e-10
2.590770424007e-10
2.617055980418e-10
2.645519514362e-10
2.673983048306e-10
2.702446582250e-10
2.730910116195e-10
2.759373650139e-10
2.787837184083e-10
2.816300718027e-10
2.844764251972e-10
2.873227785916e-10
2.901691319860e-10
2.854478596315e-10
2.798362783654e-10
2.742246970993e-10
2.686131158332e-10
2.630015345671e-10
2.573899533010e-10
2.517783720348e-10
2.461667907687e-10
2.405552095026e-10
2.349436282365e-10
2.323220568769e-10
2.338117491387e-10
2.353014414005e-10
2.367911336623e-10
2.382808259241e-10
2.397705181859e-10
2.412602104477e-10
2.427499027095e-10
2.442395949713e-10
2.457292872331e-10
2.472189794949e-10
2.474457389145e-10
2.476023353984e-10
2.477589318823e-10
2.479155283662e-10
2.480721248501e-10
2.482287213340e-10
2.483853178179e-10
2.485419143018e-10
2.486985107857e-10
2.488551072696e-10
2.433986589967e-10
2.317054943275e-10
2.202245563266e-10
2.097481875722e-10
2.002233044023e-10
1.915259136289e-10
1.835526694625e-10
1.762167475108e-10
1.694446701605e-10
1.631738368800e-10
1.573505833435e-10
2.524775865488e-10
2.491529336584e-10
2.458282807680e-10
2.425036278775e-10
2.391789749871e-10
2.358543220966e-10
2.325296692062e-10
2.292050163158e-10
2.258864709842e-10
2.226433657641e-10
2.194920665136e-10
2.191277817801e-10
2.212437799891e-10
2.234010427631e-10
2.256007890522e-10
2.278415937839e-10
2.300918503265e-10
2.323421068691e-10
2.345923634117e-10
2.368426199543e-10
2.390928764969e-10
2.411269068593e-10
2.392688659775e-10
2.374108250958e-10
2.355527842141e-10
2.336947433324e-10
2.318367024507e-10
2.299786615690e-10
2.281206206873e-10
2.262653777597e-10
2.244352592757e-10
2.226345086111e-10
2.191351974471e-10
2.145428466764e-10
2.101390259797e-10
2.059123592626e-10
2.018523676446e-10
1.979493827169e-10
1.941944696732e-10
1.905793590261e-10
1.870963858110e-10
1.837384353375e-10
1.811814152764e-10
1.845446350751e-10
1.880350774832e-10
1.916601004610e-10
1.954276405226e-10
1.993462707400e-10
2.034252658693e-10
2.076746756389e-10
2.121054074195e-10
2.167293197076e-10
2.215593281089e-10
2.207898419445e-10
2.167892239892e-10
2.129310048174e-10
2.092077145165e-10
2.056123966673e-10
2.021385649670e-10
1.987801641756e-10
1.955315348918e-10
1.923873817279e-10
1.893427445059e-10
1.876244223422e-10
1.926646768798e-10
1.979832048965e-10
2.036037059234e-10
2.095526493268e-10
2.158596911353e-10
2.225581684770e-10
2.296556968332e-10
2.368443288405e-10
2.440329608478e-10
2.512215928551e-10
2.570352065061e-10
2.622141963004e-10
2.673931860947e-10
2.725721758890e-10
2.777511656833e-10
2.829301554776e-10
2.881091452719e-10
2.932881350662e-10
2.984671248605e-10
3.036461146548e-10
3.062341443365e-10
2.991060735962e-10
2.919780028560e-10
2.848499321157e-10
2.777218613755e-10
2.705937906352e-10
2.634657198950e-10
2.563376491547e-10
2.492095784144e-10
2.420815076742e-10
2.349534369339e-10
2.322748117118e-10
2.311852741748e-10
2.300957366377e-10
2.290061991007e-10
2.279166615636e-10
2.268273647587e-10
2.257452557145e-10
2.246734223289e-10
2.236117189280e-10
2.225600025781e-10
2.209899260057e-10
2.179965749441e-10
2.150832312000e-10
2.122467293816e-10
2.094840689033e-10
2.067924033980e-10
2.041690309349e-10
2.016113849726e-10
1.991170259839e-10
1.966836336946e-10
1.943089998845e-10
1.996398147960e-10
2.075384264462e-10
2.160877909340e-10
2.253717850785e-10
2.351876933522e-10
2.450162633078e-10
2.548448332635e-10
2.646734032191e-10
2.745019731747e-10
2.843305431304e-10
2.893939224601e-10
2.841327221004e-10
2.788715217407e-10
2.736103213809e-10
2.683491210212e-10
2.630879206615e-10
2.578267203018e-10
2.525655199421e-10
2.473043195823e-10
2.420431192226e-10
2.367819188629e-10
2.387323306894e-10
2.420349198009e-10
2.453375089124e-10
2.486400980239e-10
2.519426871354e-10
2.552452762469e-10
2.585478653584e-10
2.618504544698e-10
2.651530435813e-10
2.684556326928e-10
2.719929756768e-10
2.759327538708e-10
2.798725320648e-10
2.838123102588e-10
2.877520884528e-10
2.916918666468e-10
2.956316448408e-10
2.995714230348e-10
3.035112012288e-10
3.074509794228e-10
3.113907576168e-10
3.045675549434e-10
2.964781192268e-10
2.883886835102e-10
2.802992477936e-10
2.722098120770e-10
2.641203763604e-10
2.560309406438e-10
2.479415049272e-10
2.398520692106e-10
2.317626334940e-10
2.274966696073e-10
2.284879794865e-10
2.294792893657e-10
2.304705992449e-10
2.314619091241e-10
2.324532190033e-10
2.334445288825e-10
2.344358387617e-10
2.354271486409e-10
2.364184585201e-10
2.374097683993e-10
2.376220109670e-10
2.377909720174e-10
2.379599330678e-10
2.381288941182e-10
2.382978551686e-10
2.384668162191e-10
2.386357772695e-10
2.388047383199e-10
2.389736993703e-10
2.391426604207e-10
2.338099218756e-10
2.224593713387e-10
2.119899074029e-10
2.024615864988e-10
1.937529624652e-10
1.857626228181e-10
1.784052214348e-10
1.716084181078e-10
1.653104919992e-10
1.594584619989e-10
1.540065926731e-10
2.589756798685e-10
2.550252770265e-10
2.510748741845e-10
2.471244713424e-10
2.431740685004e-10
2.392236656583e-10
2.352732628163e-10
2.313228599742e-10
2.273724571322e-10
2.234794544778e-10
2.197171180125e-10
2.191740080906e-10
2.214813463462e-10
2.238377821403e-10
2.262448994351e-10
2.286925433886e-10
2.311431314404e-10
2.335937194921e-10
2.360443075438e-10
2.384948955955e-10
2.409454836473e-10
2.431325062428e-10
2.405753506264e-10
2.380181950100e-10
2.354610393936e-10
2.329038837771e-10
2.303467281607e-10
2.277895725443e-10
2.252470260030e-10
2.227583692331e-10
2.203241036981e-10
2.179424655388e-10
2.149816912569e-10
2.116564824773e-10
2.084325715808e-10
2.053053991656e-10
2.022706754095e-10
1.993243604356e-10
1.964626463703e-10
1.936819409245e-10
1.909788523499e-10
1.883501756370e-10
1.863292576766e-10
1.889384289361e-10
1.916217104879e-10
1.943823053381e-10
1.972236037666e-10
2.001491972179e-10
2.031628934451e-10
2.062687330449e-10
2.094710075309e-10
2.127742791187e-10
2.161834024114e-10
2.146196080153e-10
2.102604916146e-10
2.060749253691e-10
2.020527472032e-10
1.981845732281e-10
1.944617246508e-10
1.908761627706e-10
1.874204310358e-10
1.840876032828e-10
1.808712374021e-10
1.790712540582e-10
1.844628470371e-10
1.901891858887e-10
1.962824442574e-10
2.027790553570e-10
2.097204410225e-10
2.171538958086e-10
2.251336660160e-10
2.335324262453e-10
2.419476867819e-10
2.503629473184e-10
2.572254390179e-10
2.633712681773e-10
2.695170973367e-10
2.756629264962e-10
2.818087556556e-10
2.879545848150e-10
2.941004139744e-10
3.002462431338e-10
3.063920722932e-10
3.125379014526e-10
3.157337772653e-10
3.078673280281e-10
3.000008787908e-10
2.921344295535e-10
2.842679803162e-10
2.764015310789e-10
2.685350818416e-10
2.606686326043e-10
2.528021833670e-10
2.449357341297e-10
2.370692848924e-10
2.346689141917e-10
2.342207143968e-10
2.337725146019e-10
2.333243148070e-10
2.328761150122e-10
2.324279152173e-10
2.319797154224e-10
2.315315156275e-10
2.310833158327e-10
2.306351160378e-10
2.289897644838e-10
2.240333068080e-10
2.192717165115e-10
2.147083189408e-10
2.103309922417e-10
2.061285833377e-10
2.020908130447e-10
1.982081921242e-10
1.944719468302e-10
1.908739527212e-10
1.874066756866e-10
1.930190586409e-10
2.016755344815e-10
2.111449146854e-10
2.215473468175e-10
2.328750973906e-10
2.443400684041e-10
2.558050394175e-10
2.672700104309e-10
2.787349814444e-10
2.901999524578e-10
2.962173023511e-10
2.904314731505e-10
2.846456439500e-10
2.788598147495e-10
2.730739855490e-10
2.672881563485e-10
2.615023271480e-10
2.557164979475e-10
2.499306687470e-10
2.441448395465e-10
2.383590103459e-10
2.409011815428e-10
2.450048528141e-10
2.491085240855e-10
2.532121953568e-10
2.573158666282e-10
2.614195378995e-10
2.655232091709e-10
2.696268804422e-10
2.737305517136e-10
2.778342229849e-10
2.822803533118e-10
2.873135563054e-10
2.923467592990e-10
2.973799622926e-10
3.024131652861e-10
3.074463682797e-10
3.124795712733e-10
3.175127742669e-10
3.225459772604e-10
3.275791802540e-10
3.326123832476e-10
3.236872502553e-10
3.131199600882e-10
3.025526699212e-10
2.919853797541e-10
2.814180895870e-10
2.708507994199e-10
2.602835092528e-10
2.497162190858e-10
2.391489289187e-10
2.285816387516e-10
2.227545396946e-10
2.232299590276e-10
2.237074120517e-10
2.241869118442e-10
2.246684715946e-10
2.251521046060e-10
2.256378242963e-10
2.261256441995e-10
2.266155779669e-10
2.271076298070e-10
2.276005573036e-10
2.277982830195e-10
2.279796086364e-10
2.281609342534e-10
2.283422598703e-10
2.285235854872e-10
2.287049111042e-10
2.288862367211e-10
2.290675623380e-10
2.292488879550e-10
2.294302135719e-10
2.242562641478e-10
2.138402552453e-10
2.043488825603e-10
1.956642577263e-10
1.876877159486e-10
1.803360511002e-10
1.735386022857e-10
1.672349753727e-10
1.613732436969e-10
1.559085143537e-10
1.508017762550e-10
2.654737731882e-10
2.608976203946e-10
2.563214676009e-10
2.517453148073e-10
2.471691620136e-10
2.425930092200e-10
2.380168564263e-10
2.334407036327e-10
2.288645508390e-10
2.243218463602e-10
2.199426314886e-10
2.192202539086e-10
2.217194234380e-10
2.242762324755e-10
2.268926983342e-10
2.295434929934e-10
2.321944125542e-10
2.348453321151e-10
2.374962516759e-10
2.401471712368e-10
2.427980907976e-10
2.451381056263e-10
2.418818352752e-10
2.386255649241e-10
2.353692945730e-10
2.321130242219e-10
2.288567538708e-10
2.256098184290e-10
2.224402036343e-10
2.193584154227e-10
2.163608533081e-10
2.134441109559e-10
2.109827080086e-10
2.088467510199e-10
2.067536087914e-10
2.047020067791e-10
2.026907205310e-10
2.007185732498e-10
1.987844334972e-10
1.968872130291e-10
1.950258647539e-10
1.931993808056e-10
1.917781822050e-10
1.935465479078e-10
1.953478289337e-10
1.971829529158e-10
1.990528826749e-10
2.009586179041e-10
2.029011969509e-10
2.048816987035e-10
2.069012445893e-10
2.089610006921e-10
2.110621799971e-10
2.087848673361e-10
2.041134960884e-10
1.996465855721e-10
1.953709997338e-10
1.912747042015e-10
1.873466531633e-10
1.835766899035e-10
1.799554591113e-10
1.764743293673e-10
1.731253244558e-10
1.712639068178e-10
1.769308153989e-10
1.829855794751e-10
1.894694284667e-10
1.964296500993e-10
2.039207456097e-10
2.120058597635e-10
2.207585651048e-10
2.302205236502e-10
2.398624127159e-10
2.495043017816e-10
2.574156715297e-10
2.645283400542e-10
2.716410085788e-10
2.787536771033e-10
2.858663456278e-10
2.929790141524e-10
3.000916826769e-10
3.072043512014e-10
3.143170197259e-10
3.214296882505e-10
3.252334101942e-10
3.166285824599e-10
3.080237547255e-10
2.994189269912e-10
2.908140992569e-10
2.822092715226e-10
2.736044437882e-10
2.649996160539e-10
2.563947883196e-10
2.477899605853e-10
2.391851328510e-10
2.370630166715e-10
2.372561546188e-10
2.374492925661e-10
2.376424305134e-10
2.378355684607e-10
2.380287064080e-10
2.382218443553e-10
2.384149823026e-10
2.386081202499e-10
2.388012581972e-10
2.371563908286e-10
2.303651085757e-10
2.236265730536e-10
2.172276763969e-10
2.111847914329e-10
2.054690114707e-10
2.000544768245e-10
1.949179836468e-10
1.900386515145e-10
1.853976397216e-10
1.809779041534e-10
1.868233416667e-10
1.961347914374e-10
2.064231120635e-10
2.178505400489e-10
2.305625014291e-10
2.436638735003e-10
2.567652455715e-10
2.698666176428e-10
2.829679897140e-10
2.960693617853e-10
3.030406822420e-10
2.967302242007e-10
2.904197661594e-10
2.841093081181e-10
2.777988500768e-10
2.714883920355e-10
2.651779339942e-10
2.588674759529e-10
2.525570179116e-10
2.462465598703e-10
2.399361018290e-10
2.430700323961e-10
2.479747858273e-10
2.528795392585e-10
2.577842926898e-10
2.626890461210e-10
2.675937995522e-10
2.724985529834e-10
2.774033064146e-10
2.823080598458e-10
2.872128132770e-10
2.925677309469e-10
2.986943587400e-10
3.048209865332e-10
3.109476143263e-10
3.170742421195e-10
3.232008699126e-10
3.293274977058e-10
3.354541254989e-10
3.415807532921e-10
3.477073810852e-10
3.538340088784e-10
3.428069455672e-10
3.297618009496e-10
3.167166563321e-10
3.036715117145e-10
2.906263670970e-10
2.775812224794e-10
2.645360778618e-10
2.514909332443e-10
2.384457886267e-10
2.254126976167e-10
2.182053003774e-10
2.182002628086e-10
2.181952254723e-10
2.181901883687e-10
2.181851514976e-10
2.181801148590e-10
2.181750784529e-10
2.181700422794e-10
2.181650063384e-10
2.181599706298e-10
2.181549351537e-10
2.183241849373e-10
2.185034032623e-10
2.186829160631e-10
2.188627240661e-10
2.190428280001e-10
2.192232285962e-10
2.194039265881e-10
2.195849227117e-10
2.197662177054e-10
2.199478123102e-10
2.152774439629e-10
2.058641168955e-10
1.972395247287e-10
1.893085223585e-10
1.819906762685e-10
1.752175269230e-10
1.689304405391e-10
1.630789073291e-10
1.576191815827e-10
1.525131860722e-10
1.477276227238e-10
2.719718665079e-10
2.667699637627e-10
2.615680610174e-10
2.563661582722e-10
2.511642555269e-10
2.459623527817e-10
2.407604500364e-10
2.355585472912e-10
2.303566445459e-10
2.251706129592e-10
2.201686083658e-10
2.192665192465e-10
2.219580129134e-10
2.247164038427e-10
2.275431915281e-10
2.303944425981e-10
2.332456936681e-10
2.360969447381e-10
2.389481958081e-10
2.417994468780e-10
2.446506979480e-10
2.471437050098e-10
2.431883199240e-10
2.392329348382e-10
2.352775497524e-10
2.313221646666e-10
2.273667795808e-10
2.234691287957e-10
2.197024724199e-10
2.160606881036e-10
2.125376674681e-10
2.091276941480e-10
2.071297820966e-10
2.061106403975e-10
2.051014785703e-10
2.041021507386e-10
2.031125138551e-10
2.021324276334e-10
2.011617544821e-10
2.002003594400e-10
1.992481101135e-10
1.983048766161e-10
1.975553986820e-10
1.983850658894e-10
1.992217311408e-10
2.000654833517e-10
2.009164129498e-10
2.017746119082e-10
2.026401737780e-10
2.035131937225e-10
2.043937685520e-10
2.052819967596e-10
2.061779785581e-10
2.032589815196e-10
1.983157080180e-10
1.936071673525e-10
1.891170277436e-10
1.848304381375e-10
1.807338641135e-10
1.768149451377e-10
1.730623699958e-10
1.694657677573e-10
1.660156120592e-10
1.641089046882e-10
1.699897526552e-10
1.763077465181e-10
1.831135098868e-10
1.904657968321e-10
1.984331924165e-10
2.070962586694e-10
2.165502683487e-10
2.269087233019e-10
2.377771386500e-10
2.486456562449e-10
2.576059040415e-10
2.656854119312e-10
2.737649198208e-10
2.818444277104e-10
2.899239356001e-10
2.980034434897e-10
3.060829513794e-10
3.141624592690e-10
3.222419671587e-10
3.303214750483e-10
3.347330431230e-10
3.253898368917e-10
3.160466306603e-10
3.067034244290e-10
2.973602181976e-10
2.880170119662e-10
2.786738057349e-10
2.693305995035e-10
2.599873932722e-10
2.506441870408e-10
2.413009808095e-10
2.394571191514e-10
2.402915948408e-10
2.411260705303e-10
2.419605462198e-10
2.427950219093e-10
2.436294975987e-10
2.444639732882e-10
2.452984489777e-10
2.461329246672e-10
2.469674003566e-10
2.453230171735e-10
2.367378291469e-10
2.281526411203e-10
2.198068594155e-10
2.120455505518e-10
2.048136471470e-10
1.980587688618e-10
1.917352248742e-10
1.858029790181e-10
1.802268012673e-10
1.749755675578e-10
1.810130068380e-10
1.908903555546e-10
2.019078759775e-10
2.142750805390e-10
2.282499054675e-10
2.429876785965e-10
2.577254517256e-10
2.724632248546e-10
2.872009979837e-10
3.019387711127e-10
3.098640621330e-10
3.030289752509e-10
2.961938883688e-10
2.893588014867e-10
2.825237146046e-10
2.756886277225e-10
2.688535408404e-10
2.620184539583e-10
2.551833670762e-10
2.483482801941e-10
2.415131933120e-10
2.452388832495e-10
2.509447188405e-10
2.566505544316e-10
2.623563900227e-10
2.680622256138e-10
2.737680612048e-10
2.794738967959e-10
2.851797323870e-10
2.908855679781e-10
2.965914035692e-10
3.028551085819e-10
3.100751611746e-10
3.172952137673e-10
3.245152663601e-10
3.317353189528e-10
3.389553715455e-10
3.461754241383e-10
3.533954767310e-10
3.606155293237e-10
3.678355819164e-10
3.750556345092e-10
3.619266408791e-10
3.464036418111e-10
3.308806427430e-10
3.153576436750e-10
2.998346446069e-10
2.843116455389e-10
2.687886464708e-10
2.532656474028e-10
2.377426483347e-10
2.223207222673e-10
2.138381572705e-10
2.133922250691e-10
2.129481488667e-10
2.125059171002e-10
2.120655183023e-10
2.116269411006e-10
2.111901742166e-10
2.107552064647e-10
2.103220267513e-10
2.098906240736e-10
2.094609875193e-10
2.096046400589e-10
2.097803770292e-10
2.099564089299e-10
2.101327365042e-10
2.103093604976e-10
2.104862816582e-10
2.106635007367e-10
2.108410184860e-10
2.110188356620e-10
2.111969530227e-10
2.069899366835e-10
1.984615951477e-10
1.906082089795e-10
1.833527015879e-10
1.766293017344e-10
1.703815440606e-10
1.645606794708e-10
1.591244005951e-10
1.540358117993e-10
1.492625906979e-10
1.447763008784e-10
2.646745755751e-10
2.601824600480e-10
2.556903445210e-10
2.511982289939e-10
2.467061134669e-10
2.422139979398e-10
2.377218824128e-10
2.332297668857e-10
2.287376513587e-10
2.242800198622e-10
2.199812721047e-10
2.194310730686e-10
2.221985385075e-10
2.250367021595e-10
2.279448545790e-10
2.308712171305e-10
2.337975796821e-10
2.367239422337e-10
2.396503047853e-10
2.425766673369e-10
2.455030298885e-10
2.480736594076e-10
2.442410943435e-10
2.404085292794e-10
2.365759642152e-10
2.327433991511e-10
2.289108340870e-10
2.250954333592e-10
2.213909232642e-10
2.178063729456e-10
2.143360484206e-10
2.109745754144e-10
2.087401260742e-10
2.072873455408e-10
2.058546472385e-10
2.044416176216e-10
2.030478544211e-10
2.016729662640e-10
2.003165723059e-10
1.989783018799e-10
1.976577941588e-10
1.963546978307e-10
1.953688306491e-10
1.969559880669e-10
1.985691445239e-10
2.002089441266e-10
2.018760524348e-10
2.035711573624e-10
2.052949701241e-10
2.070482262301e-10
2.088316865327e-10
2.106461383272e-10
2.124923965102e-10
2.094798954012e-10
2.038759232294e-10
1.985639720674e-10
1.935217958646e-10
1.887293522075e-10
1.841685360550e-10
1.798229511700e-10
1.756777131652e-10
1.717192791746e-10
1.679353000463e-10
1.657363513944e-10
1.714023682779e-10
1.774695056741e-10
1.839819221071e-10
1.909905047768e-10
1.985542019196e-10
2.067416848134e-10
2.156334386687e-10
2.253244173329e-10
2.355942384628e-10
2.458774441255e-10
2.541696447390e-10
2.615429199452e-10
2.689161951514e-10
2.762894703575e-10
2.836627455637e-10
2.910360207699e-10
2.984092959760e-10
3.057825711822e-10
3.131558463884e-10
3.205291215945e-10
3.247055355771e-10
3.168937199713e-10
3.090819043655e-10
3.012700887597e-10
2.934582731539e-10
2.856464575481e-10
2.778346419424e-10
2.700228263366e-10
2.622110107308e-10
2.543991951250e-10
2.465873795192e-10
2.441901143028e-10
2.437266170827e-10
2.432631198625e-10
2.427996226424e-10
2.423361254223e-10
2.418726282021e-10
2.414091309820e-10
2.409456337619e-10
2.404821365417e-10
2.400186393216e-10
2.378961607502e-10
2.311285343953e-10
2.243926397657e-10
2.179722565413e-10
2.119090569820e-10
2.061740410909e-10
2.007412655212e-10
1.955874511954e-10
1.906916498548e-10
1.860349594671e-10
1.816002803372e-10
1.868275917501e-10
1.952222211666e-10
2.044067248543e-10
2.144980888189e-10
2.256376007652e-10
2.374949534493e-10
2.493612859414e-10
2.612276184336e-10
2.730939509257e-10
2.849602834179e-10
2.916626314655e-10
2.871763465497e-10
2.826900616340e-10
2.782037767183e-10
2.737174918026e-10
2.692312068869e-10
2.647449219712e-10
2.602586370555e-10
2.557723521397e-10
2.512860672240e-10
2.467997823083e-10
2.507080844704e-10
2.561903717096e-10
2.616726589487e-10
2.671549461879e-10
2.726372334271e-10
2.781195206663e-10
2.836018079054e-10
2.890840951446e-10
2.945663823838e-10
3.000486696229e-10
3.058178323429e-10
3.120787816015e-10
3.183397308600e-10
3.246006801186e-10
3.308616293771e-10
3.371225786356e-10
3.433835278942e-10
3.496444771527e-10
3.559054264113e-10
3.621663756698e-10
3.684273249283e-10
3.556274799228e-10
3.405851885333e-10
3.255428971438e-10
3.105006057543e-10
2.954583143648e-10
2.804160229753e-10
2.653737315858e-10
2.503314401963e-10
2.352891488067e-10
2.204453953304e-10
2.123044119748e-10
2.117670953411e-10
2.112324916073e-10
2.107005802793e-10
2.101713410686e-10
2.096447538901e-10
2.091207988594e-10
2.085994562907e-10
2.080807066938e-10
2.075645307718e-10
2.070509094189e-10
2.075886363374e-10
2.081880488452e-10
2.087909329863e-10
2.093973190086e-10
2.100072375122e-10
2.106207194548e-10
2.112377961568e-10
2.118584993070e-10
2.124828609674e-10
2.131109135794e-10
2.092397273227e-10
2.008881754483e-10
1.931777192923e-10
1.860372681614e-10
1.794058676298e-10
1.732309551543e-10
1.674669639396e-10
1.620741965544e-10
1.570179093875e-10
1.522675632955e-10
1.477962062787e-10
2.557542982595e-10
2.521290919707e-10
2.485038856818e-10
2.448786793930e-10
2.412534731041e-10
2.376282668152e-10
2.340030605264e-10
2.303778542375e-10
2.267530662385e-10
2.231944267830e-10
2.197457592868e-10
2.196098173649e-10
2.224397536278e-10
2.253435762607e-10
2.283172288010e-10
2.313039710662e-10
2.342907133315e-10
2.372774555967e-10
2.402641978620e-10
2.432509401272e-10
2.462376823924e-10
2.488770673366e-10
2.452640205007e-10
2.416509736649e-10
2.380379268291e-10
2.344248799932e-10
2.308118331574e-10
2.271987863216e-10
2.236381291484e-10
2.201872765259e-10
2.168413024732e-10
2.135954973425e-10
2.110307319731e-10
2.089444529870e-10
2.068990206700e-10
2.048932470632e-10
2.029259898320e-10
2.009961500966e-10
1.991026703848e-10
1.972445327003e-10
1.954207566974e-10
1.936303979565e-10
1.923158004169e-10
1.948186455319e-10
1.973874949263e-10
2.000249944555e-10
2.027339333062e-10
2.055172538353e-10
2.083780622306e-10
2.113196400746e-10
2.143454569010e-10
2.174591838472e-10
2.206647085124e-10
2.176223642852e-10
2.112202867214e-10
2.051841209910e-10
1.994833680533e-10
1.940908267332e-10
1.889821597054e-10
1.841355262632e-10
1.795312701824e-10
1.751516532719e-10
1.709806269956e-10
1.684393514085e-10
1.738257326531e-10
1.795679872422e-10
1.857025883980e-10
1.922711697947e-10
1.993214716898e-10
2.069085031379e-10
2.150959801409e-10
2.239581193172e-10
2.333998528496e-10
2.428845771140e-10
2.503067393407e-10
2.567769498577e-10
2.632471603747e-10
2.697173708917e-10
2.761875814086e-10
2.826577919256e-10
2.891280024426e-10
2.955982129595e-10
3.020684234765e-10
3.085386339935e-10
3.123807173871e-10
3.063673240684e-10
3.003539307496e-10
2.943405374309e-10
2.883271441121e-10
2.823137507934e-10
2.763003574746e-10
2.702869641559e-10
2.642735708371e-10
2.582601775183e-10
2.522467841996e-10
2.491982732980e-10
2.472086489739e-10
2.452190246498e-10
2.432294003258e-10
2.412397760017e-10
2.392501516776e-10
2.372605273536e-10
2.352709030295e-10
2.332812787054e-10
2.312916543814e-10
2.286347769425e-10
2.241474628945e-10
2.198227462539e-10
2.156617534772e-10
2.116553599671e-10
2.077951067981e-10
2.040731410998e-10
2.004821627351e-10
1.970153765095e-10
1.936664492560e-10
1.904294712224e-10
1.945468249635e-10
2.009657943339e-10
2.078227973772e-10
2.151642554564e-10
2.230433895799e-10
2.314355776852e-10
2.399001352234e-10
2.483646927616e-10
2.568292502999e-10
2.652938078381e-10
2.705171054381e-10
2.687176731720e-10
2.669182409058e-10
2.651188086397e-10
2.633193763736e-10
2.615199441074e-10
2.597205118413e-10
2.579210795751e-10
2.561216473090e-10
2.543222150429e-10
2.525227827767e-10
2.565655622052e-10
2.617037563264e-10
2.668419504475e-10
2.719801445687e-10
2.771183386899e-10
2.822565328110e-10
2.873947269322e-10
2.925329210534e-10
2.976711151746e-10
3.028093092957e-10
3.079188321188e-10
3.129792041451e-10
3.180395761713e-10
3.230999481976e-10
3.281603202239e-10
3.332206922501e-10
3.382810642764e-10
3.433414363026e-10
3.484018083289e-10
3.534621803552e-10
3.585225523814e-10
3.463378652880e-10
3.321243477098e-10
3.179108301317e-10
3.036973125535e-10
2.894837949753e-10
2.752702773972e-10
2.610567598190e-10
2.468432422409e-10
2.326297246627e-10
2.187332681459e-10
2.111056303827e-10
2.105168254964e-10
2.099312960027e-10
2.093490146470e-10
2.087699544762e-10
2.081940888345e-10
2.076213913597e-10
2.070518359785e-10
2.064853969032e-10
2.059220486273e-10
2.053617659221e-10
2.063307999619e-10
2.073952953010e-10
2.084708314228e-10
2.095575809926e-10
2.106557202951e-10
2.117654293295e-10
2.128868919080e-10
2.140202957572e-10
2.151658326230e-10
2.163236983784e-10
2.127990180779e-10
2.045595130918e-10
1.969342851238e-10
1.898571088326e-10
1.832709483296e-10
1.771264167030e-10
1.713805353760e-10
1.659957273508e-10
1.609389944664e-10
1.561812405903e-10
1.516967114114e-10
2.468340209440e-10
2.440757238933e-10
2.413174268427e-10
2.385591297920e-10
2.358008327413e-10
2.330425356906e-10
2.302842386400e-10
2.275259415893e-10
2.247905770259e-10
2.221192923742e-10
2.195107502116e-10
2.197888531019e-10
2.226814930357e-10
2.256512884501e-10
2.286896030231e-10
2.317367250019e-10
2.347838469808e-10
2.378309689597e-10
2.408780909386e-10
2.439252129175e-10
2.469723348964e-10
2.496804752655e-10
2.462869466579e-10
2.428934180504e-10
2.394998894429e-10
2.361063608354e-10
2.327128322279e-10
2.293193036203e-10
2.259314229090e-10
2.226208080695e-10
2.194058141790e-10
2.162823574641e-10
2.133721674924e-10
2.106282686169e-10
2.079540450892e-10
2.053468763006e-10
2.028042714358e-10
2.003238615360e-10
1.979033921366e-10
1.955407164333e-10
1.932337889307e-10
1.909806595366e-10
1.893567214616e-10
1.927271933650e-10
1.962198257063e-10
1.998413824957e-10
2.035991364966e-10
2.075009179743e-10
2.115551691600e-10
2.157710052263e-10
2.201582827018e-10
2.247276764060e-10
2.294650415416e-10
2.264234270599e-10
2.191135663790e-10
2.122609282333e-10
2.058239155095e-10
1.997658284640e-10
1.940541645994e-10
1.886600353098e-10
1.835576771878e-10
1.787240405442e-10
1.741384412726e-10
1.712319798209e-10
1.763186050117e-10
1.817166894773e-10
1.874557431349e-10
1.935691254591e-10
2.000946943598e-10
2.070755908887e-10
2.145611941438e-10
2.226082910565e-10
2.312054672364e-10
2.398917101026e-10
2.464438339425e-10
2.520109797702e-10
2.575781255980e-10
2.631452714258e-10
2.687124172536e-10
2.742795630813e-10
2.798467089091e-10
2.854138547369e-10
2.909810005647e-10
2.965481463924e-10
3.000558991972e-10
2.958409281654e-10
2.916259571337e-10
2.874109861020e-10
2.831960150703e-10
2.789810440386e-10
2.747660730069e-10
2.705511019752e-10
2.663361309434e-10
2.621211599117e-10
2.579061888800e-10
2.542064322931e-10
2.506906808651e-10
2.471749294371e-10
2.436591780091e-10
2.401434265811e-10
2.366276751531e-10
2.331119237251e-10
2.295961722971e-10
2.260846377127e-10
2.226519797877e-10
2.196251514354e-10
2.175100377654e-10
2.154352749612e-10
2.133997192485e-10
2.114022696768e-10
2.094418661333e-10
2.075174874669e-10
2.056281497151e-10
2.037729044254e-10
2.019508370688e-10
2.001610655355e-10
2.029314270285e-10
2.070575717245e-10
2.113549902404e-10
2.158345728117e-10
2.205081529224e-10
2.253886116878e-10
2.304389845054e-10
2.355017670897e-10
2.405645496740e-10
2.456273322583e-10
2.493715794108e-10
2.502589997942e-10
2.511464201776e-10
2.520338405611e-10
2.529212609445e-10
2.538086813280e-10
2.546961017114e-10
2.555835220948e-10
2.564709424783e-10
2.573583628617e-10
2.582457832452e-10
2.624230399400e-10
2.672171409431e-10
2.720112419463e-10
2.768053429495e-10
2.815994439527e-10
2.863935449558e-10
2.911876459590e-10
2.959817469622e-10
3.007758479654e-10
3.055699489685e-10
3.100198318946e-10
3.138796266886e-10
3.177394214826e-10
3.215992162766e-10
3.254590110706e-10
3.293188058646e-10
3.331786006586e-10
3.370383954526e-10
3.408981902466e-10
3.447579850406e-10
3.486177798345e-10
3.370482506531e-10
3.236635068863e-10
3.102787631195e-10
2.968940193527e-10
2.835092755859e-10
2.701245318191e-10
2.567397880523e-10
2.433550442855e-10
2.299703005187e-10
2.170475310602e-10
2.099203106717e-10
2.092812321517e-10
2.086460330252e-10
2.080146780755e-10
2.073871325107e-10
2.067633619578e-10
2.061433324560e-10
2.055270104505e-10
2.049143627867e-10
2.043053567043e-10
2.036999598309e-10
2.050881149301e-10
2.066085562632e-10
2.081517098651e-10
2.097180884771e-10
2.113082203919e-10
2.129226500469e-10
2.145619386460e-10
2.162266648100e-10
2.179174252576e-10
2.196348355184e-10
2.164814955679e-10
2.083675400793e-10
2.008398500148e-10
1.938371008457e-10
1.873062327646e-10
1.812011037686e-10
1.754813978391e-10
1.701117335766e-10
1.650609316305e-10
1.603014088694e-10
1.558086744289e-10
2.379137436285e-10
2.360223558160e-10
2.341309680035e-10
2.322395801910e-10
2.303481923785e-10
2.284568045661e-10
2.265664962362e-10
2.246988616947e-10
2.228617660116e-10
2.210544662212e-10
2.192762432645e-10
2.199681809929e-10
2.229237584423e-10
2.259598421657e-10
2.290619772451e-10
2.321694789376e-10
2.352769806302e-10
2.383844823227e-10
2.414919840153e-10
2.445994857078e-10
2.477069874004e-10
2.504838831944e-10
2.473098728152e-10
2.441358624360e-10
2.409618520567e-10
2.377878416775e-10
2.346138312983e-10
2.314398209191e-10
2.282658105399e-10
2.251087320257e-10
2.220317111638e-10
2.190376758281e-10
2.157661435146e-10
2.123394433741e-10
2.090198842667e-10
2.058025186456e-10
2.026826989694e-10
1.996560553020e-10
1.967184748903e-10
1.938660835186e-10
1.910952284622e-10
1.884024628818e-10
1.864873227386e-10
1.906801693124e-10
1.950658902153e-10
1.996581073182e-10
2.044717561557e-10
2.095232481972e-10
2.148306577799e-10
2.204139381930e-10
2.262951723540e-10
2.323716816215e-10
2.384507828794e-10
2.356302712992e-10
2.276183188967e-10
2.198433321624e-10
2.125807615567e-10
2.057826873040e-10
1.994059282012e-10
1.934124945393e-10
1.877688306792e-10
1.824451864762e-10
1.774150926833e-10
1.741187697514e-10
1.788840193519e-10
1.839174370274e-10
1.892423152242e-10
1.948847243193e-10
2.008739394783e-10
2.072429487191e-10
2.140290607928e-10
2.212746365380e-10
2.290110816232e-10
2.368988430911e-10
2.425809285442e-10
2.472450096828e-10
2.519090908213e-10
2.565731719599e-10
2.612372530985e-10
2.659013342371e-10
2.705654153757e-10
2.752294965142e-10
2.798935776528e-10
2.845576587914e-10
2.877310810072e-10
2.853145322625e-10
2.828979835178e-10
2.804814347732e-10
2.780648860285e-10
2.756483372838e-10
2.732317885391e-10
2.708152397945e-10
2.683986910498e-10
2.659821423051e-10
2.635655935604e-10
2.592145912883e-10
2.541727127564e-10
2.491308342244e-10
2.440889556925e-10
2.390470771606e-10
2.340051986286e-10
2.289633200967e-10
2.239642611031e-10
2.191641059096e-10
2.145653936700e-10
2.112892954703e-10
2.112544003064e-10
2.112195166667e-10
2.111846445455e-10
2.111497839371e-10
2.111149348359e-10
2.110800972360e-10
2.110452711318e-10
2.110104565177e-10
2.109756533879e-10
2.109408617367e-10
2.120713010352e-10
2.135302080142e-10
2.150093266202e-10
2.165090797993e-10
2.180299023811e-10
2.195722414993e-10
2.211365570297e-10
2.227233220473e-10
2.243330233036e-10
2.259661617242e-10
2.282260533834e-10
2.318003264164e-10
2.353745994495e-10
2.389488724825e-10
2.425231455155e-10
2.460974185485e-10
2.496716915815e-10
2.532459646145e-10
2.568202376475e-10
2.603945106806e-10
2.639687837136e-10
2.682805176747e-10
2.727305255599e-10
2.771805334451e-10
2.816305413303e-10
2.860805492154e-10
2.905305571006e-10
2.949805649858e-10
2.994305728710e-10
3.038805807562e-10
3.083305886413e-10
3.121208316705e-10
3.147800492322e-10
3.174392667939e-10
3.200984843557e-10
3.227577019174e-10
3.254169194791e-10
3.280761370408e-10
3.307353546025e-10
3.333945721642e-10
3.360537897259e-10
3.387130072877e-10
3.277586360182e-10
3.152026660628e-10
3.026466961073e-10
2.900907261519e-10
2.775347561965e-10
2.649787862410e-10
2.524228162856e-10
2.398668463301e-10
2.273108763747e-10
2.153875785889e-10
2.087482273498e-10
2.080600583913e-10
2.073764118225e-10
2.066972432105e-10
2.060225087020e-10
2.053521650150e-10
2.046861694286e-10
2.040244797744e-10
2.033670544276e-10
2.027138522982e-10
2.020648328223e-10
2.038603091213e-10
2.058277635437e-10
2.078335638195e-10
2.098788420267e-10
2.119647752492e-10
2.140925878355e-10
2.162635537951e-10
2.184789993427e-10
2.207403055989e-10
2.230489114624e-10
2.202936676331e-10
2.123200349342e-10
2.049034580934e-10
1.979875316593e-10
1.915232167578e-10
1.854676765174e-10
1.797833256515e-10
1.744370496174e-10
1.693995590739e-10
1.646448530519e-10
1.601497700640e-10
2.289934663129e-10
2.279689877386e-10
2.269445689400e-10
2.259257356437e-10
2.249160092591e-10
2.239152682254e-10
2.229233931355e-10
2.219402666890e-10
2.209657736455e-10
2.199998007798e-10
2.190422368379e-10
2.201478017537e-10
2.231665515664e-10
2.262692408644e-10
2.294343514672e-10
2.326022328733e-10
2.357701142795e-10
2.389379956857e-10
2.421058770919e-10
2.452737584981e-10
2.484416399043e-10
2.512872911233e-10
2.483327989724e-10
2.453783068215e-10
2.424238146706e-10
2.394693225197e-10
2.365148303688e-10
2.335603382179e-10
2.306058460669e-10
2.276513539160e-10
2.247212241428e-10
2.218641025569e-10
2.182144485758e-10
2.140786495288e-10
2.100967053476e-10
2.062601875288e-10
2.025612721707e-10
1.989926867163e-10
1.955476622278e-10
1.922198905342e-10
1.890034856819e-10
1.858929491911e-10
1.837035882221e-10
1.886761725920e-10
1.939254475727e-10
1.994751679972e-10
2.053518880543e-10
2.115853861642e-10
2.182091696585e-10
2.252610773205e-10
2.326433044652e-10
2.400399143412e-10
2.474365242173e-10
2.448389110755e-10
2.364113345067e-10
2.279837579379e-10
2.197962969153e-10
2.121732522894e-10
2.050612531092e-10
1.984105757187e-10
1.921777444992e-10
1.863245803854e-10
1.808174181194e-10
1.771045652562e-10
1.815251888561e-10
1.861721440168e-10
1.910632693256e-10
1.962183285747e-10
2.016592776815e-10
2.074105772844e-10
2.134995604003e-10
2.199568668004e-10
2.268169586721e-10
2.339059760796e-10
2.387180231459e-10
2.424790395953e-10
2.462400560447e-10
2.500010724940e-10
2.537620889434e-10
2.575231053928e-10
2.612841218422e-10
2.650451382916e-10
2.688061547410e-10
2.725671711903e-10
2.754062628172e-10
2.747881363596e-10
2.741700099019e-10
2.735518834443e-10
2.729337569867e-10
2.723156305290e-10
2.716975040714e-10
2.710793776138e-10
2.704612511561e-10
2.698431246985e-10
2.692249982409e-10
2.642227502835e-10
2.576547446476e-10
2.510867390117e-10
2.445187333759e-10
2.379507277400e-10
2.313827221041e-10
2.248367217548e-10
2.185760899336e-10
2.126546702254e-10
2.070456211214e-10
2.035630744201e-10
2.053485305227e-10
2.071655843171e-10
2.090150820808e-10
2.108979005846e-10
2.128149484784e-10
2.147671677535e-10
2.167555352860e-10
2.187810644665e-10
2.208448069227e-10
2.229478543397e-10
2.220733106258e-10
2.204205727883e-10
2.187922535859e-10
2.171878158214e-10
2.156067379407e-10
2.140485134668e-10
2.125126504593e-10
2.109986709966e-10
2.095061106799e-10
2.080345181583e-10
2.086965345465e-10
2.141233677697e-10
2.198399689085e-10
2.258701829795e-10
2.321250300864e-10
2.383861557690e-10
2.446472814516e-10
2.509084071342e-10
2.571695328168e-10
2.634306584994e-10
2.696917841820e-10
2.741379954095e-10
2.782439101767e-10
2.823498249439e-10
2.864557397110e-10
2.905616544782e-10
2.946675692454e-10
2.987734840126e-10
3.028793987798e-10
3.069853135470e-10
3.110912283141e-10
3.142218314464e-10
3.156804717758e-10
3.171391121053e-10
3.185977524347e-10
3.200563927641e-10
3.215150330936e-10
3.229736734230e-10
3.244323137524e-10
3.258909540819e-10
3.273495944113e-10
3.288082347408e-10
3.184690213834e-10
3.067418252393e-10
2.950146290952e-10
2.832874329511e-10
2.715602368070e-10
2.598330406629e-10
2.481058445188e-10
2.363786483748e-10
2.246767544598e-10
2.137528236295e-10
2.075891599334e-10
2.068530532608e-10
2.061221485788e-10
2.053963909385e-10
2.046757261626e-10
2.039601008310e-10
2.032494622684e-10
2.025437585311e-10
2.018429383942e-10
2.011469513393e-10
2.004557475426e-10
2.026471168925e-10
2.050528499811e-10
2.075163888199e-10
2.100398422076e-10
2.126254227803e-10
2.152754534814e-10
2.179923745227e-10
2.207787508794e-10
2.236372803663e-10
2.265708023506e-10
2.242425087357e-10
2.164253777907e-10
2.091349005654e-10
2.023195891094e-10
1.959344552375e-10
1.899400162571e-10
1.843014777915e-10
1.789880579573e-10
1.739724251713e-10
1.692302279033e-10
1.647396992971e-10
2.202818209467e-10
2.201336198257e-10
2.199856179841e-10
2.198378150201e-10
2.196902105331e-10
2.195428041237e-10
2.193955953933e-10
2.192485839447e-10
2.191017693815e-10
2.189551513083e-10
2.188087293312e-10
2.203277161022e-10
2.234098741340e-10
2.265794880219e-10
2.298067256892e-10
2.330349868090e-10
2.362632479289e-10
2.394915090487e-10
2.427197701686e-10
2.459480312884e-10
2.491762924083e-10
2.520906990522e-10
2.493557251296e-10
2.466207512070e-10
2.438857772844e-10
2.411508033618e-10
2.384158294392e-10
2.356808555166e-10
2.329458815940e-10
2.302109076714e-10
2.274759337488e-10
2.247644263478e-10
2.207189533221e-10
2.158465815585e-10
2.111846789394e-10
2.067198965002e-10
2.024399907780e-10
1.983337116924e-10
1.943907037997e-10
1.906014190964e-10
1.869570398265e-10
1.834494099780e-10
1.810017381518e-10
1.867138606964e-10
1.927982624983e-10
1.992925636103e-10
2.062396296192e-10
2.136885189277e-10
2.216956430095e-10
2.302799100725e-10
2.389940285667e-10
2.477081470609e-10
2.564222655551e-10
2.540475508519e-10
2.452043501167e-10
2.363611493816e-10
2.275179486465e-10
2.189734555329e-10
2.110467209872e-10
2.036738257357e-10
1.967986841687e-10
1.903725362224e-10
1.843527891769e-10
1.801945484529e-10
1.842455193177e-10
1.884828195981e-10
1.929196075882e-10
1.975703104071e-10
2.024507807145e-10
2.075784772422e-10
2.129726734730e-10
2.186546997253e-10
2.246482250516e-10
2.309131090681e-10
2.348551177476e-10
2.377130695078e-10
2.405710212680e-10
2.434289730282e-10
2.462869247884e-10
2.491448765486e-10
2.520028283087e-10
2.548607800689e-10
2.577187318291e-10
2.605766835893e-10
2.630814446272e-10
2.642617404566e-10
2.654420362860e-10
2.666223321154e-10
2.678026279448e-10
2.689829237743e-10
2.701632196037e-10
2.713435154331e-10
2.725238112625e-10
2.737041070919e-10
2.748844029213e-10
2.692309092786e-10
2.611367765388e-10
2.530426437990e-10
2.449485110592e-10
2.368543783194e-10
2.287602455796e-10
2.208412855175e-10
2.134410871153e-10
2.065207571003e-10
2.000350854583e-10
1.963819699229e-10
1.997638916703e-10
2.032643356131e-10
2.068896434358e-10
2.106466174659e-10
2.145425632715e-10
2.185853370762e-10
2.227833986375e-10
2.271458386577e-10
2.315904132759e-10
2.360349878942e-10
2.329107860158e-10
2.277682437384e-10
2.227106800577e-10
2.178708207761e-10
2.132368431234e-10
2.087958837701e-10
2.045361291124e-10
2.004467103339e-10
1.965176108079e-10
1.927395841814e-10
1.922416106583e-10
1.988770825067e-10
2.059869943379e-10
2.136241168075e-10
2.218493479466e-10
2.306748929896e-10
2.396228713217e-10
2.485708496539e-10
2.575188279861e-10
2.664668063182e-10
2.754147846504e-10
2.799954731443e-10
2.837572947935e-10
2.875191164426e-10
2.912809380918e-10
2.950427597410e-10
2.988045813902e-10
3.025664030394e-10
3.063282246886e-10
3.100900463378e-10
3.138518679870e-10
3.163228312222e-10
3.165808943194e-10
3.168389574166e-10
3.170970205137e-10
3.173550836109e-10
3.176131467080e-10
3.178712098052e-10
3.181292729024e-10
3.183873359995e-10
3.186453990967e-10
3.189034621939e-10
3.091794067485e-10
2.982809844158e-10
2.873825620830e-10
2.764841397503e-10
2.655857174176e-10
2.546872950848e-10
2.437888727521e-10
2.328904504194e-10
2.221027198835e-10
2.121426967693e-10
2.064428928084e-10
2.056599715960e-10
2.048829663032e-10
2.041118101294e-10
2.033464372761e-10
2.025867829278e-10
2.018327832342e-10
2.010843752918e-10
2.003414971268e-10
1.996040876779e-10
1.988720867793e-10
2.014482788866e-10
2.042837494219e-10
2.072001804272e-10
2.102010895879e-10
2.132902013728e-10
2.164714624551e-10
2.197490585345e-10
2.231274327107e-10
2.266113055787e-10
2.301627406003e-10
2.283283890991e-10
2.206926097032e-10
2.135447944807e-10
2.068454621161e-10
2.005536870814e-10
1.946333763071e-10
1.890525763674e-10
1.837828965347e-10
1.787990257090e-10
1.740783258721e-10
1.696004882875e-10
2.121944783161e-10
2.128157864798e-10
2.134407437246e-10
2.140693822931e-10
2.147017348086e-10
2.153378342813e-10
2.159777141136e-10
2.166214081062e-10
2.172689504637e-10
2.179203758013e-10
2.185757191504e-10
2.205079247589e-10
2.236537278789e-10
2.268905871331e-10
2.301790999112e-10
2.334677407447e-10
2.367563815782e-10
2.400450224117e-10
2.433336632452e-10
2.466223040787e-10
2.499109449122e-10
2.528941069811e-10
2.503786512868e-10
2.478631955925e-10
2.453477398982e-10
2.428322842040e-10
2.403168285097e-10
2.378013728154e-10
2.352859171211e-10
2.327704614268e-10
2.302550057325e-10
2.277395500382e-10
2.232816152763e-10
2.176439570727e-10
2.122839792019e-10
2.071816592310e-10
2.023188545303e-10
1.976790867258e-10
1.932473551465e-10
1.890099748143e-10
1.849544352916e-10
1.810692773192e-10
1.783782119102e-10
1.847919463940e-10
1.916841051506e-10
1.991102932386e-10
2.071350799692e-10
2.158338812104e-10
2.252953367758e-10
2.353131255559e-10
2.453447526683e-10
2.553763797806e-10
2.654080068930e-10
2.632561906282e-10
2.539973657268e-10
2.447385408253e-10
2.354797159239e-10
2.262239882073e-10
2.173921103462e-10
2.092239220824e-10
2.016473210786e-10
1.946002841363e-10
1.880291654712e-10
1.833942695353e-10
1.870486237920e-10
1.908515739242e-10
1.948123714905e-10
1.989410523272e-10
2.032485214535e-10
2.077466492520e-10
2.124483807095e-10
2.173678598353e-10
2.225205717752e-10
2.279202420566e-10
2.309922123493e-10
2.329470994203e-10
2.349019864913e-10
2.368568735623e-10
2.388117606333e-10
2.407666477043e-10
2.427215347753e-10
2.446764218463e-10
2.466313089173e-10
2.485861959882e-10
2.507566264372e-10
2.537353445537e-10
2.567140626701e-10
2.596927807866e-10
2.626714989030e-10
2.656502170195e-10
2.686289351359e-10
2.716076532524e-10
2.745863713688e-10
2.775650894853e-10
2.805438076017e-10
2.742390682738e-10
2.646188084301e-10
2.549985485863e-10
2.453782887426e-10
2.357580288988e-10
2.261415080459e-10
2.169853708481e-10
2.085418191782e-10
2.007307823073e-10
1.934837527541e-10
1.896902574655e-10
1.944749691455e-10
1.995073041812e-10
2.048069960980e-10
2.103959324382e-10
2.162984569085e-10
2.225417238551e-10
2.291369615941e-10
2.358239764070e-10
2.425109912199e-10
2.491980060328e-10
2.438602850213e-10
2.353159677899e-10
2.267720189189e-10
2.185581350647e-10
2.109184804486e-10
2.037948726316e-10
1.971367326400e-10
1.908998822045e-10
1.850455623098e-10
1.795396269585e-10
1.781918634636e-10
1.856576496302e-10
1.937763877531e-10
2.026376550281e-10
2.123481990687e-10
2.230362590746e-10
2.345984611918e-10
2.462332921736e-10
2.578681231553e-10
2.695029541371e-10
2.811377851188e-10
2.858529508790e-10
2.892706794102e-10
2.926884079414e-10
2.961061364726e-10
2.995238650038e-10
3.029415935350e-10
3.063593220662e-10
3.097770505974e-10
3.131947791286e-10
3.166125076598e-10
3.184238309981e-10
3.174813168630e-10
3.165388027279e-10
3.155962885928e-10
3.146537744576e-10
3.137112603225e-10
3.127687461874e-10
3.118262320523e-10
3.108837179172e-10
3.099412037821e-10
3.089986896470e-10
2.998897921136e-10
2.898201435923e-10
2.797504950709e-10
2.696808465495e-10
2.596111980281e-10
2.495415495068e-10
2.394719009854e-10
2.294022524640e-10
2.195869966911e-10
2.105566456240e-10
2.053092150970e-10
2.044805738562e-10
2.036585946261e-10
2.028431973878e-10
2.020343033986e-10
2.012318351669e-10
2.004357164276e-10
1.996458721176e-10
1.988622283521e-10
1.980847124022e-10
1.973132526717e-10
2.002635418480e-10
2.035203967013e-10
2.068849342297e-10
2.103625847373e-10
2.139591498958e-10
2.176808350422e-10
2.215342849085e-10
2.255266232139e-10
2.296359615373e-10
2.337557395958e-10
2.324496959508e-10
2.251314991131e-10
2.181446716780e-10
2.115784552161e-10
2.053959780468e-10
1.995645558029e-10
1.940551134286e-10
1.888417003465e-10
1.839010817337e-10
1.792123923207e-10
1.747568418344e-10
2.046799372828e-10
2.059688288670e-10
2.072740558951e-10
2.085959309016e-10
2.099347744443e-10
2.112909153645e-10
2.126646910554e-10
2.140564477426e-10
2.154665407745e-10
2.168953349250e-10
2.183432047083e-10
2.206884284465e-10
2.238981145422e-10
2.272024535861e-10
2.305514741333e-10
2.339004946804e-10
2.372495152276e-10
2.405985357748e-10
2.439475563219e-10
2.472965768691e-10
2.506455974162e-10
2.536975149100e-10
2.514015774441e-10
2.491056399781e-10
2.468097025121e-10
2.445137650461e-10
2.422178275801e-10
2.399218901141e-10
2.376259526481e-10
2.353300151822e-10
2.330340777162e-10
2.307381402502e-10
2.259044839406e-10
2.194715177841e-10
2.133947839401e-10
2.076454895149e-10
2.021978631671e-10
1.970287688845e-10
1.921173775265e-10
1.874448862965e-10
1.829942781791e-10
1.787501148526e-10
1.758296523674e-10
1.829091949131e-10
1.905827509704e-10
1.989283559665e-10
2.080383399521e-10
2.180227578227e-10
2.289972053089e-10
2.403463410394e-10
2.516954767698e-10
2.630446125003e-10
2.743937482308e-10
2.724648304045e-10
2.627903813368e-10
2.531159322690e-10
2.434414832012e-10
2.337670341335e-10
2.241308920275e-10
2.150849712821e-10
2.067409100499e-10
1.990200745198e-10
1.918551544620e-10
1.867096800438e-10
1.899383386071e-10
1.932806245749e-10
1.967426437882e-10
2.003309475352e-10
2.040525739275e-10
2.079150939755e-10
2.119266629981e-10
2.160960781003e-10
2.204328425727e-10
2.249472382036e-10
2.271293069511e-10
2.281811293329e-10
2.292329517146e-10
2.302847740964e-10
2.313365964782e-10
2.323884188600e-10
2.334402412418e-10
2.344920636236e-10
2.355438860054e-10
2.365957083872e-10
2.384318082472e-10
2.432089486507e-10
2.479860890542e-10
2.527632294577e-10
2.575403698612e-10
2.623175102647e-10
2.670946506682e-10
2.718717910717e-10
2.766489314752e-10
2.814260718787e-10
2.862032122821e-10
2.792472272690e-10
2.681008403213e-10
2.569544533736e-10
2.458080664259e-10
2.346616794783e-10
2.235698110157e-10
2.132617949699e-10
2.038624173883e-10
1.952566069825e-10
1.873479358479e-10
1.834395575026e-10
1.894588807351e-10
1.958866382403e-10
2.027658606747e-10
2.101458433686e-10
2.180833294516e-10
2.266439716311e-10
2.355726591489e-10
2.445021141564e-10
2.534315691639e-10
2.623610241714e-10
2.548097840268e-10
2.428636918415e-10
2.309175996562e-10
2.192497996001e-10
2.086499871841e-10
1.990278229117e-10
1.902540128125e-10
1.822210991397e-10
1.748390372727e-10
1.680318058791e-10
1.660558696931e-10
1.740860835776e-10
1.829324223463e-10
1.927259631299e-10
2.036274403887e-10
2.158361365939e-10
2.295740510620e-10
2.438957346933e-10
2.582174183246e-10
2.725391019559e-10
2.868607855872e-10
2.917104286138e-10
2.947840640270e-10
2.978576994402e-10
3.009313348534e-10
3.040049702666e-10
3.070786056798e-10
3.101522410930e-10
3.132258765062e-10
3.162995119194e-10
3.193731473326e-10
3.205248307740e-10
3.183817394066e-10
3.162386480392e-10
3.140955566718e-10
3.119524653044e-10
3.098093739370e-10
3.076662825696e-10
3.055231912022e-10
3.033800998348e-10
3.012370084675e-10
2.990939171001e-10
2.906001774788e-10
2.813593027687e-10
2.721184280587e-10
2.628775533487e-10
2.536366786387e-10
2.443958039287e-10
2.351549292187e-10
2.259198193287e-10
2.171276256228e-10
2.089941342062e-10
2.041879205285e-10
2.033146259643e-10
2.024487696024e-10
2.015902568145e-10
2.007389945707e-10
1.998948914058e-10
1.990578573867e-10
1.982278040803e-10
1.974046445224e-10
1.965882931873e-10
1.957786659583e-10
1.990926584437e-10
2.027627276248e-10
2.065706458420e-10
2.105243282274e-10
2.146323077076e-10
2.189037964787e-10
2.233487549711e-10
2.279742815012e-10
2.326615100463e-10
2.373487385913e-10
2.365710028024e-10
2.297210844205e-10
2.229470794801e-10
2.165331191887e-10
2.104778849186e-10
2.047521006085e-10
1.993295915025e-10
1.941868840819e-10
1.893028663688e-10
1.846584982360e-10
1.802365633378e-10
1.976794245502e-10
1.995487149481e-10
2.014536954966e-10
2.033953981896e-10
2.053748951955e-10
2.073933008316e-10
2.094517736553e-10
2.115515186821e-10
2.136937897378e-10
2.158798919550e-10
2.181111844247e-10
2.208692278902e-10
2.241430358729e-10
2.275144480945e-10
2.309238483553e-10
2.343332486162e-10
2.377426488770e-10
2.411520491378e-10
2.445614493986e-10
2.479708496594e-10
2.513802499202e-10
2.545009228390e-10
2.524245036013e-10
2.503480843636e-10
2.482716651259e-10
2.461952458882e-10
2.441188266506e-10
2.420424074129e-10
2.399659881752e-10
2.378895689375e-10
2.358131496998e-10
2.337367304622e-10
2.285794835051e-10
2.213300305288e-10
2.145172747002e-10
2.081114012694e-10
2.020770164287e-10
1.963827157995e-10
1.910005377492e-10
1.859055042067e-10
1.810752330617e-10
1.764896094591e-10
1.733528915494e-10
1.810644212961e-10
1.894939805300e-10
1.987467508816e-10
2.089495121825e-10
2.202564862286e-10
2.327129121741e-10
2.453795565228e-10
2.580462008714e-10
2.707128452200e-10
2.833794895687e-10
2.816734701809e-10
2.715833969468e-10
2.614933237127e-10
2.514032504786e-10
2.413131772445e-10
2.312231040105e-10
2.212838589205e-10
2.120984945030e-10
2.036452965609e-10
1.958400787332e-10
1.901471698113e-10
1.929187408808e-10
1.957723034822e-10
1.987115505798e-10
2.017404002970e-10
2.048630133420e-10
2.080838120768e-10
2.114075014143e-10
2.148390917499e-10
2.183839241640e-10
2.220476981612e-10
2.233287751065e-10
2.234727754375e-10
2.236169615885e-10
2.237613339194e-10
2.239058927911e-10
2.240506385652e-10
2.241955716046e-10
2.243406922728e-10
2.244860009345e-10
2.246314979551e-10
2.261109819569e-10
2.326825527478e-10
2.392581154383e-10
2.458336781289e-10
2.524092408194e-10
2.589848035099e-10
2.655603662004e-10
2.721359288910e-10
2.787114915815e-10
2.852870542720e-10
2.918626169626e-10
2.842553862642e-10
2.715828722125e-10
2.589103581609e-10
2.462378441093e-10
2.335653300577e-10
2.210559473372e-10
2.096638598283e-10
1.993884060470e-10
1.900730803000e-10
1.815893189243e-10
1.775876639000e-10
1.846950456662e-10
1.923950458272e-10
2.007650082723e-10
2.098963481346e-10
2.198979042627e-10
2.308364615014e-10
2.420083567036e-10
2.531802519058e-10
2.643521471079e-10
2.755240423101e-10
2.657592830322e-10
2.504114158930e-10
2.350635487538e-10
2.199458558148e-10
2.064297713691e-10
1.944786918107e-10
1.838356784311e-10
1.742971189531e-10
1.656995753819e-10
1.579103414075e-10
1.554675457901e-10
1.638723401015e-10
1.732378204698e-10
1.837386837289e-10
1.955947170867e-10
2.090863492286e-10
2.245771143113e-10
2.415581772130e-10
2.585667134939e-10
2.755752497748e-10
2.925837860557e-10
2.975679063486e-10
3.002974486438e-10
3.030269909390e-10
3.057565332342e-10
3.084860755294e-10
3.112156178246e-10
3.139451601198e-10
3.166747024150e-10
3.194042447102e-10
3.221337870054e-10
3.226258305498e-10
3.192821619502e-10
3.159384933505e-10
3.125948247508e-10
3.092511561512e-10
3.059074875515e-10
3.025638189518e-10
2.992201503522e-10
2.958764817525e-10
2.925328131528e-10
2.891891445532e-10
2.813105628439e-10
2.728984619452e-10
2.644863610466e-10
2.560742601479e-10
2.476621592492e-10
2.392500583506e-10
2.308379574519e-10
2.225185854512e-10
2.147227342211e-10
2.074546423210e-10
2.030788073135e-10
2.021618991518e-10
2.012532335218e-10
2.003526997767e-10
1.994601892412e-10
1.985755951680e-10
1.976988126950e-10
1.968297388040e-10
1.959682722803e-10
1.951143136735e-10
1.942677652592e-10
1.979353870916e-10
2.020106789503e-10
2.062573109057e-10
2.106863206314e-10
2.153097146633e-10
2.201405770906e-10
2.251931932148e-10
2.304323795237e-10
2.356870585552e-10
2.409417375867e-10
2.406923096541e-10
2.343272073170e-10
2.279621049798e-10
2.217254004748e-10
2.158176446443e-10
2.102165363999e-10
2.048988044564e-10
1.998434741555e-10
1.950315909720e-10
1.904459830258e-10
1.860710563270e-10
1.911419416205e-10
1.935167367032e-10
1.959512842565e-10
1.984478681703e-10
2.010088902314e-10
2.036368778302e-10
2.063344922806e-10
2.091045378089e-10
2.119499712779e-10
2.148739127154e-10
2.178796567259e-10
2.210503238174e-10
2.243884936275e-10
2.278264426029e-10
2.312962225774e-10
2.347660025519e-10
2.382357825263e-10
2.417055625008e-10
2.451753424752e-10
2.486451224497e-10
2.521149024241e-10
2.553043307679e-10
2.534474297585e-10
2.515905287491e-10
2.497336277398e-10
2.478767267304e-10
2.460198257210e-10
2.441629247116e-10
2.423060237023e-10
2.404491226929e-10
2.385922216835e-10
2.367353206742e-10
2.312604042644e-10
2.232202883397e-10
2.156516368683e-10
2.085794085369e-10
2.019563140559e-10
1.957408856558e-10
1.898966080156e-10
1.843912003653e-10
1.791960199489e-10
1.742855635664e-10
1.709449375011e-10
1.792564879129e-10
1.884175793875e-10
1.985654770750e-10
2.098687010805e-10
2.225364592708e-10
2.364286190394e-10
2.504127720062e-10
2.643969249730e-10
2.783810779398e-10
2.923652309065e-10
2.908821099572e-10
2.803764125568e-10
2.698707151564e-10
2.593650177560e-10
2.488593203556e-10
2.383536229552e-10
2.278479255548e-10
2.177411443763e-10
2.084906137193e-10
1.999940518360e-10
1.937136080667e-10
1.959941677134e-10
1.983290643968e-10
2.007202634973e-10
2.031698263361e-10
2.056799161017e-10
2.082528042218e-10
2.108908772185e-10
2.135966440919e-10
2.163727442794e-10
2.192219562434e-10
2.196533186989e-10
2.189496876652e-10
2.182505502191e-10
2.175558634517e-10
2.168655849985e-10
2.161796730312e-10
2.154980862488e-10
2.148207838696e-10
2.141477256231e-10
2.134788717417e-10
2.145158343185e-10
2.222598698768e-10
2.305301418224e-10
2.389041268000e-10
2.472781117776e-10
2.556520967551e-10
2.640260817327e-10
2.724000667103e-10
2.807740516879e-10
2.891480366654e-10
2.975220216430e-10
2.892635452593e-10
2.750649041038e-10
2.608662629482e-10
2.466676217927e-10
2.324689806371e-10
2.185979878331e-10
2.061853118803e-10
1.951065529145e-10
1.851576531081e-10
1.761741566210e-10
1.720975896878e-10
1.801649023616e-10
1.890257457782e-10
1.988032580295e-10
2.096474446234e-10
2.217429289810e-10
2.350297188615e-10
2.484440542583e-10
2.618583896551e-10
2.752727250519e-10
2.886870604487e-10
2.767087820377e-10
2.579591399446e-10
2.392094978515e-10
2.206463456690e-10
2.042563080891e-10
1.901328704985e-10
1.778362643181e-10
1.670335761780e-10
1.574681518112e-10
1.489389433124e-10
1.461485826376e-10
1.547906710008e-10
1.645190453852e-10
1.755522559727e-10
1.881716941886e-10
2.027459285355e-10
2.197672989983e-10
2.392206197327e-10
2.589160086631e-10
2.786113975936e-10
2.983067865241e-10
3.034253840834e-10
3.058108332606e-10
3.081962824378e-10
3.105817316150e-10
3.129671807922e-10
3.153526299694e-10
3.177380791466e-10
3.201235283238e-10
3.225089775010e-10
3.248944266782e-10
3.247268303257e-10
3.201825844937e-10
3.156383386618e-10
3.110940928299e-10
3.065498469979e-10
3.020056011660e-10
2.974613553340e-10
2.929171095021e-10
2.883728636702e-10
2.838286178382e-10
2.792843720063e-10
2.720209482090e-10
2.644376211217e-10
2.568542940344e-10
2.492709669471e-10
2.416876398598e-10
2.341043127725e-10
2.265222671370e-10
2.192182441148e-10
2.123705320768e-10
2.059376649891e-10
2.019816780234e-10
2.010221698089e-10
2.000717347256e-10
1.991302446856e-10
1.981975740006e-10
1.972735993262e-10
1.963581996071e-10
1.954512560249e-10
1.945526519460e-10
1.936622728721e-10
1.927800063913e-10
1.967914917938e-10
2.012641883705e-10
2.059449250886e-10
2.108485625243e-10
2.159914111228e-10
2.213914124392e-10
2.270683480283e-10
2.328904775463e-10
2.387126070642e-10
2.445347365822e-10
2.448136165058e-10
2.389333302135e-10
2.330530439211e-10
2.271727576288e-10
2.214353930071e-10
2.159806400965e-10
2.107881667944e-10
2.058395005137e-10
2.011178635965e-10
1.966079832784e-10
1.922959266596e-10
1.895789874597e-10
1.922563549823e-10
1.950104291365e-10
1.978445543003e-10
2.007622721368e-10
2.037673363596e-10
2.068637288437e-10
2.100556772287e-10
2.133476741769e-10
2.167444984709e-10
2.202512381597e-10
2.236195853350e-10
2.268575627713e-10
2.301481384304e-10
2.334388965979e-10
2.367296547654e-10
2.400204129330e-10
2.433111711005e-10
2.466019292680e-10
2.498926874355e-10
2.531834456030e-10
2.562087918348e-10
2.544567232231e-10
2.527046546114e-10
2.509525859997e-10
2.492005173880e-10
2.474484487762e-10
2.456963801645e-10
2.439443115528e-10
2.421922429411e-10
2.404401743294e-10
2.386881057177e-10
2.330012798349e-10
2.244824325339e-10
2.164268578002e-10
2.089294050272e-10
2.019340129546e-10
1.953918852675e-10
1.892603507020e-10
1.835019312429e-10
1.780835754059e-10
1.729760234579e-10
1.694906173674e-10
1.779338705383e-10
1.872624349896e-10
1.976232577577e-10
2.091977116180e-10
2.222123035427e-10
2.365406380337e-10
2.509747733980e-10
2.654089087623e-10
2.798430441267e-10
2.942771794910e-10
2.930101060120e-10
2.825839940411e-10
2.721578820702e-10
2.617317700993e-10
2.513056581284e-10
2.408795461575e-10
2.304534341866e-10
2.202386605693e-10
2.108479164691e-10
2.022252453854e-10
1.957904104412e-10
1.976962149636e-10
1.996394860074e-10
2.016213393812e-10
2.036429356453e-10
2.057054823775e-10
2.078102365788e-10
2.099585072281e-10
2.121516579967e-10
2.143911101351e-10
2.166783455441e-10
2.165358714451e-10
2.152697174420e-10
2.140182845689e-10
2.127813175734e-10
2.115585670705e-10
2.103497893749e-10
2.091547463387e-10
2.079732051957e-10
2.068049384096e-10
2.056497235281e-10
2.062996086043e-10
2.140091781131e-10
2.223173422169e-10
2.312190680263e-10
2.402220125653e-10
2.492249571043e-10
2.582279016434e-10
2.672308461824e-10
2.762337907214e-10
2.852367352604e-10
2.942396797995e-10
2.863287404499e-10
2.723771282829e-10
2.584255161159e-10
2.444739039489e-10
2.305222917819e-10
2.170339380197e-10
2.049944269481e-10
1.942204473243e-10
1.845224235253e-10
1.757468435352e-10
1.718615948685e-10
1.801885797900e-10
1.893635647514e-10
1.995230369300e-10
2.108344345303e-10
2.235054474670e-10
2.373121937676e-10
2.511755035485e-10
2.650388133294e-10
2.789021231104e-10
2.927654328913e-10
2.801861436889e-10
2.605554947577e-10
2.409248458265e-10
2.214370341327e-10
2.042185523290e-10
1.894846233292e-10
1.767336694703e-10
1.655906109835e-10
1.557693527408e-10
1.470478731379e-10
1.441766952933e-10
1.529096291998e-10
1.627687003877e-10
1.739867496326e-10
1.868655588666e-10
2.018034066168e-10
2.193369882829e-10
2.394877933429e-10
2.599106044708e-10
2.803334155986e-10
3.007562267265e-10
3.053332987657e-10
3.069392947257e-10
3.085452906858e-10
3.101512866459e-10
3.117572826060e-10
3.133632785661e-10
3.149692745262e-10
3.165752704863e-10
3.181812664464e-10
3.197872624064e-10
3.191212855513e-10
3.145604981559e-10
3.099997107605e-10
3.054389233651e-10
3.008781359697e-10
2.963173485742e-10
2.917565611788e-10
2.871957737834e-10
2.826349863880e-10
2.780741989926e-10
2.735134115972e-10
2.666309317505e-10
2.594753116154e-10
2.523196914803e-10
2.451640713452e-10
2.380084512101e-10
2.308528310750e-10
2.237463174152e-10
2.170073648824e-10
2.106624807536e-10
2.046780815072e-10
2.013270070385e-10
2.012337043224e-10
2.011404880463e-10
2.010473580903e-10
2.009543143345e-10
2.008613566593e-10
2.007684849452e-10
2.006756990731e-10
2.005829989240e-10
2.004903843793e-10
2.003978553203e-10
2.041669957718e-10
2.083080162595e-10
2.126204949855e-10
2.171153058644e-10
2.218042621696e-10
2.267002202077e-10
2.317196157501e-10
2.367395855826e-10
2.417595554152e-10
2.467795252477e-10
2.466725462141e-10
2.408689573291e-10
2.350653684441e-10
2.292617795592e-10
2.235144653300e-10
2.180287805139e-10
2.128059141972e-10
2.078274208377e-10
2.030765415338e-10
1.985380155523e-10
1.941979165765e-10
1.945758460426e-10
1.973528880516e-10
2.002103472703e-10
2.031517680838e-10
2.061809062743e-10
2.093017450205e-10
2.125185123714e-10
2.158357003576e-10
2.192580859200e-10
2.227907538623e-10
2.264391220583e-10
2.296680550320e-10
2.324506143018e-10
2.352331735716e-10
2.380157328413e-10
2.407982921111e-10
2.435808513809e-10
2.463634106506e-10
2.491459699204e-10
2.519285291902e-10
2.547110884599e-10
2.572522009665e-10
2.554472717353e-10
2.536423425041e-10
2.518374132729e-10
2.500324840417e-10
2.482275548105e-10
2.464226255793e-10
2.446176963482e-10
2.428127671170e-10
2.410078378858e-10
2.392029086546e-10
2.334495932709e-10
2.248465349206e-10
2.166956701467e-10
2.091150829523e-10
2.020469468117e-10
1.954409977799e-10
1.892533373363e-10
1.834454556613e-10
1.779834294026e-10
1.728372586150e-10
1.692758938859e-10
1.772434238810e-10
1.859980368604e-10
1.956624223999e-10
2.063861672522e-10
2.183535535666e-10
2.316975862055e-10
2.453888554140e-10
2.590801246224e-10
2.727713938309e-10
2.864626630394e-10
2.854022169496e-10
2.757366036025e-10
2.660709902554e-10
2.564053769083e-10
2.467397635612e-10
2.370741502141e-10
2.274085368669e-10
2.181102457299e-10
2.095420112369e-10
2.016215192403e-10
1.956722427454e-10
1.974030523833e-10
1.991647548733e-10
2.009581847631e-10
2.027842069332e-10
2.046437179875e-10
2.065376477214e-10
2.084669606718e-10
2.104326577555e-10
2.124357780003e-10
2.144774003764e-10
2.140953262119e-10
2.126004591475e-10
2.111263224095e-10
2.096724877454e-10
2.082385386176e-10
2.068240698064e-10
2.054286870273e-10
2.040520065651e-10
2.026936549222e-10
2.013532684802e-10
2.016308324652e-10
2.081630471697e-10
2.151326799291e-10
2.225851891379e-10
2.305190793686e-10
2.385429722215e-10
2.465668650743e-10
2.545907579271e-10
2.626146507799e-10
2.706385436327e-10
2.786624364855e-10
2.724723604090e-10
2.612058668578e-10
2.499393733066e-10
2.386728797554e-10
2.274063862042e-10
2.166410708434e-10
2.068485006379e-10
1.979029285268e-10
1.896990196076e-10
1.821482100458e-10
1.788720666643e-10
1.865387571835e-10
1.948920866954e-10
2.040286240695e-10
2.140639374478e-10
2.251375084263e-10
2.369673427995e-10
2.488136114750e-10
2.606598801506e-10
2.725061488262e-10
2.843524175017e-10
2.733893164781e-10
2.563437168680e-10
2.392981172579e-10
2.223522370642e-10
2.071256548727e-10
1.938508359399e-10
1.821751135485e-10
1.718259593094e-10
1.625894439568e-10
1.542952908028e-10
1.516473361816e-10
1.603522094640e-10
1.701172970078e-10
1.811488532048e-10
1.937103420217e-10
2.081437505033e-10
2.249011978479e-10
2.433364722027e-10
2.617924886562e-10
2.802485051096e-10
2.987045215630e-10
3.018105642508e-10
3.020384868575e-10
3.022664094641e-10
3.024943320708e-10
3.027222546775e-10
3.029501772842e-10
3.031780998909e-10
3.034060224976e-10
3.036339451043e-10
3.038618677110e-10
3.029192420205e-10
2.999699621062e-10
2.970206821919e-10
2.940714022776e-10
2.911221223633e-10
2.881728424490e-10
2.852235625347e-10
2.822742826204e-10
2.793250027061e-10
2.763757227918e-10
2.734264428775e-10
2.666028627843e-10
2.593234826701e-10
2.520441025559e-10
2.447647224417e-10
2.374853423274e-10
2.302059622132e-10
2.230005184477e-10
2.161934889687e-10
2.097897156119e-10
2.037543952431e-10
2.012679127003e-10
2.033196012289e-10
2.054135496271e-10
2.075510771597e-10
2.097335585822e-10
2.119624270888e-10
2.142391774511e-10
2.165653693614e-10
2.189426309952e-10
2.213726628126e-10
2.238572416138e-10
2.261627273470e-10
2.284937554238e-10
2.308283515846e-10
2.331629477453e-10
2.354975439060e-10
2.378321400667e-10
2.401667362274e-10
2.425013323881e-10
2.448359285489e-10
2.471705247096e-10
2.454207073501e-10
2.391326527461e-10
2.328445981420e-10
2.265576619752e-10
2.204657865853e-10
2.146929399474e-10
2.092147004491e-10
2.040090770859e-10
1.990562144136e-10
1.943381394609e-10
1.898385438004e-10
1.998432464796e-10
2.027269876313e-10
2.056951721615e-10
2.087515642627e-10
2.119001552280e-10
2.151451808403e-10
2.184911403835e-10
2.219428174567e-10
2.255053027922e-10
2.291643537275e-10
2.328341375440e-10
2.357694879687e-10
2.380438483407e-10
2.403182087127e-10
2.425925690848e-10
2.448669294568e-10
2.471412898288e-10
2.494156502008e-10
2.516900105728e-10
2.539643709448e-10
2.562387313168e-10
2.582956100982e-10
2.564378202475e-10
2.545800303968e-10
2.527222405462e-10
2.508644506955e-10
2.490066608448e-10
2.471488709942e-10
2.452910811435e-10
2.434332912928e-10
2.415755014421e-10
2.397177115915e-10
2.338979067070e-10
2.252118203480e-10
2.169651510788e-10
2.093010911990e-10
2.021600070586e-10
1.954901349878e-10
1.892463244905e-10
1.833890148315e-10
1.778833959710e-10
1.726987162334e-10
1.690617137719e-10
1.765583148686e-10
1.847505986790e-10
1.937401159172e-10
2.036491930432e-10
2.146265316569e-10
2.268547220196e-10
2.398029374299e-10
2.527513404826e-10
2.656997435352e-10
2.786481465879e-10
2.777943278873e-10
2.688892131640e-10
2.599840984406e-10
2.510789837173e-10
2.421738689939e-10
2.332687542706e-10
2.243953074807e-10
2.160225756791e-10
2.082521829102e-10
2.010213871109e-10
1.955542176017e-10
1.971107579738e-10
1.986922761495e-10
2.002993782198e-10
2.019326900451e-10
2.035928580675e-10
2.052805501640e-10
2.069964565421e-10
2.087412906815e-10
2.105157903224e-10
2.123207185067e-10
2.117091819149e-10
2.099965855766e-10
2.083114745890e-10
2.066531925535e-10
2.050211038075e-10
2.034145926122e-10
2.018330623781e-10
2.002759349264e-10
1.987426497839e-10
1.972326635107e-10
1.971686983845e-10
2.026278229509e-10
2.083978557358e-10
2.145061355193e-10
2.209833031383e-10
2.278609873386e-10
2.349058285052e-10
2.419506696718e-10
2.489955108384e-10
2.560403520050e-10
2.630851931716e-10
2.586159803682e-10
2.500346054328e-10
2.414532304973e-10
2.328718555619e-10
2.243238790155e-10
2.162496234057e-10
2.087364188023e-10
2.017277505770e-10
1.951744478108e-10
1.890335279902e-10
1.864787942074e-10
1.933528683496e-10
2.007531301699e-10
2.087424009428e-10
2.173939166789e-10
2.267935796827e-10
2.366224918313e-10
2.464517194015e-10
2.562809469718e-10
2.661101745420e-10
2.759394021122e-10
2.665924892673e-10
2.521319389783e-10
2.376713886893e-10
2.232750364900e-10
2.101167193093e-10
1.984230119930e-10
1.879622745860e-10
1.785492685360e-10
1.700340920683e-10
1.622941375332e-10
1.599344804140e-10
1.685563642759e-10
1.781608085196e-10
1.889259225962e-10
2.010756323934e-10
2.148954248994e-10
2.306959292835e-10
2.471851510625e-10
2.636743728416e-10
2.801635946206e-10
2.966528163996e-10
2.982878297359e-10
2.971376789892e-10
2.959875282425e-10
2.948373774958e-10
2.936872267490e-10
2.925370760023e-10
2.913869252556e-10
2.902367745089e-10
2.890866237622e-10
2.879364730155e-10
2.867171984896e-10
2.853794260564e-10
2.840416536232e-10
2.827038811900e-10
2.813661087569e-10
2.800283363237e-10
2.786905638905e-10
2.773527914573e-10
2.760150190241e-10
2.746772465910e-10
2.733394741578e-10
2.665747938182e-10
2.591716537248e-10
2.517685136315e-10
2.443653735381e-10
2.369622334448e-10
2.295590933515e-10
2.222596748088e-10
2.153856950514e-10
2.089241522866e-10
2.028390084828e-10
2.012088530431e-10
2.054491939810e-10
2.098721071592e-10
2.144896432583e-10
2.193149373579e-10
2.243623337199e-10
2.296183969766e-10
2.349069212143e-10
2.401954454520e-10
2.454839696896e-10
2.507724939273e-10
2.507185217714e-10
2.503677442603e-10
2.500169667492e-10
2.496661892381e-10
2.493154117270e-10
2.489646342159e-10
2.486138567047e-10
2.482630791936e-10
2.479123016825e-10
2.475615241714e-10
2.441688684862e-10
2.373963481630e-10
2.306238278398e-10
2.238960478429e-10
2.174991550962e-10
2.114576378701e-10
2.057426825175e-10
2.003285083473e-10
1.951919787908e-10
1.903122708926e-10
1.856705931681e-10
2.054037717931e-10
2.084019636413e-10
2.114889786768e-10
2.146688234053e-10
2.179457489704e-10
2.213242701147e-10
2.248091859331e-10
2.283976875495e-10
2.320087454135e-10
2.356198032774e-10
2.392308611413e-10
2.418709209054e-10
2.436370823797e-10
2.454032438539e-10
2.471694053282e-10
2.489355668024e-10
2.507017282767e-10
2.524678897510e-10
2.542340512252e-10
2.560002126995e-10
2.577663741737e-10
2.593390192299e-10
2.574283687597e-10
2.555177182896e-10
2.536070678194e-10
2.516964173493e-10
2.497857668791e-10
2.478751164090e-10
2.459644659388e-10
2.440538154687e-10
2.421431649985e-10
2.402325145284e-10
2.343462201430e-10
2.255782945913e-10
2.172353030940e-10
2.094874306498e-10
2.022731939075e-10
1.955392969098e-10
1.892393121643e-10
1.833326087213e-10
1.777834749213e-10
1.725603957788e-10
1.688480749652e-10
1.758784818438e-10
1.835197814816e-10
1.918552137646e-10
2.009838610998e-10
2.110246057156e-10
2.221213355305e-10
2.342170194458e-10
2.464225563427e-10
2.586280932395e-10
2.708336301364e-10
2.701864388249e-10
2.620418227254e-10
2.538972066258e-10
2.457525905263e-10
2.376079744267e-10
2.294633583272e-10
2.214603810726e-10
2.139744915273e-10
2.069781364229e-10
2.004248169994e-10
1.954363347525e-10
1.968193278844e-10
1.982220338435e-10
1.996448771276e-10
2.010882945107e-10
2.025527354901e-10
2.040386627532e-10
2.055465526650e-10
2.070768957769e-10
2.086301973591e-10
2.102069779566e-10
2.093756396682e-10
2.074557233538e-10
2.055706973015e-10
2.037196189944e-10
2.019015795608e-10
2.001157022857e-10
1.983611412016e-10
1.966370797517e-10
1.949427295233e-10
1.932773290452e-10
1.928997842946e-10
1.973793460880e-10
2.020719049112e-10
2.069930223047e-10
2.121598135471e-10
2.175911465353e-10
2.233078720145e-10
2.293105814165e-10
2.353763708969e-10
2.414421603772e-10
2.475079498576e-10
2.447596003274e-10
2.388633440077e-10
2.329670876880e-10
2.270708313684e-10
2.213233230771e-10
2.158595880246e-10
2.106591166784e-10
2.057033290828e-10
2.009753534817e-10
1.964598344190e-10
1.947612253601e-10
2.006836822832e-10
2.069776253825e-10
2.136791385511e-10
2.208291353481e-10
2.284654543983e-10
2.362776408632e-10
2.440898273281e-10
2.519020137929e-10
2.597142002578e-10
2.675263867227e-10
2.597956620565e-10
2.479201610886e-10
2.360446601207e-10
2.242055273843e-10
2.131954363720e-10
2.032160771192e-10
1.941291807524e-10
1.858201508867e-10
1.781932054664e-10
1.711676678476e-10
1.691797254775e-10
1.776452909151e-10
1.870026980941e-10
1.974007157694e-10
2.090231491433e-10
2.220997994019e-10
2.365114028178e-10
2.510338299223e-10
2.655562570269e-10
2.800786841315e-10
2.946011112361e-10
2.947650952210e-10
2.922368711209e-10
2.897086470208e-10
2.871804229207e-10
2.846521988206e-10
2.821239747205e-10
2.795957506204e-10
2.770675265202e-10
2.745393024201e-10
2.720110783200e-10
2.705151549587e-10
2.707888900066e-10
2.710626250546e-10
2.713363601025e-10
2.716100951505e-10
2.718838301984e-10
2.721575652463e-10
2.724313002943e-10
2.727050353422e-10
2.729787703902e-10
2.732525054381e-10
2.665467248520e-10
2.590198247795e-10
2.514929247071e-10
2.439660246346e-10
2.364391245622e-10
2.289122244897e-10
2.215237372748e-10
2.145839152092e-10
2.080657020028e-10
2.019318098674e-10
2.011498280365e-10
2.076238701377e-10
2.145285073530e-10
2.219081764263e-10
2.297806768538e-10
2.377728304397e-10
2.457649840257e-10
2.537571376116e-10
2.617492911976e-10
2.697414447836e-10
2.777335983695e-10
2.752778842797e-10
2.722417330968e-10
2.692055819138e-10
2.661694307309e-10
2.631332795479e-10
2.600971283650e-10
2.570609771821e-10
2.540248259991e-10
2.509886748162e-10
2.479525236332e-10
2.429170296222e-10
2.356600435799e-10
2.284030575377e-10
2.212962451770e-10
2.146113027070e-10
2.083183965826e-10
2.023840229433e-10
1.967783898889e-10
1.914749172644e-10
1.864498152124e-10
1.816817273909e-10
2.112825903812e-10
2.144038112469e-10
2.176186327620e-10
2.209313294304e-10
2.243464400536e-10
2.278659251822e-10
2.314182570934e-10
2.349705890047e-10
2.385229209160e-10
2.420752528273e-10
2.456275847386e-10
2.479723538421e-10
2.492303164186e-10
2.504882789951e-10
2.517462415716e-10
2.530042041481e-10
2.542621667246e-10
2.555201293011e-10
2.567780918776e-10
2.580360544541e-10
2.592940170306e-10
2.603824283616e-10
2.584189172719e-10
2.564554061823e-10
2.544918950927e-10
2.525283840030e-10
2.505648729134e-10
2.486013618238e-10
2.466378507342e-10
2.446743396445e-10
2.427108285549e-10
2.407473174653e-10
2.347945335790e-10
2.259459634634e-10
2.175061287021e-10
2.096741021898e-10
2.023865075712e-10
1.955884835645e-10
1.892323003578e-10
1.832762372989e-10
1.776836660644e-10
1.724222967182e-10
1.686349754166e-10
1.752038640950e-10
1.823052552771e-10
1.900066347384e-10
1.983873948299e-10
2.075415815035e-10
2.175814386623e-10
2.286311014618e-10
2.400937722028e-10
2.515564429438e-10
2.630191136848e-10
2.625785497626e-10
2.551944322868e-10
2.478103148110e-10
2.404261973353e-10
2.330420798595e-10
2.256665791847e-10
2.186012368680e-10
2.119648779218e-10
2.057195838855e-10
1.998317772867e-10
1.953185939406e-10
1.965287582869e-10
1.977540121143e-10
1.989946394185e-10
2.002509313667e-10
2.015231865256e-10
2.028117110982e-10
2.041168191689e-10
2.054388329593e-10
2.067780830932e-10
2.081349088723e-10
2.070929790334e-10
2.049756125977e-10
2.029011048515e-10
2.008681675462e-10
1.988755635505e-10
1.969221043402e-10
1.950066476340e-10
1.931280951664e-10
1.912853905875e-10
1.894775174826e-10
1.888118059027e-10
1.923958971231e-10
1.961186901561e-10
1.999883953632e-10
2.040138841589e-10
2.082047569075e-10
2.125714193638e-10
2.171251689401e-10
2.218782923024e-10
2.268441760743e-10
2.319307065437e-10
2.309032202866e-10
2.276920825827e-10
2.245099331363e-10
2.214138400825e-10
2.184019784732e-10
2.154709570733e-10
2.126175642824e-10
2.098387563962e-10
2.071316467767e-10
2.044934958495e-10
2.038135786888e-10
2.085922861256e-10
2.136004613397e-10
2.188550390738e-10
2.243746624779e-10
2.301376445355e-10
2.359327898950e-10
2.417279352546e-10
2.475230806141e-10
2.533182259736e-10
2.591133713332e-10
2.529988348457e-10
2.437083831989e-10
2.344179315522e-10
2.251438063114e-10
2.163657163232e-10
2.082464348096e-10
2.007144774640e-10
1.937083409005e-10
1.871748194385e-10
1.810676514093e-10
1.795594186134e-10
1.877702734248e-10
1.967680404254e-10
2.066715374247e-10
2.176247707840e-10
2.297712439218e-10
2.423268763520e-10
2.548825087822e-10
2.674381412123e-10
2.799937736425e-10
2.925494060727e-10
2.912423607061e-10
2.873360632526e-10
2.834297657991e-10
2.795234683456e-10
2.756171708921e-10
2.717108734386e-10
2.678045759851e-10
2.638982785316e-10
2.599919810781e-10
2.560856836246e-10
2.543131114278e-10
2.561983539569e-10
2.580835964859e-10
2.599688390150e-10
2.618540815441e-10
2.637393240731e-10
2.656245666022e-10
2.675098091312e-10
2.693950516603e-10
2.712802941894e-10
2.731655367184e-10
2.665186558859e-10
2.588679958343e-10
2.512173357827e-10
2.435666757311e-10
2.359160156795e-10
2.282653556279e-10
2.207926572719e-10
2.137880825286e-10
2.072142774387e-10
2.010326900216e-10
2.010908376499e-10
2.098450766361e-10
2.193962175200e-10
2.298242222720e-10
2.405200052063e-10
2.512157881405e-10
2.619115710748e-10
2.726073540090e-10
2.833031369433e-10
2.939989198775e-10
3.046947028118e-10
2.998372467880e-10
2.941157219332e-10
2.883941970785e-10
2.826726722237e-10
2.769511473689e-10
2.712296225142e-10
2.655080976594e-10
2.597865728046e-10
2.540650479498e-10
2.483435230951e-10
2.416651907582e-10
2.339237389969e-10
2.261856750087e-10
2.187561254933e-10
2.117991325599e-10
2.052710003946e-10
1.991332593207e-10
1.933519071569e-10
1.878967790003e-10
1.827410207645e-10
1.778606470781e-10
2.175078368966e-10
2.207616089910e-10
2.241142079884e-10
2.275690666254e-10
2.310626725840e-10
2.345562785426e-10
2.380498845013e-10
2.415434904599e-10
2.450370964186e-10
2.485307023772e-10
2.520243083359e-10
2.540737867788e-10
2.548235504575e-10
2.555733141363e-10
2.563230778150e-10
2.570728414938e-10
2.578226051725e-10
2.585723688513e-10
2.593221325300e-10
2.600718962088e-10
2.608216598875e-10
2.614258374932e-10
2.594094657841e-10
2.573930940750e-10
2.553767223659e-10
2.533603506568e-10
2.513439789477e-10
2.493276072386e-10
2.473112355295e-10
2.452948638204e-10
2.432784921113e-10
2.412621204022e-10
2.352428470150e-10
2.263148328153e-10
2.177776304256e-10
2.098611067078e-10
2.024999482630e-10
1.956376949706e-10
1.892252890709e-10
1.832199005322e-10
1.775839692114e-10
1.722844185206e-10
1.684224130867e-10
1.745344018390e-10
1.811066987528e-10
1.881933389079e-10
1.958571592925e-10
2.041716670923e-10
2.132234049505e-10
2.231149745837e-10
2.337649880629e-10
2.444847926481e-10
2.552045972333e-10
2.549706607002e-10
2.483470418482e-10
2.417234229962e-10
2.350998041443e-10
2.284761852923e-10
2.219693626890e-10
2.158149771399e-10
2.099926610204e-10
2.044762443684e-10
1.992422367269e-10
1.952009949094e-10
1.962390453759e-10
1.972881952699e-10
1.983486235705e-10
1.994205131255e-10
2.005040507568e-10
2.015994273686e-10
2.027068380599e-10
2.038264822403e-10
2.049585637493e-10
2.061032909805e-10
2.048595537896e-10
2.025541002166e-10
2.002999595197e-10
1.980954374344e-10
1.959389134733e-10
1.938288369533e-10
1.917637232773e-10
1.897421504506e-10
1.877627558158e-10
1.858242329892e-10
1.848934986325e-10
1.876578960784e-10
1.905062108465e-10
1.934423229784e-10
1.964703554591e-10
1.995946935341e-10
2.028200058991e-10
2.061512679776e-10
2.095937875319e-10
2.131532328822e-10
2.168356640519e-10
2.174698461137e-10
2.169883954275e-10
2.165090717740e-10
2.160318610884e-10
2.155567494300e-10
2.150837229799e-10
2.146127680409e-10
2.141438710349e-10
2.136770185027e-10
2.132121971018e-10
2.137484434441e-10
2.171497914260e-10
2.206611401480e-10
2.242879135070e-10
2.280317304185e-10
2.318098346727e-10
2.355879389269e-10
2.393660431811e-10
2.431441474353e-10
2.469222516895e-10
2.507003559437e-10
2.462020076348e-10
2.394966053092e-10
2.327912029836e-10
2.260899714587e-10
2.196317055230e-10
2.135321539717e-10
2.077622380198e-10
2.022959391756e-10
1.971099069740e-10
1.921831255382e-10
1.912960136088e-10
1.991191704771e-10
2.076094754398e-10
2.168560696263e-10
2.269647152562e-10
2.375535121304e-10
2.481423498862e-10
2.587311876420e-10
2.693200253977e-10
2.799088631535e-10
2.904977009093e-10
2.877196261912e-10
2.824352553843e-10
2.771508845774e-10
2.718665137705e-10
2.665821429636e-10
2.612977721567e-10
2.560134013498e-10
2.507290305429e-10
2.454446597360e-10
2.401602889291e-10
2.381110678969e-10
2.416078179071e-10
2.451045679173e-10
2.486013179275e-10
2.520980679376e-10
2.555948179478e-10
2.590915679580e-10
2.625883179682e-10
2.660850679784e-10
2.695818179886e-10
2.730785679987e-10
2.664905869197e-10
2.587161668890e-10
2.509417468583e-10
2.431673268276e-10
2.353929067969e-10
2.276184867662e-10
2.200663868652e-10
2.129981310849e-10
2.063697926962e-10
2.001415415093e-10
2.010318818529e-10
2.121143230014e-10
2.244899556577e-10
2.378599212763e-10
2.512593335588e-10
2.646587458414e-10
2.780581581239e-10
2.914575704064e-10
3.048569826889e-10
3.182563949715e-10
3.316558072540e-10
3.243966092963e-10
3.159897107697e-10
3.075828122431e-10
2.991759137165e-10
2.907690151899e-10
2.823621166633e-10
2.739552181367e-10
2.655483196101e-10
2.571414210835e-10
2.487345225569e-10
2.404133518943e-10
2.321874344138e-10
2.240032575763e-10
2.162736569246e-10
2.090597080168e-10
2.023114767371e-10
1.959852746520e-10
1.900427121189e-10
1.844499185920e-10
1.791768966661e-10
1.741969838409e-10
2.241110625027e-10
2.275071118791e-10
2.309419918851e-10
2.343768718911e-10
2.378117518971e-10
2.412466319031e-10
2.446815119091e-10
2.481163919151e-10
2.515512719211e-10
2.549861519271e-10
2.584210319331e-10
2.601752197154e-10
2.604167844964e-10
2.606583492774e-10
2.608999140584e-10
2.611414788394e-10
2.613830436204e-10
2.616246084014e-10
2.618661731824e-10
2.621077379634e-10
2.623493027444e-10
2.624692466249e-10
2.604000142963e-10
2.583307819678e-10
2.562615496392e-10
2.541923173106e-10
2.521230849820e-10
2.500538526534e-10
2.479846203248e-10
2.459153879962e-10
2.438461556676e-10
2.417769233391e-10
2.356911604511e-10
2.266849085362e-10
2.180498107996e-10
2.100484450954e-10
2.026135161965e-10
1.956869311468e-10
1.892182783035e-10
1.831635983892e-10
1.774843841738e-10
1.721467606566e-10
1.682103859466e-10
1.738700362024e-10
1.799237989904e-10
1.864143256648e-10
1.933906522776e-10
2.009094407243e-10
2.090365211259e-10
2.178488243429e-10
2.274362039230e-10
2.374131423524e-10
2.473900807817e-10
2.473627716379e-10
2.414996514097e-10
2.356365311815e-10
2.297734109532e-10
2.239534128769e-10
2.183913403301e-10
2.130988500379e-10
2.080568065788e-10
2.032478436929e-10
1.986561644415e-10
1.950835374030e-10
1.959501853682e-10
1.968245677658e-10
1.977067885991e-10
1.985969537448e-10
1.994951709947e-10
2.004015500998e-10
2.013162028146e-10
2.022392429434e-10
2.031707863870e-10
2.041109511917e-10
2.026737879735e-10
2.001891336744e-10
1.977646621971e-10
1.953982131013e-10
1.930877281310e-10
1.908312452442e-10
1.886268930551e-10
1.864728856588e-10
1.843675178051e-10
1.823091603963e-10
1.811345139675e-10
1.831476453506e-10
1.852060275900e-10
1.873112037405e-10
1.894647878213e-10
1.916684689426e-10
1.939240157244e-10
1.962332810300e-10
1.985982070427e-10
2.010208307136e-10
2.035032896133e-10
2.054612167845e-10
2.072444170019e-10
2.090588410408e-10
2.109053162379e-10
2.127846994193e-10
2.146978782269e-10
2.166457725156e-10
2.186293358285e-10
2.206495569530e-10
2.227074615647e-10
2.247014863758e-10
2.264394783666e-10
2.281988353633e-10
2.299598985121e-10
2.317209616610e-10
2.334820248099e-10
2.352430879587e-10
2.370041511076e-10
2.387652142564e-10
2.405262774053e-10
2.422873405541e-10
2.394051804240e-10
2.352848274195e-10
2.311644744150e-10
2.270441226712e-10
2.229978045222e-10
2.190931857919e-10
2.153229512362e-10
2.116802806260e-10
2.081588075724e-10
2.047525823943e-10
2.046741929743e-10
2.119281793021e-10
2.197152449793e-10
2.280916941764e-10
2.367137372577e-10
2.453357803391e-10
2.539578234204e-10
2.625798665018e-10
2.712019095831e-10
2.798239526645e-10
2.884459957458e-10
2.841968916763e-10
2.775344475160e-10
2.708720033557e-10
2.642095591954e-10
2.575471150351e-10
2.508846708748e-10
2.442222267145e-10
2.375597825542e-10
2.308973383939e-10
2.242696378229e-10
2.220233300667e-10
2.270172902890e-10
2.321255393486e-10
2.372337968399e-10
2.423420543312e-10
2.474503118225e-10
2.525585693138e-10
2.576668268051e-10
2.627750842965e-10
2.678833417878e-10
2.729915992791e-10
2.664625179536e-10
2.585643379437e-10
2.506661579339e-10
2.427679779241e-10
2.348697979142e-10
2.269716531080e-10
2.193448787486e-10
2.122139959241e-10
2.055321632716e-10
1.992582587911e-10
2.009729606150e-10
2.144331847681e-10
2.297925786498e-10
2.458956202806e-10
2.619986619114e-10
2.781017035422e-10
2.942047451730e-10
3.103077868038e-10
3.264108284346e-10
3.425138700654e-10
3.586169116962e-10
3.489559718046e-10
3.378636996061e-10
3.267714274077e-10
3.156791552093e-10
3.045868830109e-10
2.934946108125e-10
2.824023386140e-10
2.713100664156e-10
2.602177942172e-10
2.491255220188e-10
2.391615130303e-10
2.304511298307e-10
2.218625530276e-10
2.138468988002e-10
2.063902424306e-10
1.994360788850e-10
1.929352704710e-10
1.868448840129e-10
1.811272415294e-10
1.757491400373e-10
1.706812063418e-10
2.310562149968e-10
2.344323690502e-10
2.378085231035e-10
2.411846771569e-10
2.445608312103e-10
2.479369852636e-10
2.513131393170e-10
2.546892933703e-10
2.580654474237e-10
2.614416014770e-10
2.648177555304e-10
2.662766526521e-10
2.660100185354e-10
2.657433844186e-10
2.654767503019e-10
2.652101161851e-10
2.649434820684e-10
2.646768479516e-10
2.644102138348e-10
2.641435797181e-10
2.638769456013e-10
2.635126557566e-10
2.613905628086e-10
2.592684698605e-10
2.571463769124e-10
2.550242839644e-10
2.529021910163e-10
2.507800980682e-10
2.486580051202e-10
2.465359121721e-10
2.444138192240e-10
2.422917262759e-10
2.361394738871e-10
2.270561965537e-10
2.183226723717e-10
2.102361182475e-10
2.027272115860e-10
1.957361921118e-10
1.892112680556e-10
1.831073308381e-10
1.773849107636e-10
1.720093225984e-10
1.679988919777e-10
1.732107092052e-10
1.787562511938e-10
1.846686318820e-10
1.909854960533e-10
1.977498217046e-10
2.050108991832e-10
2.128255342630e-10
2.212595372776e-10
2.303414920567e-10
2.395755643302e-10
2.397548825756e-10
2.346522609711e-10
2.295496393667e-10
2.244767690021e-10
2.195980259212e-10
2.149268395179e-10
2.104502405231e-10
2.061563181418e-10
2.020341142292e-10
1.980735299146e-10
1.949662211660e-10
1.956621745031e-10
1.963631142033e-10
1.970690940487e-10
1.977801685976e-10
1.984963931985e-10
1.992178240048e-10
1.999445179890e-10
2.006765329581e-10
2.014139275685e-10
2.021567613423e-10
2.005341721714e-10
1.978787551882e-10
1.952927437231e-10
1.927734517659e-10
1.903183301404e-10
1.879249579001e-10
1.855910343660e-10
1.833143717495e-10
1.810928883122e-10
1.789246020174e-10
1.775253281863e-10
1.788491088114e-10
1.801927802395e-10
1.815567941759e-10
1.829416161070e-10
1.843477258307e-10
1.857756180099e-10
1.872258027535e-10
1.886988062232e-10
1.901951712705e-10
1.917154581037e-10
1.947094127684e-10
1.983379468152e-10
2.021042890972e-10
2.060164423182e-10
2.100830410499e-10
2.143134153504e-10
2.187176622268e-10
2.233067260952e-10
2.280878253111e-10
2.329320434545e-10
2.364341047295e-10
2.361781267730e-10
2.359221488165e-10
2.356661708600e-10
2.354101929035e-10
2.351542149471e-10
2.348982369906e-10
2.346422590341e-10
2.343862810776e-10
2.341303031211e-10
2.338743251646e-10
2.326083532132e-10
2.310730495298e-10
2.295377458464e-10
2.280024421630e-10
2.264686878433e-10
2.249516153911e-10
2.234547328737e-10
2.219776399093e-10
2.205199466329e-10
2.190812733535e-10
2.200642637714e-10
2.264984523076e-10
2.331523033269e-10
2.398075517338e-10
2.464628001408e-10
2.531180485477e-10
2.597732969546e-10
2.664285453616e-10
2.730837937685e-10
2.797390421754e-10
2.863942905824e-10
2.806741571614e-10
2.726336396477e-10
2.645931221340e-10
2.565526046203e-10
2.485120871066e-10
2.404715695929e-10
2.324310520793e-10
2.244215777773e-10
2.168325213183e-10
2.097399401879e-10
2.075426014828e-10
2.133128307504e-10
2.194130907891e-10
2.258725295438e-10
2.325860407248e-10
2.393058056973e-10
2.460255706697e-10
2.527453356421e-10
2.594651006145e-10
2.661848655870e-10
2.729046305594e-10
2.664344489874e-10
2.584125089985e-10
2.503905690095e-10
2.423686290206e-10
2.343466890316e-10
2.263271289036e-10
2.186280862345e-10
2.114356130454e-10
2.047013060278e-10
1.983827381826e-10
2.009140739060e-10
2.168033071279e-10
2.351246483058e-10
2.539313192848e-10
2.727379902639e-10
2.915446612430e-10
3.103513322221e-10
3.291580032012e-10
3.479646741802e-10
3.667713451593e-10
3.855780161384e-10
3.735153343129e-10
3.597376884426e-10
3.459600425724e-10
3.321823967021e-10
3.184047508319e-10
3.046271049616e-10
2.908494590913e-10
2.770718132211e-10
2.632941673508e-10
2.495165214806e-10
2.379096741664e-10
2.287148252477e-10
2.197623767860e-10
2.114739965865e-10
2.037880896893e-10
1.966412701333e-10
1.899787424372e-10
1.837528939944e-10
1.779221554585e-10
1.724500714270e-10
1.673045374958e-10
2.380401981205e-10
2.413576262212e-10
2.446750543219e-10
2.479924824227e-10
2.513099105234e-10
2.546273386241e-10
2.579447667248e-10
2.612621948255e-10
2.645796229263e-10
2.678970510270e-10
2.712144791277e-10
2.723780855888e-10
2.716032525743e-10
2.708284195598e-10
2.700535865453e-10
2.692787535308e-10
2.685039205163e-10
2.677290875018e-10
2.669542544873e-10
2.661794214727e-10
2.654045884582e-10
2.645560648883e-10
2.623811113208e-10
2.602061577532e-10
2.580312041857e-10
2.558562506181e-10
2.536812970506e-10
2.515063434830e-10
2.493313899155e-10
2.471564363479e-10
2.449814827804e-10
2.428065292128e-10
2.365877873231e-10
2.274281084718e-10
2.185962177024e-10
2.104241270623e-10
2.028410346461e-10
1.957854778843e-10
1.892042583271e-10
1.830510978470e-10
1.772855487933e-10
1.718721038199e-10
1.677879291713e-10
1.725563637433e-10
1.776037584276e-10
1.829553301747e-10
1.886394297197e-10
1.946880439976e-10
2.011373984179e-10
2.080286829485e-10
2.154089327566e-10
2.233321031984e-10
2.317610478787e-10
2.321469935132e-10
2.278048705325e-10
2.235188810545e-10
2.193889216919e-10
2.154088121094e-10
2.115705419950e-10
2.078666619698e-10
2.042902353328e-10
2.008347947027e-10
1.974943029869e-10
1.948490459438e-10
1.953750090419e-10
1.959038193279e-10
1.964354999838e-10
1.969700744435e-10
1.975075663968e-10
1.980479997928e-10
1.985913988437e-10
1.991377880276e-10
1.996871920934e-10
2.002396360632e-10
1.984392600430e-10
1.956210963228e-10
1.928818568640e-10
1.902182719737e-10
1.876272501092e-10
1.851058659076e-10
1.826513491681e-10
1.802610746991e-10
1.779325529528e-10
1.756634213758e-10
1.740571617960e-10
1.747477213012e-10
1.754437821246e-10
1.761454102684e-10
1.768526727945e-10
1.775656378464e-10
1.782843746708e-10
1.790089536403e-10
1.797394462760e-10
1.804759252713e-10
1.812184645160e-10
1.850269364844e-10
1.901654566017e-10
1.955975408019e-10
2.013490858377e-10
2.074491267179e-10
2.139303269400e-10
2.208295635827e-10
2.281830574373e-10
2.357123941964e-10
2.432417309556e-10
2.481915003934e-10
2.459184813316e-10
2.436454622697e-10
2.413724432079e-10
2.390994241461e-10
2.368264050842e-10
2.345533860224e-10
2.322803669606e-10
2.300073478988e-10
2.277343288369e-10
2.254725016391e-10
2.258183644420e-10
2.268614472438e-10
2.279110172778e-10
2.289607629156e-10
2.300105085533e-10
2.310602541910e-10
2.321099998287e-10
2.331597454665e-10
2.342094911042e-10
2.352592367419e-10
2.374580480938e-10
2.421465018263e-10
2.468349555588e-10
2.515234092913e-10
2.562118630238e-10
2.609003167564e-10
2.655887704889e-10
2.702772242214e-10
2.749656779539e-10
2.796541316864e-10
2.843425854189e-10
2.771514226465e-10
2.677328317794e-10
2.583142409123e-10
2.488956500453e-10
2.394770591782e-10
2.300584683111e-10
2.208164705277e-10
2.122542095951e-10
2.043311736840e-10
1.969783556255e-10
1.948351321107e-10
2.011687803678e-10
2.079280496802e-10
2.151573342855e-10
2.229074248448e-10
2.311612995720e-10
2.394925720255e-10
2.478238444791e-10
2.561551169326e-10
2.644863893861e-10
2.728176618397e-10
2.664063800213e-10
2.582606800532e-10
2.501149800851e-10
2.419692801170e-10
2.338235801490e-10
2.256862548040e-10
2.179159632432e-10
2.106629193834e-10
2.038771391663e-10
1.975148778135e-10
2.008552216954e-10
2.192264088226e-10
2.404567179617e-10
2.619670182891e-10
2.834773186165e-10
3.049876189438e-10
3.264979192712e-10
3.480082195985e-10
3.695185199259e-10
3.910288202533e-10
4.125391205806e-10
3.980746968211e-10
3.816116772791e-10
3.651486577370e-10
3.486856381949e-10
3.322226186528e-10
3.157595991108e-10
2.992965795687e-10
2.828335600266e-10
2.663705404845e-10
2.499075209424e-10
2.366578353024e-10
2.269785506440e-10
2.177015887074e-10
2.091531771596e-10
2.012507354674e-10
1.939237092841e-10
1.871114581398e-10
1.807615732358e-10
1.748285265244e-10
1.692725773779e-10
1.640588813084e-10
2.450241812442e-10
2.482828833923e-10
2.515415855404e-10
2.548002876884e-10
2.580589898365e-10
2.613176919846e-10
2.645763941327e-10
2.678350962807e-10
2.710937984288e-10
2.743525005769e-10
2.776112027250e-10
2.784795185255e-10
2.771964866132e-10
2.759134547010e-10
2.746304227887e-10
2.733473908764e-10
2.720643589642e-10
2.707813270519e-10
2.694982951397e-10
2.682152632274e-10
2.669322313151e-10
2.655994740200e-10
2.633716598330e-10
2.611438456459e-10
2.589160314589e-10
2.566882172719e-10
2.544604030849e-10
2.522325888978e-10
2.500047747108e-10
2.477769605238e-10
2.455491463368e-10
2.433213321497e-10
2.370361007591e-10
2.278000204932e-10
2.188704493652e-10
2.106124724410e-10
2.029549855920e-10
1.958347884830e-10
1.891972491180e-10
1.829948993840e-10
1.771862980757e-10
1.717351037968e-10
1.675774955290e-10
1.719069435722e-10
1.764660313647e-10
1.812735272579e-10
1.863503021205e-10
1.917196322392e-10
1.974075561372e-10
2.034432968515e-10
2.098597641204e-10
2.166941546976e-10
2.239886739153e-10
2.245668075692e-10
2.211172533033e-10
2.177720724653e-10
2.145265985994e-10
2.113764393435e-10
2.083174565957e-10
2.053457483789e-10
2.024576322359e-10
1.996496300059e-10
1.969184538510e-10
1.947320114823e-10
1.950886852675e-10
1.954466680274e-10
1.958059669809e-10
1.961665894003e-10
1.965285426114e-10
1.968918339945e-10
1.972564709841e-10
1.976224610703e-10
1.979898117986e-10
1.983585307708e-10
1.963876650606e-10
1.934143729514e-10
1.905297688790e-10
1.877299430442e-10
1.850112121367e-10
1.823701031688e-10
1.798033386753e-10
1.773078231442e-10
1.748806305632e-10
1.725189929750e-10
1.707219082282e-10
1.708302237486e-10
1.709386767991e-10
1.710472676418e-10
1.711559965395e-10
1.712648637556e-10
1.713738695542e-10
1.714830142002e-10
1.715922979588e-10
1.717017210964e-10
1.718112838796e-10
1.762618189805e-10
1.826398062985e-10
1.894966940725e-10
1.968885247220e-10
2.048804399528e-10
2.135486056384e-10
2.229826469212e-10
2.331225077068e-10
2.433369630817e-10
2.535514184566e-10
2.599488960573e-10
2.556588358901e-10
2.513687757230e-10
2.470787155558e-10
2.427886553886e-10
2.384985952214e-10
2.342085350543e-10
2.299184748871e-10
2.256373971059e-10
2.214790393914e-10
2.174711800088e-10
2.192900777414e-10
2.227335717401e-10
2.262869368400e-10
2.299190836681e-10
2.335538786269e-10
2.371886735858e-10
2.408234685446e-10
2.444582635035e-10
2.480930584623e-10
2.517278534211e-10
2.550742896745e-10
2.577959487326e-10
2.605176077907e-10
2.632392668488e-10
2.659609259069e-10
2.686825849650e-10
2.714042440231e-10
2.741259030812e-10
2.768475621393e-10
2.795692211974e-10
2.822908802555e-10
2.736286881316e-10
2.628320239111e-10
2.520353596907e-10
2.412386954702e-10
2.304420312497e-10
2.198798987254e-10
2.102010275754e-10
2.013383356269e-10
1.931927620469e-10
1.856806535306e-10
1.835939939613e-10
1.903329886549e-10
1.975855571766e-10
2.054127338417e-10
2.138856231692e-10
2.230875661194e-10
2.329595733814e-10
2.429023533160e-10
2.528451332507e-10
2.627879131853e-10
2.727306931200e-10
2.663783110551e-10
2.581088511079e-10
2.498393911607e-10
2.415699312135e-10
2.333004712663e-10
2.250489998895e-10
2.172084642939e-10
2.098958527915e-10
2.030595822009e-10
1.966545775885e-10
2.007964039530e-10
2.217042863005e-10
2.457887876177e-10
2.700027172934e-10
2.942166469690e-10
3.184305766446e-10
3.426445063203e-10
3.668584359959e-10
3.910723656716e-10
4.152862953472e-10
4.395002250228e-10
4.226340593294e-10
4.034856661155e-10
3.843372729016e-10
3.651888796877e-10
3.460404864738e-10
3.268920932599e-10
3.077437000460e-10
2.885953068321e-10
2.694469136182e-10
2.502985204043e-10
2.354059964384e-10
2.252566696220e-10
2.156790910166e-10
2.068827443877e-10
1.987757891223e-10
1.912802373222e-10
1.843294368824e-10
1.778660840925e-10
1.718406401918e-10
1.662100592257e-10
1.609367580688e-10
2.520081643679e-10
2.552081405633e-10
2.584081167588e-10
2.616080929542e-10
2.648080691496e-10
2.680080453451e-10
2.712080215405e-10
2.744079977359e-10
2.776079739314e-10
2.808079501268e-10
2.840079263222e-10
2.845809514622e-10
2.827897206522e-10
2.809984898421e-10
2.792072590321e-10
2.774160282221e-10
2.756247974121e-10
2.738335666021e-10
2.720423357921e-10
2.702511049821e-10
2.684598741720e-10
2.666428831517e-10
2.643622083452e-10
2.620815335387e-10
2.598008587322e-10
2.575201839257e-10
2.552395091192e-10
2.529588343127e-10
2.506781595061e-10
2.483974846996e-10
2.461168098931e-10
2.438361350866e-10
2.374844141952e-10
2.281719325147e-10
2.191453699462e-10
2.108011552884e-10
2.030690646394e-10
1.958841239268e-10
1.891902404282e-10
1.829387354173e-10
1.770871584240e-10
1.715983220065e-10
1.673675890623e-10
1.712623932911e-10
1.753427880449e-10
1.796223623933e-10
1.841160652641e-10
1.888403799098e-10
1.938135259403e-10
1.990556941443e-10
2.045893204765e-10
2.104394070525e-10
2.166338998363e-10
2.173638347809e-10
2.148089178314e-10
2.123133646295e-10
2.098751299516e-10
2.074922614584e-10
2.051628944802e-10
2.028852471514e-10
2.006576158639e-10
1.984783710179e-10
1.963459530463e-10
1.946151175279e-10
1.948031994851e-10
1.949916453302e-10
1.951804561203e-10
1.953696329165e-10
1.955591767841e-10
1.957490887925e-10
1.959393700153e-10
1.961300215302e-10
1.963210444192e-10
1.965124397684e-10
1.943780574495e-10
1.912568805530e-10
1.882343546235e-10
1.853058753371e-10
1.824671205097e-10
1.797140288124e-10
1.770427803848e-10
1.744497791521e-10
1.719316366734e-10
1.694851573694e-10
1.675120705790e-10
1.670845199808e-10
1.666591463497e-10
1.662359331011e-10
1.658148638186e-10
1.653959222516e-10
1.649790923133e-10
1.645643580787e-10
1.641517037824e-10
1.637411138170e-10
1.633325727307e-10
1.682895852225e-10
1.756871247380e-10
1.837649165387e-10
1.926213131968e-10
2.023745873976e-10
2.131682441405e-10
2.251781286727e-10
2.380619579764e-10
2.509615319670e-10
2.638611059577e-10
2.717062917212e-10
2.653991904487e-10
2.590920891762e-10
2.527849879037e-10
2.464778866311e-10
2.401707853586e-10
2.338636840861e-10
2.275565828136e-10
2.213945145946e-10
2.155564036946e-10
2.100182808691e-10
2.131286439911e-10
2.187532299489e-10
2.246827349285e-10
2.308774044206e-10
2.370972487006e-10
2.433170929805e-10
2.495369372605e-10
2.557567815405e-10
2.619766258204e-10
2.681964701004e-10
2.726905312552e-10
2.734453956389e-10
2.742002600226e-10
2.749551244063e-10
2.757099887899e-10
2.764648531736e-10
2.772197175573e-10
2.779745819410e-10
2.787294463247e-10
2.794843107084e-10
2.802391750921e-10
2.701059536167e-10
2.579312160429e-10
2.457564784690e-10
2.335817408951e-10
2.215443736334e-10
2.105302585945e-10
2.005594142682e-10
1.914903136090e-10
1.832059209538e-10
1.756086138956e-10
1.735792288118e-10
1.806048559033e-10
1.882231983191e-10
1.965125657760e-10
2.055656985850e-10
2.154932521938e-10
2.264283426577e-10
2.379808621530e-10
2.495351495688e-10
2.610894369845e-10
2.726437244003e-10
2.663502420890e-10
2.579570221626e-10
2.495638022363e-10
2.411705823100e-10
2.327773623837e-10
2.244153335888e-10
2.165055444940e-10
2.091343520246e-10
2.022485559313e-10
1.958017391486e-10
2.007376206485e-10
2.242388181581e-10
2.511208572737e-10
2.780384162976e-10
3.049559753216e-10
3.318735343455e-10
3.587910933694e-10
3.857086523933e-10
4.126262114172e-10
4.395437704411e-10
4.664613294651e-10
4.471934218377e-10
4.253596549520e-10
4.035258880663e-10
3.816921211805e-10
3.598583542948e-10
3.380245874090e-10
3.161908205233e-10
2.943570536376e-10
2.725232867518e-10
2.506895198661e-10
2.341541575745e-10
2.235607166162e-10
2.136938263573e-10
2.046610749964e-10
1.963609761818e-10
1.887078651640e-10
1.816289312441e-10
1.750618939962e-10
1.689531660157e-10
1.632563873582e-10
1.579312468038e-10
2.521282364833e-10
2.547164352100e-10
2.573046339367e-10
2.598928326634e-10
2.624810313901e-10
2.650692301168e-10
2.676574288435e-10
2.702456275701e-10
2.728338262968e-10
2.754220250235e-10
2.780102237502e-10
2.781828521449e-10
2.761814672407e-10
2.741800823365e-10
2.721786974324e-10
2.701773125282e-10
2.681759276241e-10
2.661745427199e-10
2.641731578157e-10
2.621717729116e-10
2.601703880074e-10
2.581691641279e-10
2.561708386928e-10
2.541725132577e-10
2.521741878226e-10
2.501758623875e-10
2.481775369523e-10
2.461792115172e-10
2.441808860821e-10
2.421825606470e-10
2.401842352119e-10
2.381859097768e-10
2.331016563136e-10
2.257803559381e-10
2.187595517865e-10
2.121622136600e-10
2.059511505692e-10
2.000934027310e-10
1.945596564809e-10
1.893237536597e-10
1.843622781426e-10
1.796542057217e-10
1.760343212422e-10
1.798607189101e-10
1.838571589176e-10
1.880352336816e-10
1.924076138519e-10
1.969881766568e-10
2.017921530274e-10
2.068362967889e-10
2.121390798767e-10
2.177209183728e-10
2.236044351909e-10
2.238731544687e-10
2.208084022585e-10
2.178264278111e-10
2.149239221214e-10
2.120977502330e-10
2.093449399436e-10
2.066626713784e-10
2.040482673548e-10
2.014991844696e-10
1.990130048457e-10
1.970171067426e-10
1.973383746350e-10
1.976606919960e-10
1.979840639764e-10
1.983084957608e-10
1.986339925678e-10
1.989605596502e-10
1.992882022955e-10
1.996169258262e-10
1.999467355998e-10
2.002776370093e-10
1.972579100923e-10
1.928627701440e-10
1.886592192161e-10
1.846349971589e-10
1.807788680427e-10
1.770805153912e-10
1.735304500163e-10
1.701199287222e-10
1.668408824099e-10
1.636858523406e-10
1.613631916880e-10
1.617686656730e-10
1.621761825442e-10
1.625857577796e-10
1.629974070137e-10
1.634111460400e-10
1.638269908127e-10
1.642449574486e-10
1.646650622298e-10
1.650873216050e-10
1.655117521923e-10
1.703334126608e-10
1.771706242919e-10
1.845796836186e-10
1.926354636574e-10
2.014265049354e-10
2.110582832425e-10
2.216574620094e-10
2.332065364903e-10
2.448873397503e-10
2.565681430104e-10
2.637236742929e-10
2.582084440383e-10
2.526932137838e-10
2.471779835293e-10
2.416627532747e-10
2.361475230202e-10
2.306322927657e-10
2.251335645630e-10
2.198390816898e-10
2.147878986164e-10
2.099636213226e-10
2.133936254030e-10
2.192655237449e-10
2.254697168361e-10
2.319286003407e-10
2.383987151225e-10
2.448688299043e-10
2.513389446861e-10
2.578090594678e-10
2.642791742496e-10
2.707492890314e-10
2.750577867120e-10
2.746827806734e-10
2.743077746348e-10
2.739327685962e-10
2.735577625577e-10
2.731827565191e-10
2.728077504805e-10
2.724327444419e-10
2.720577384033e-10
2.716827323647e-10
2.713077263261e-10
2.619465630664e-10
2.509004953276e-10
2.398544275888e-10
2.288083598501e-10
2.181281188557e-10
2.083892307063e-10
1.994828100882e-10
1.913064945388e-10
1.837740431660e-10
1.768122830470e-10
1.750744293959e-10
1.819190214143e-10
1.893205709931e-10
1.973499423664e-10
2.060905540513e-10
2.156412878265e-10
2.261202458723e-10
2.371961332421e-10
2.482759348816e-10
2.593557365211e-10
2.704355381606e-10
2.654737721318e-10
2.586247628480e-10
2.517757535641e-10
2.449267442802e-10
2.380777349964e-10
2.312287257125e-10
2.244110101863e-10
2.179146064523e-10
2.117837454331e-10
2.059884186004e-10
2.108849724678e-10
2.328638485234e-10
2.560835204160e-10
2.793031923087e-10
3.025228642014e-10
3.257425360940e-10
3.489622079867e-10
3.721818798793e-10
3.954015517720e-10
4.186212236647e-10
4.418408955573e-10
4.245589120461e-10
4.050268365680e-10
3.854947610899e-10
3.659626856118e-10
3.464306101337e-10
3.268985346556e-10
3.073664591775e-10
2.878343836994e-10
2.683023082213e-10
2.487702327432e-10
2.343708828177e-10
2.256829760228e-10
2.174069368723e-10
2.097164090257e-10
2.025513799326e-10
1.958597674891e-10
1.895961519557e-10
1.837207436546e-10
1.781985368387e-10
1.729986117041e-10
1.680935551427e-10
2.518669802094e-10
2.538126763831e-10
2.557583725568e-10
2.577040687306e-10
2.596497649043e-10
2.615954610780e-10
2.635411572517e-10
2.654868534254e-10
2.674325495991e-10
2.693782457728e-10
2.713239419465e-10
2.710903343690e-10
2.688953534153e-10
2.667003724617e-10
2.645053915080e-10
2.623104105543e-10
2.601154296007e-10
2.579204486470e-10
2.557254676933e-10
2.535304867397e-10
2.513355057860e-10
2.491667157622e-10
2.474693624757e-10
2.457720091893e-10
2.440746559028e-10
2.423773026164e-10
2.406799493299e-10
2.389825960434e-10
2.372852427570e-10
2.355878894705e-10
2.338905361841e-10
2.321931828976e-10
2.284505055811e-10
2.232842047939e-10
2.183385891527e-10
2.136073110948e-10
2.090767324172e-10
2.047343479426e-10
2.005686702523e-10
1.965691282106e-10
1.927259773927e-10
1.890302208191e-10
1.862270143381e-10
1.899696747879e-10
1.938658553281e-10
1.979251995995e-10
2.021581762275e-10
2.065761689689e-10
2.111915789425e-10
2.160179408785e-10
2.210700556800e-10
2.263641420316e-10
2.318162926970e-10
2.315301063153e-10
2.278953051041e-10
2.242946244651e-10
2.208030655191e-10
2.174185454082e-10
2.141362162939e-10
2.109515187311e-10
2.078601605382e-10
2.048580974959e-10
2.019415156968e-10
1.996245416890e-10
2.001036855506e-10
2.005851350525e-10
2.010689068772e-10
2.015550178681e-10
2.020434850322e-10
2.025343255414e-10
2.030275567354e-10
2.035231961226e-10
2.040212613834e-10
2.045217703712e-10
2.005093170555e-10
1.947101590101e-10
1.892370198936e-10
1.840631590092e-10
1.791646822633e-10
1.745201732006e-10
1.701103799787e-10
1.659179486290e-10
1.619271948139e-10
1.581239077475e-10
1.554947914458e-10
1.566913186498e-10
1.579064031247e-10
1.591404799594e-10
1.603939979508e-10
1.616674201489e-10
1.629612244262e-10
1.642759040763e-10
1.656119684407e-10
1.669699435665e-10
1.683503728977e-10
1.729910179368e-10
1.791494785085e-10
1.857626061692e-10
1.928826815803e-10
2.005703203106e-10
2.088962027902e-10
2.179432537973e-10
2.278069554623e-10
2.380521052502e-10
2.482972550381e-10
2.546443894705e-10
2.500770809075e-10
2.455097723444e-10
2.409424637814e-10
2.363751552184e-10
2.318078466554e-10
2.272405380923e-10
2.227564137406e-10
2.184457035301e-10
2.142986649441e-10
2.103061500759e-10
2.140089569135e-10
2.200283864336e-10
2.263962328400e-10
2.329849559923e-10
2.395756313415e-10
2.461663066907e-10
2.527569820399e-10
2.593476573891e-10
2.659383327383e-10
2.725290080875e-10
2.765778762730e-10
2.751194956040e-10
2.736611149349e-10
2.722027342658e-10
2.707443535967e-10
2.692859729277e-10
2.678275922586e-10
2.663692115895e-10
2.649108309204e-10
2.634524502514e-10
2.619940695823e-10
2.535295805140e-10
2.437514461208e-10
2.339733117277e-10
2.242308981435e-10
2.150839904932e-10
2.066540826388e-10
1.988600488573e-10
1.916325573574e-10
1.849120022137e-10
1.786468557184e-10
1.772275782720e-10
1.838570372925e-10
1.910017391198e-10
1.987241794968e-10
2.070973871540e-10
2.162072404484e-10
2.261554235651e-10
2.366412244563e-10
2.471306518052e-10
2.576200791541e-10
2.681095065031e-10
2.645501687863e-10
2.593380351794e-10
2.541259015726e-10
2.489137679657e-10
2.437016343588e-10
2.384895007520e-10
2.332773671451e-10
2.280652335382e-10
2.229296634575e-10
2.180162090080e-10
2.227758005107e-10
2.418595160173e-10
2.610256609743e-10
2.801918059312e-10
2.993579508882e-10
3.185240958452e-10
3.376902408022e-10
3.568563857592e-10
3.760225307162e-10
3.951886756731e-10
4.143548206301e-10
3.993025204600e-10
3.823491955606e-10
3.653958706612e-10
3.484425457619e-10
3.314892208625e-10
3.145358959631e-10
2.975825710637e-10
2.806292461643e-10
2.636759212649e-10
2.467225963656e-10
2.346691949557e-10
2.280601529787e-10
2.215863720331e-10
2.154660378897e-10
2.096747102183e-10
2.041865541599e-10
1.989783707328e-10
1.940292690279e-10
1.893203861360e-10
1.848346468919e-10
1.805565569832e-10
2.516057239355e-10
2.529089175562e-10
2.542121111770e-10
2.555153047977e-10
2.568184984185e-10
2.581216920392e-10
2.594248856599e-10
2.607280792807e-10
2.620312729014e-10
2.633344665221e-10
2.646376601429e-10
2.639978165931e-10
2.616092395900e-10
2.592206625868e-10
2.568320855836e-10
2.544435085805e-10
2.520549315773e-10
2.496663545741e-10
2.472777775710e-10
2.448892005678e-10
2.425006235646e-10
2.401642673965e-10
2.387678862587e-10
2.373715051209e-10
2.359751239831e-10
2.345787428453e-10
2.331823617075e-10
2.317859805697e-10
2.303895994319e-10
2.289932182941e-10
2.275968371563e-10
2.262037054102e-10
2.238455448067e-10
2.208426433279e-10
2.179192435380e-10
2.150722294785e-10
2.122986459255e-10
2.095956881571e-10
2.069606924929e-10
2.043911275385e-10
2.018845860743e-10
1.994387775332e-10
1.976726014595e-10
2.012826357037e-10
2.050269807264e-10
2.089132741238e-10
2.129497437642e-10
2.171452659357e-10
2.215094305055e-10
2.260526140979e-10
2.307259384527e-10
2.354037614283e-10
2.400815844039e-10
2.392324527118e-10
2.351592641301e-10
2.310860755485e-10
2.270128971769e-10
2.230131705303e-10
2.191519455203e-10
2.154221505780e-10
2.118171874885e-10
2.083308924366e-10
2.049575008366e-10
2.023019188037e-10
2.029475987589e-10
2.035974134992e-10
2.042514028694e-10
2.049096072281e-10
2.055720674557e-10
2.062388249629e-10
2.069099216995e-10
2.075854001631e-10
2.082653034080e-10
2.089496750544e-10
2.038697064194e-10
1.965932816019e-10
1.898183706678e-10
1.834948520345e-10
1.775790677005e-10
1.720328138740e-10
1.668225150236e-10
1.619185436089e-10
1.572946563692e-10
1.529275245172e-10
1.500382526350e-10
1.519229925301e-10
1.538556859892e-10
1.558381867229e-10
1.578724452327e-10
1.599605152119e-10
1.621045604611e-10
1.643068623680e-10
1.665698280045e-10
1.688959989029e-10
1.712880605779e-10
1.757328675163e-10
1.811730364688e-10
1.869607885941e-10
1.931305348507e-10
1.997213834846e-10
2.067779698561e-10
2.143514686264e-10
2.225008368369e-10
2.312168707501e-10
2.400263670659e-10
2.455651046481e-10
2.419457177766e-10
2.383263309051e-10
2.347069440336e-10
2.310875571621e-10
2.274681702905e-10
2.238935936483e-10
2.204289383458e-10
2.170698770688e-10
2.138116549134e-10
2.106497982389e-10
2.146278473666e-10
2.207965759178e-10
2.273300757274e-10
2.340413116440e-10
2.407525475606e-10
2.474637834772e-10
2.541750193938e-10
2.608862553104e-10
2.675974912270e-10
2.743087271436e-10
2.780979658340e-10
2.755562105345e-10
2.730144552349e-10
2.704726999354e-10
2.679309446358e-10
2.653891893362e-10
2.628474340367e-10
2.603056787371e-10
2.577639234376e-10
2.552221681380e-10
2.526804128384e-10
2.451125979616e-10
2.366023969141e-10
2.280921958665e-10
2.198204876655e-10
2.121236585166e-10
2.049475913016e-10
1.982411638958e-10
1.919597335566e-10
1.860641419289e-10
1.805198979397e-10
1.794343475015e-10
1.858367898586e-10
1.927130323292e-10
2.001176897069e-10
2.081141061013e-10
2.167761715835e-10
2.261906122048e-10
2.360863156705e-10
2.459853687288e-10
2.558844217872e-10
2.657834748456e-10
2.636265654408e-10
2.600513075109e-10
2.564760495810e-10
2.529007916511e-10
2.493255337213e-10
2.457502757914e-10
2.421750178615e-10
2.385997599316e-10
2.350245020018e-10
2.314492440719e-10
2.357425654899e-10
2.508551835112e-10
2.659678015325e-10
2.810804195538e-10
2.961930375751e-10
3.113056555964e-10
3.264182736177e-10
3.415308916390e-10
3.566435096603e-10
3.717561276816e-10
3.868687457029e-10
3.740461288739e-10
3.596715545533e-10
3.452969802326e-10
3.309224059119e-10
3.165478315913e-10
3.021732572706e-10
2.877986829499e-10
2.734241086293e-10
2.590495343086e-10
2.446749599879e-10
2.349675070938e-10
2.304457446735e-10
2.259296479568e-10
2.215398198541e-10
2.173173296691e-10
2.132527881104e-10
2.093374954309e-10
2.055633792697e-10
2.019229390982e-10
1.984091964667e-10
1.950156503569e-10
2.513444676616e-10
2.520051587294e-10
2.526658497971e-10
2.533265408649e-10
2.539872319326e-10
2.546479230004e-10
2.553086140682e-10
2.559693051359e-10
2.566299962037e-10
2.572906872714e-10
2.579513783392e-10
2.569052988172e-10
2.543231257646e-10
2.517409527119e-10
2.491587796592e-10
2.465766066066e-10
2.439944335539e-10
2.414122605012e-10
2.388300874486e-10
2.362479143959e-10
2.336657413432e-10
2.311618190308e-10
2.300664100416e-10
2.289710010525e-10
2.278755920633e-10
2.267805300460e-10
2.256930656854e-10
2.246159808319e-10
2.235491275876e-10
2.224923608513e-10
2.214455382523e-10
2.204085200871e-10
2.194146719866e-10
2.184539001333e-10
2.175015056431e-10
2.165573794232e-10
2.156214142665e-10
2.146935048118e-10
2.137735475034e-10
2.128614405531e-10
2.119570839026e-10
2.110603791867e-10
2.106172204476e-10
2.140283229011e-10
2.175517349722e-10
2.211930961456e-10
2.249584299057e-10
2.288401272706e-10
2.327414770386e-10
2.366428268067e-10
2.405441765747e-10
2.444455263428e-10
2.483468761109e-10
2.469347991083e-10
2.424232231561e-10
2.379116472040e-10
2.334000712519e-10
2.288884952998e-10
2.244082780471e-10
2.200863746688e-10
2.159277977803e-10
2.119234608121e-10
2.080649389571e-10
2.050520905508e-10
2.058735139106e-10
2.067015448612e-10
2.075362634524e-10
2.083777510325e-10
2.092260902743e-10
2.100813652027e-10
2.109436612218e-10
2.118130651439e-10
2.126896652184e-10
2.135735511615e-10
2.073446509759e-10
1.985131848316e-10
1.904033043583e-10
1.829300436272e-10
1.760212724397e-10
1.696153606845e-10
1.636593347903e-10
1.581074094178e-10
1.529198082080e-10
1.480618093076e-10
1.449516867314e-10
1.474363087244e-10
1.500075942065e-10
1.526701578850e-10
1.554289480236e-10
1.582892771334e-10
1.612568561177e-10
1.643378323302e-10
1.675388320815e-10
1.708670082113e-10
1.743300934465e-10
1.785630316431e-10
1.832428303139e-10
1.881745280922e-10
1.933790259210e-10
1.988796028138e-10
2.047022639723e-10
2.108761519003e-10
2.174340342265e-10
2.244128854723e-10
2.317554790936e-10
2.364858198258e-10
2.338143546458e-10
2.311428894657e-10
2.284714242857e-10
2.258069243868e-10
2.231954435206e-10
2.206436761641e-10
2.181495973753e-10
2.157112727462e-10
2.133268533984e-10
2.109945713081e-10
2.152503277280e-10
2.215701481854e-10
2.282658708116e-10
2.350976672956e-10
2.419294637796e-10
2.487612602636e-10
2.555930567476e-10
2.624248532317e-10
2.692566497157e-10
2.760884461997e-10
2.796180553951e-10
2.759929254650e-10
2.723677955350e-10
2.687426656049e-10
2.651175356749e-10
2.614924057448e-10
2.578672758148e-10
2.542421458847e-10
2.506170159547e-10
2.469918860246e-10
2.433667560946e-10
2.366956154093e-10
2.294533477073e-10
2.223125073730e-10
2.155802277233e-10
2.092437098796e-10
2.032690525912e-10
1.976261191252e-10
1.922880288490e-10
1.872307290420e-10
1.824326325464e-10
1.816967653188e-10
1.878596420371e-10
1.944552676649e-10
2.015308813046e-10
2.091408572115e-10
2.173481048070e-10
2.262258117967e-10
2.355314068847e-10
2.448400856525e-10
2.541487644203e-10
2.634574431881e-10
2.627029620952e-10
2.607645798424e-10
2.588261975895e-10
2.568878153366e-10
2.549494330837e-10
2.530110508308e-10
2.510726685779e-10
2.491342863251e-10
2.471959040722e-10
2.452575218193e-10
2.487917599195e-10
2.598508510051e-10
2.709099420907e-10
2.819690331764e-10
2.930281242620e-10
3.040872153476e-10
3.151463064332e-10
3.262053975189e-10
3.372644886045e-10
3.483235796901e-10
3.593826707757e-10
3.487897372879e-10
3.369939135459e-10
3.251980898040e-10
3.134022660620e-10
3.016064423201e-10
2.898106185781e-10
2.780147948362e-10
2.662189710942e-10
2.544231473523e-10
2.426273236103e-10
2.352658192318e-10
2.328313363683e-10
2.303968535047e-10
2.279623706412e-10
2.255381704494e-10
2.231615442334e-10
2.208344834887e-10
2.185554536564e-10
2.163229828774e-10
2.141356588227e-10
2.119921257140e-10
2.510832113877e-10
2.511013999025e-10
2.511195884173e-10
2.511377769320e-10
2.511559654468e-10
2.511741539616e-10
2.511923424764e-10
2.512105309912e-10
2.512287195060e-10
2.512469080207e-10
2.512650965355e-10
2.498127810414e-10
2.470370119392e-10
2.442612428370e-10
2.414854737349e-10
2.387097046327e-10
2.359339355305e-10
2.331581664284e-10
2.303823973262e-10
2.276066282240e-10
2.248525508008e-10
2.222629492651e-10
2.215043307804e-10
2.207508732496e-10
2.200025241854e-10
2.192592318100e-10
2.185209450431e-10
2.177876134897e-10
2.170591874295e-10
2.163356178047e-10
2.156168562098e-10
2.149028548803e-10
2.151558067191e-10
2.161162796249e-10
2.170853662402e-10
2.180631829613e-10
2.190498482908e-10
2.200454828859e-10
2.210502096074e-10
2.220641535706e-10
2.230874421967e-10
2.241202052664e-10
2.253760005445e-10
2.284882787733e-10
2.316131553338e-10
2.347380318943e-10
2.378629084548e-10
2.409877850153e-10
2.441126615758e-10
2.472375381363e-10
2.503624146968e-10
2.534872912573e-10
2.566121678178e-10
2.546371455048e-10
2.496871821822e-10
2.447372188596e-10
2.397872555370e-10
2.348372922144e-10
2.298873288918e-10
2.249570440092e-10
2.202011098718e-10
2.156421076597e-10
2.112680537551e-10
2.078780666418e-10
2.088850295764e-10
2.099017954687e-10
2.109285081694e-10
2.119653143570e-10
2.130123636087e-10
2.140698084715e-10
2.151378045369e-10
2.162165105167e-10
2.173060883221e-10
2.184067031444e-10
2.109401100563e-10
2.004709569105e-10
1.909918541900e-10
1.823687015801e-10
1.744905707211e-10
1.672649074489e-10
1.606138786888e-10
1.544715575782e-10
1.487817306918e-10
1.434961726634e-10
1.401986993349e-10
1.432070301131e-10
1.463472951396e-10
1.496283682219e-10
1.530599372132e-10
1.566525995501e-10
1.604179715676e-10
1.643688139696e-10
1.685191763062e-10
1.728845639079e-10
1.774821314559e-10
1.814858470568e-10
1.853604630088e-10
1.894041296304e-10
1.936281572564e-10
1.980448881932e-10
2.026678171652e-10
2.075117290325e-10
2.125928567423e-10
2.179290630679e-10
2.235400504237e-10
2.274065350034e-10
2.256913045432e-10
2.240012440353e-10
2.223363069980e-10
2.206959373578e-10
2.190795953315e-10
2.174867568342e-10
2.159169129124e-10
2.143695692023e-10
2.128442454102e-10
2.113404748160e-10
2.158764293239e-10
2.223491600120e-10
2.292016658958e-10
2.361540229472e-10
2.431063799986e-10
2.500587370501e-10
2.570110941015e-10
2.639634511529e-10
2.709158082044e-10
2.778681652558e-10
2.811381449561e-10
2.764296403956e-10
2.717211358350e-10
2.670126312745e-10
2.623041267140e-10
2.575956221534e-10
2.528871175929e-10
2.481786130324e-10
2.434701084718e-10
2.387616039113e-10
2.340530993508e-10
2.282786328569e-10
2.224019036094e-10
2.168142359244e-10
2.115004582247e-10
2.064409144054e-10
2.016177852835e-10
1.970148789135e-10
1.926174489860e-10
1.884120370149e-10
1.843863347560e-10
1.840169635575e-10
1.899270167472e-10
1.962292919864e-10
2.029641742138e-10
2.101777897048e-10
2.179230639435e-10
2.262610223456e-10
2.349764980989e-10
2.436948025761e-10
2.524131070533e-10
2.611314115305e-10
2.617793587497e-10
2.614778521738e-10
2.611763455979e-10
2.608748390220e-10
2.605733324462e-10
2.602718258703e-10
2.599703192944e-10
2.596688127185e-10
2.593673061426e-10
2.590657995667e-10
2.618409543491e-10
2.688465184990e-10
2.758520826490e-10
2.828576467989e-10
2.898632109489e-10
2.968687750988e-10
3.038743392488e-10
3.108799033987e-10
3.178854675487e-10
3.248910316986e-10
3.318965958486e-10
3.235333457018e-10
3.143162725386e-10
3.050991993753e-10
2.958821262121e-10
2.866650530489e-10
2.774479798856e-10
2.682309067224e-10
2.590138335591e-10
2.497967603959e-10
2.405796872327e-10
2.355641313699e-10
2.352169280631e-10
2.348697247563e-10
2.345225214495e-10
2.341753181427e-10
2.338281148359e-10
2.334809115291e-10
2.331337082223e-10
2.327865049155e-10
2.324393016087e-10
2.320920983019e-10
2.508219551138e-10
2.501976410756e-10
2.495733270374e-10
2.489490129992e-10
2.483246989610e-10
2.477003849228e-10
2.470760708846e-10
2.464517568464e-10
2.458274428082e-10
2.452031287700e-10
2.445788147318e-10
2.427202632655e-10
2.397508981138e-10
2.367815329622e-10
2.338121678105e-10
2.308428026588e-10
2.278734375071e-10
2.249243696877e-10
2.220478886336e-10
2.192440512348e-10
2.165101399541e-10
2.139592147109e-10
2.135219500734e-10
2.130864690506e-10
2.126527607517e-10
2.122208143742e-10
2.117906192034e-10
2.113621646109e-10
2.109354400547e-10
2.105104350773e-10
2.100871393056e-10
2.096655424495e-10
2.110591236533e-10
2.138281580249e-10
2.166708161717e-10
2.195900739459e-10
2.225890697675e-10
2.256711158793e-10
2.288258857415e-10
2.319892162566e-10
2.351525467716e-10
2.383158772867e-10
2.413934259952e-10
2.437418293482e-10
2.460902327011e-10
2.484386360541e-10
2.507870394070e-10
2.531354427600e-10
2.554838461130e-10
2.578322494659e-10
2.601806528189e-10
2.625290561718e-10
2.648774595248e-10
2.623394919013e-10
2.569511412082e-10
2.515627905151e-10
2.461744398221e-10
2.407860891290e-10
2.353977384359e-10
2.300093877429e-10
2.246469786297e-10
2.194935884615e-10
2.145713330854e-10
2.107830250234e-10
2.119859580123e-10
2.132027000205e-10
2.144334902008e-10
2.156785732605e-10
2.169381996235e-10
2.182126255981e-10
2.195021135512e-10
2.208069320883e-10
2.221273562396e-10
2.234636676540e-10
2.146624636375e-10
2.024677294063e-10
1.915840538002e-10
1.818107940800e-10
1.729862618124e-10
1.649787068724e-10
1.576796947686e-10
1.509991674927e-10
1.448617089001e-10
1.392036852924e-10
1.357475180019e-10
1.392136230385e-10
1.428613693784e-10
1.467054195919e-10
1.507620580229e-10
1.550494213886e-10
1.595877698773e-10
1.643998072928e-10
1.695110609191e-10
1.749503345195e-10
1.807502514430e-10
1.845059391663e-10
1.875276124831e-10
1.906499061991e-10
1.938779313345e-10
1.972171510243e-10
2.006734113726e-10
2.042529756090e-10
2.079625619674e-10
2.118093857686e-10
2.158012062613e-10
2.186507479563e-10
2.179338778513e-10
2.172216930573e-10
2.165141477904e-10
2.158111968617e-10
2.151127956669e-10
2.144189001776e-10
2.137294669312e-10
2.130444530227e-10
2.123638160952e-10
2.116875143314e-10
2.165061838458e-10
2.231336689744e-10
2.301374609800e-10
2.372103785988e-10
2.442832962177e-10
2.513562138365e-10
2.584291314554e-10
2.655020490742e-10
2.725749666931e-10
2.796478843119e-10
2.826582345171e-10
2.768663553261e-10
2.710744761351e-10
2.652825969441e-10
2.594907177530e-10
2.536988385620e-10
2.479069593710e-10
2.421150801800e-10
2.363232009890e-10
2.305313217979e-10
2.247629396750e-10
2.200829050303e-10
2.157484189671e-10
2.115813688529e-10
2.075722367491e-10
2.037122127010e-10
1.999931301119e-10
1.964074080678e-10
1.929479997587e-10
1.896083462549e-10
1.863823350036e-10
1.863971843505e-10
1.920404002418e-10
1.980359833411e-10
2.044180003895e-10
2.112250557754e-10
2.185010730705e-10
2.262962438569e-10
2.344215893131e-10
2.425495194997e-10
2.506774496864e-10
2.588053798730e-10
2.608557554042e-10
2.621911245053e-10
2.635264936064e-10
2.648618627075e-10
2.661972318086e-10
2.675326009097e-10
2.688679700108e-10
2.702033391119e-10
2.715387082130e-10
2.728740773141e-10
2.748901487786e-10
2.778421859929e-10
2.807942232072e-10
2.837462604215e-10
2.866982976357e-10
2.896503348500e-10
2.926023720643e-10
2.955544092785e-10
2.985064464928e-10
3.014584837071e-10
3.044105209214e-10
2.982769541157e-10
2.916386315312e-10
2.850003089467e-10
2.783619863622e-10
2.717236637776e-10
2.650853411931e-10
2.584470186086e-10
2.518086960241e-10
2.451703734396e-10
2.385320508550e-10
2.358624435079e-10
2.376025197578e-10
2.393425960078e-10
2.410826722577e-10
2.428227485077e-10
2.445628247576e-10
2.463029010076e-10
2.480429772575e-10
2.497830535075e-10
2.515231297574e-10
2.532632060074e-10
2.505606988399e-10
2.492938822487e-10
2.480270656575e-10
2.467602490664e-10
2.454934324752e-10
2.442266158840e-10
2.429597992929e-10
2.416929827017e-10
2.404261661105e-10
2.391593495193e-10
2.378925329282e-10
2.356277454896e-10
2.324647842885e-10
2.293018230873e-10
2.261425920487e-10
2.230480990314e-10
2.200371517199e-10
2.171064118044e-10
2.142527164927e-10
2.114730671255e-10
2.087646186649e-10
2.062535891846e-10
2.060948817097e-10
2.059364182906e-10
2.057781983648e-10
2.056202213716e-10
2.054624867518e-10
2.053049939480e-10
2.051477424048e-10
2.049907315680e-10
2.048339608854e-10
2.046774298065e-10
2.071155317762e-10
2.115879796022e-10
2.162578463498e-10
2.211384984670e-10
2.262445369148e-10
2.315032997652e-10
2.367650093345e-10
2.420267189038e-10
2.472884284732e-10
2.525501380425e-10
2.574234497777e-10
2.589953799231e-10
2.605673100685e-10
2.621392402139e-10
2.637111703593e-10
2.652831005047e-10
2.668550306501e-10
2.684269607955e-10
2.699988909409e-10
2.715708210863e-10
2.731427512317e-10
2.700418382978e-10
2.642151002343e-10
2.583883621707e-10
2.525616241072e-10
2.467348860436e-10
2.409081479801e-10
2.350814099166e-10
2.292546718530e-10
2.234851501026e-10
2.179795499406e-10
2.137703237986e-10
2.151803412594e-10
2.166090830221e-10
2.180569245532e-10
2.195242514254e-10
2.210114596602e-10
2.225189560836e-10
2.240471586977e-10
2.255964970671e-10
2.271673629121e-10
2.287477363923e-10
2.185185501229e-10
2.045046794235e-10
1.921799372446e-10
1.812562897018e-10
1.715076689392e-10
1.627541598367e-10
1.548507940923e-10
1.476794580649e-10
1.411429496427e-10
1.351605465226e-10
1.315702811086e-10
1.354368905930e-10
1.395376463428e-10
1.438944808595e-10
1.485321541542e-10
1.534787245716e-10
1.587661169331e-10
1.644308123064e-10
1.705146909028e-10
1.770660692847e-10
1.841409862319e-10
1.876282464750e-10
1.897460360651e-10
1.919121790778e-10
1.941283506460e-10
1.963963041835e-10
1.987178760115e-10
2.010949903172e-10
2.035296644732e-10
2.060240147473e-10
2.085802624379e-10
2.105437563186e-10
2.106920047764e-10
2.108404621514e-10
2.109891288853e-10
2.111380054214e-10
2.112870922041e-10
2.114363896791e-10
2.115858982933e-10
2.117356184950e-10
2.118855507336e-10
2.120356954599e-10
2.171396233562e-10
2.239237334647e-10
2.310732560642e-10
2.382667342504e-10
2.454602124367e-10
2.526536906230e-10
2.598471688092e-10
2.670406469955e-10
2.742341251818e-10
2.814276033680e-10
2.841783240782e-10
2.773030702566e-10
2.704278164351e-10
2.635525626136e-10
2.566773087921e-10
2.498020549706e-10
2.429268011491e-10
2.360515473276e-10
2.291762935061e-10
2.223987772027e-10
2.159929465865e-10
2.124495866346e-10
2.094814684135e-10
2.065951422232e-10
2.037872731162e-10
2.010547050173e-10
1.983944488896e-10
1.958036718285e-10
1.932796869979e-10
1.908199443364e-10
1.884220219630e-10
1.888397873569e-10
1.942013456702e-10
1.998762524140e-10
2.058928042527e-10
2.122828106661e-10
2.190821565214e-10
2.263314763355e-10
2.338666805273e-10
2.414042364233e-10
2.489417923194e-10
2.564793482155e-10
2.599321520587e-10
2.629043968368e-10
2.658766416149e-10
2.688488863929e-10
2.718211311710e-10
2.747933759491e-10
2.777656207272e-10
2.807378655053e-10
2.837101102834e-10
2.866823550615e-10
2.879393432082e-10
2.868378534868e-10
2.857363637654e-10
2.846348740440e-10
2.835333843226e-10
2.824318946012e-10
2.813304048798e-10
2.802289151584e-10
2.791274254370e-10
2.780259357156e-10
2.769244459942e-10
2.730205625297e-10
2.689609905238e-10
2.649014185180e-10
2.608418465122e-10
2.567822745064e-10
2.527227025006e-10
2.486631304948e-10
2.446035584890e-10
2.405439864832e-10
2.364844144774e-10
2.361607556459e-10
2.399881114526e-10
2.438154672593e-10
2.476428230660e-10
2.514701788727e-10
2.552975346794e-10
2.591248904861e-10
2.629522462928e-10
2.667796020995e-10
2.706069579061e-10
2.744343137128e-10
2.502994425660e-10
2.483901234218e-10
2.464808042777e-10
2.445714851335e-10
2.426621659894e-10
2.407528468452e-10
2.388435277011e-10
2.369342085569e-10
2.350248894128e-10
2.331155702687e-10
2.312062511245e-10
2.285352277138e-10
2.251941472970e-10
2.219402637459e-10
2.187790731204e-10
2.157066702480e-10
2.127193662857e-10
2.098136739452e-10
2.069862939126e-10
2.042341023508e-10
2.015541393872e-10
1.990836973785e-10
1.991671262179e-10
1.992506250108e-10
1.993341938450e-10
1.994178328088e-10
1.995015419906e-10
1.995853214786e-10
1.996691713616e-10
1.997530917284e-10
1.998370826677e-10
1.999211442688e-10
2.033166070662e-10
2.093942531441e-10
2.158464477561e-10
2.227089152865e-10
2.299839556804e-10
2.373440443040e-10
2.447041329275e-10
2.520642215511e-10
2.594243101747e-10
2.667843987983e-10
2.734534735602e-10
2.742489304980e-10
2.750443874359e-10
2.758398443737e-10
2.766353013116e-10
2.774307582494e-10
2.782262151873e-10
2.790216721251e-10
2.798171290630e-10
2.806125860008e-10
2.814080429387e-10
2.777441846943e-10
2.714790592603e-10
2.652139338263e-10
2.589488083923e-10
2.526836829583e-10
2.464185575242e-10
2.401534320902e-10
2.338883066562e-10
2.276231812222e-10
2.214977854613e-10
2.168435141763e-10
2.184724687219e-10
2.201260823140e-10
2.218049191543e-10
2.235095607892e-10
2.252406067806e-10
2.269986754097e-10
2.287714228411e-10
2.305441874069e-10
2.323169519727e-10
2.340897165385e-10
2.225157082702e-10
2.065830319178e-10
1.927795390039e-10
1.807051574027e-10
1.700541382700e-10
1.605888055428e-10
1.521216099328e-10
1.445025758908e-10
1.376103409687e-10
1.313456427761e-10
1.276424540939e-10
1.318596640220e-10
1.363650623138e-10
1.411892345964e-10
1.463672533249e-10
1.519395318617e-10
1.579528813692e-10
1.644618290170e-10
1.715302761236e-10
1.792336030948e-10
1.876613682214e-10
1.908580475286e-10
1.920175752343e-10
1.931912781113e-10
1.943794176943e-10
1.955822619918e-10
1.968000856874e-10
1.980331703492e-10
1.992818046464e-10
2.005462845750e-10
2.018269136914e-10
2.030164433593e-10
2.039159431881e-10
2.048234492723e-10
2.057390689828e-10
2.066629116189e-10
2.075950884519e-10
2.085357127699e-10
2.094848999236e-10
2.104427673734e-10
2.114094347379e-10
2.123850238437e-10
2.177767802938e-10
2.247194127053e-10
2.320090511484e-10
2.393230899021e-10
2.466371286557e-10
2.539511674094e-10
2.612652061631e-10
2.685792449168e-10
2.758932836705e-10
2.832073224241e-10
2.856984136392e-10
2.777397851872e-10
2.697811567352e-10
2.618225282832e-10
2.538638998312e-10
2.459052713792e-10
2.379466429272e-10
2.299880144752e-10
2.221384698207e-10
2.147737216814e-10
2.078816424278e-10
2.053280240449e-10
2.035683192146e-10
2.018385201744e-10
2.001378709847e-10
1.984656409703e-10
1.968211236740e-10
1.952036358614e-10
1.936125165747e-10
1.920471262316e-10
1.905068457687e-10
1.913472575648e-10
1.964114768850e-10
2.017510440582e-10
2.073890431427e-10
2.133512127450e-10
2.196663388893e-10
2.263667197867e-10
2.333117717415e-10
2.402589533470e-10
2.472061349525e-10
2.541533165580e-10
2.590085487131e-10
2.636176691682e-10
2.682267896233e-10
2.728359100784e-10
2.774450305335e-10
2.820541509886e-10
2.866632714436e-10
2.912723918987e-10
2.958815123538e-10
3.004906328089e-10
3.009885376378e-10
2.958335209807e-10
2.906785043236e-10
2.855234876666e-10
2.803684710095e-10
2.752134543524e-10
2.700584376953e-10
2.649034210382e-10
2.597484043811e-10
2.545933877241e-10
2.494383710670e-10
2.477641709436e-10
2.462833495165e-10
2.448025280894e-10
2.433217066623e-10
2.418408852352e-10
2.403600638081e-10
2.388792423810e-10
2.373984209540e-10
2.359175995269e-10
2.344367780998e-10
2.364590677840e-10
2.423737031474e-10
2.482883385109e-10
2.542029738743e-10
2.601176092377e-10
2.660322446011e-10
2.719468799646e-10
2.778615153280e-10
2.837761506914e-10
2.896907860549e-10
2.956054214183e-10
2.500381862921e-10
2.474863645949e-10
2.449345428978e-10
2.423827212007e-10
2.398308995036e-10
2.372790778065e-10
2.347272561093e-10
2.321754344122e-10
2.296236127151e-10
2.270717910180e-10
2.245480920835e-10
2.215783714905e-10
2.182484016867e-10
2.150170382648e-10
2.118799652586e-10
2.088331149577e-10
2.058726503107e-10
2.029949488046e-10
2.001965876769e-10
1.974743303352e-10
1.948251138688e-10
1.923955458970e-10
1.926899688108e-10
1.929852942165e-10
1.932815262701e-10
1.935786691530e-10
1.938767270726e-10
1.941757042621e-10
1.944756049808e-10
1.947764335146e-10
1.950781941757e-10
1.953808913032e-10
1.996545324251e-10
2.072455486466e-10
2.154366114404e-10
2.243017962907e-10
2.337263211649e-10
2.431847888427e-10
2.526432565205e-10
2.621017241984e-10
2.715601918762e-10
2.810186595541e-10
2.894834973427e-10
2.895024810730e-10
2.895214648033e-10
2.895404485336e-10
2.895594322639e-10
2.895784159941e-10
2.895973997244e-10
2.896163834547e-10
2.896353671850e-10
2.896543509153e-10
2.896733346456e-10
2.854465310908e-10
2.787430182863e-10
2.720395054818e-10
2.653359926774e-10
2.586324798729e-10
2.519289670684e-10
2.452254542639e-10
2.385219414594e-10
2.318184286550e-10
2.251314542125e-10
2.200063545550e-10
2.218668963836e-10
2.237591749286e-10
2.256840092123e-10
2.276407627763e-10
2.296059184277e-10
2.315710740791e-10
2.335362297305e-10
2.355013853819e-10
2.374665410333e-10
2.394316966847e-10
2.266618238069e-10
2.087040621522e-10
1.933828939905e-10
1.801573665163e-10
1.686250379518e-10
1.584803124304e-10
1.494869612120e-10
1.414594975770e-10
1.342502469086e-10
1.277401787625e-10
1.239423472337e-10
1.284665417737e-10
1.333335374001e-10
1.385838296835e-10
1.442645540509e-10
1.504309048341e-10
1.571479344977e-10
1.644928574311e-10
1.725580314775e-10
1.814548618009e-10
1.913189780693e-10
1.942009906950e-10
1.943441607195e-10
1.944875419971e-10
1.946311349958e-10
1.947749401847e-10
1.949189580345e-10
1.950631890175e-10
1.952076336069e-10
1.953522922778e-10
1.954971655063e-10
1.960087815447e-10
1.975621505922e-10
1.991403372097e-10
2.007439409373e-10
2.023735807836e-10
2.040298960219e-10
2.057135470270e-10
2.074252161522e-10
2.091656086522e-10
2.109354536514e-10
2.127355051627e-10
2.184176874793e-10
2.255207667630e-10
2.329448462326e-10
2.403794455537e-10
2.478140448748e-10
2.552486441959e-10
2.626832435170e-10
2.701178428381e-10
2.775524421591e-10
2.849870414802e-10
2.872185032002e-10
2.781765001177e-10
2.691344970352e-10
2.600924939528e-10
2.510504908703e-10
2.420084877878e-10
2.329664847053e-10
2.239672188418e-10
2.155024318567e-10
2.076541917921e-10
2.003575047770e-10
1.986684224542e-10
1.979798330349e-10
1.972960004625e-10
1.966168756154e-10
1.959424100462e-10
1.952725559698e-10
1.946072662525e-10
1.939464944006e-10
1.932901945498e-10
1.926383214544e-10
1.939222137240e-10
1.986724925112e-10
2.036613389123e-10
2.089071877904e-10
2.144304235847e-10
2.202536450302e-10
2.264019742156e-10
2.327568629557e-10
2.391136702706e-10
2.454704775856e-10
2.518272849005e-10
2.580849453676e-10
2.643309414997e-10
2.705769376318e-10
2.768229337638e-10
2.830689298959e-10
2.893149260280e-10
2.955609221601e-10
3.018069182921e-10
3.080529144242e-10
3.142989105563e-10
3.140377320674e-10
3.048291884746e-10
2.956206448819e-10
2.864121012891e-10
2.772035576964e-10
2.679950141036e-10
2.587864705108e-10
2.495779269181e-10
2.403693833253e-10
2.311608397326e-10
2.220647107454e-10
2.225972910678e-10
2.236575023276e-10
2.247278613056e-10
2.258085143941e-10
2.268996108154e-10
2.279974251156e-10
2.290953542673e-10
2.301932834189e-10
2.312912125705e-10
2.323891417222e-10
2.367573799220e-10
2.447592948422e-10
2.527612097624e-10
2.607631246826e-10
2.687650396027e-10
2.767669545229e-10
2.847688694431e-10
2.927707843632e-10
3.007726992834e-10
3.087746142036e-10
3.167765291238e-10
2.497769300182e-10
2.465826057681e-10
2.433882815180e-10
2.401939572679e-10
2.369996330178e-10
2.338053087677e-10
2.306109845176e-10
2.274166602675e-10
2.242573871499e-10
2.211841609250e-10
2.181940270675e-10
2.150240229450e-10
2.117182966755e-10
2.085126742737e-10
2.054026765472e-10
2.023840876075e-10
1.994529358031e-10
1.966054762849e-10
1.938381750452e-10
1.911476942847e-10
1.885308789822e-10
1.861421610805e-10
1.866208321601e-10
1.871019714255e-10
1.875855980164e-10
1.880717312706e-10
1.885603907269e-10
1.890515961280e-10
1.895453674226e-10
1.900417247683e-10
1.905406885345e-10
1.910422793053e-10
1.961220439865e-10
2.051404942056e-10
2.150283285205e-10
2.259176269640e-10
2.374686866494e-10
2.490255333815e-10
2.605823801136e-10
2.721392268457e-10
2.836960735777e-10
2.952529203098e-10
3.055135211252e-10
3.047560316479e-10
3.039985421706e-10
3.032410526934e-10
3.024835632161e-10
3.017260737389e-10
3.009685842616e-10
3.002110947844e-10
2.994536053071e-10
2.986961158298e-10
2.979386263526e-10
2.931488774873e-10
2.860069773124e-10
2.788650771374e-10
2.717231769625e-10
2.645812767875e-10
2.574393766126e-10
2.502974764376e-10
2.431555762627e-10
2.360136760877e-10
2.288717759128e-10
2.232628258557e-10
2.253684678438e-10
2.275133029348e-10
2.296708496718e-10
2.318283964088e-10
2.339859431458e-10
2.361434898829e-10
2.383010366199e-10
2.404585833569e-10
2.426161300939e-10
2.447736768309e-10
2.308993806727e-10
2.108690983067e-10
1.939900375552e-10
1.796128867469e-10
1.672197571944e-10
1.564264698038e-10
1.469420196725e-10
1.385419441481e-10
1.310503315709e-10
1.243273677929e-10
1.204507149255e-10
1.252436678273e-10
1.304338685595e-10
1.360728390656e-10
1.422214135517e-10
1.489519419683e-10
1.563511502406e-10
1.645238975556e-10
1.735981770420e-10
1.837318679213e-10
1.951219991840e-10
1.976631271290e-10
1.967278179721e-10
1.958013185846e-10
1.948835050799e-10
1.939742558833e-10
1.930734516785e-10
1.921809753554e-10
1.912967119590e-10
1.904205486408e-10
1.895523746099e-10
1.894687548529e-10
1.915923474488e-10
1.937640826865e-10
1.959856164533e-10
1.982586814575e-10
2.005850917351e-10
2.029667474784e-10
2.054056402121e-10
2.079038583475e-10
2.104635931468e-10
2.130871451339e-10
2.190623781210e-10
2.263278565647e-10
2.338806413168e-10
2.414358012053e-10
2.489909610938e-10
2.565461209823e-10
2.641012808708e-10
2.716564407593e-10
2.792116006478e-10
2.867667605364e-10
2.887385927612e-10
2.786132150483e-10
2.684878373353e-10
2.583624596223e-10
2.482370819093e-10
2.381117041964e-10
2.279863264834e-10
2.182192036277e-10
2.092513755962e-10
2.009915275846e-10
1.933590043432e-10
1.924272442805e-10
1.926899857422e-10
1.929534456829e-10
1.932176270536e-10
1.934825328216e-10
1.937481659706e-10
1.940145295006e-10
1.942816264280e-10
1.945494597859e-10
1.948180326244e-10
1.965674174691e-10
2.009861703010e-10
2.056081551109e-10
2.104477228118e-10
2.155206080434e-10
2.208441000667e-10
2.264372396272e-10
2.322019541699e-10
2.379683871942e-10
2.437348202186e-10
2.495012532430e-10
2.571613420221e-10
2.650442138312e-10
2.729270856402e-10
2.808099574493e-10
2.886928292584e-10
2.965757010674e-10
3.044585728765e-10
3.123414446856e-10
3.202243164946e-10
3.281071883037e-10
3.270869264970e-10
3.138248559685e-10
3.005627854401e-10
2.873007149117e-10
2.740386443832e-10
2.607765738548e-10
2.475145033264e-10
2.342524327979e-10
2.211484408926e-10
2.092451935939e-10
1.985578765238e-10
2.007107758998e-10
2.036253362711e-10
2.066257897131e-10
2.097159899575e-10
2.129000247747e-10
2.161822340145e-10
2.195672293411e-10
2.230599158523e-10
2.266655157953e-10
2.303415053445e-10
2.370556920601e-10
2.471448865370e-10
2.572340810139e-10
2.673232754908e-10
2.774124699677e-10
2.875016644447e-10
2.975908589216e-10
3.076800533985e-10
3.177692478754e-10
3.278584423523e-10
3.379476368292e-10
2.459959015779e-10
2.429648110739e-10
2.399337205699e-10
2.369026300660e-10
2.338715395620e-10
2.308404490580e-10
2.278093585540e-10
2.248009896253e-10
2.218686930160e-10
2.190119089814e-10
2.162277576997e-10
2.132570058748e-10
2.101426535165e-10
2.071179543423e-10
2.041790919999e-10
2.013224637121e-10
1.985446655427e-10
1.958424788654e-10
1.932128579228e-10
1.906529183742e-10
1.881599267426e-10
1.858725056818e-10
1.861571301977e-10
1.864426277351e-10
1.867290023171e-10
1.870162579912e-10
1.873043988299e-10
1.875934289309e-10
1.878833524174e-10
1.881741734378e-10
1.884658961664e-10
1.887585248035e-10
1.939957119985e-10
2.035126500281e-10
2.140115125092e-10
2.256525329137e-10
2.380716754621e-10
2.504996098253e-10
2.629275441884e-10
2.753554785516e-10
2.877834129148e-10
3.002113472779e-10
3.111540477122e-10
3.094722597512e-10
3.077904717902e-10
3.061086838292e-10
3.044268958682e-10
3.027451079072e-10
3.010633199462e-10
2.993815319852e-10
2.976997440242e-10
2.960179560632e-10
2.943361681022e-10
2.894455718181e-10
2.826831706789e-10
2.759207695396e-10
2.691583684004e-10
2.623959672611e-10
2.556335661219e-10
2.488711649827e-10
2.421087638434e-10
2.353463627042e-10
2.285839615650e-10
2.233990251931e-10
2.261903749617e-10
2.290350506183e-10
2.318830776974e-10
2.347311047764e-10
2.375791318555e-10
2.404271589345e-10
2.432751860136e-10
2.461232130926e-10
2.489712401717e-10
2.518192672507e-10
2.376304646640e-10
2.161312329365e-10
1.978419083970e-10
1.824064239448e-10
1.692051582918e-10
1.577857593456e-10
1.478102689607e-10
1.390211122325e-10
1.312185399142e-10
1.242452634274e-10
1.202007684575e-10
1.249712487429e-10
1.301360359735e-10
1.357461251820e-10
1.418617010259e-10
1.485543054806e-10
1.559096495042e-10
1.640313034941e-10
1.730456045938e-10
1.831082761699e-10
1.944134994337e-10
1.968960462316e-10
1.959160978241e-10
1.949458554841e-10
1.939851757191e-10
1.930339178513e-10
1.920919439486e-10
1.911591187584e-10
1.902353096426e-10
1.893203865147e-10
1.884142217787e-10
1.883698160411e-10
1.907548614840e-10
1.932010779760e-10
1.957108494378e-10
1.982866852934e-10
2.009312288394e-10
2.036472662927e-10
2.064377365823e-10
2.093057419575e-10
2.122545594925e-10
2.152876535778e-10
2.208695431069e-10
2.274495051692e-10
2.342030296280e-10
2.409565540869e-10
2.477100785457e-10
2.544636030046e-10
2.612171274634e-10
2.679706519223e-10
2.747241763811e-10
2.814777008400e-10
2.828355997706e-10
2.725029767236e-10
2.621703536766e-10
2.518377306296e-10
2.415051075826e-10
2.311724845355e-10
2.210057681550e-10
2.116320811555e-10
2.030211879382e-10
1.950836191001e-10
1.877433708001e-10
1.872680674068e-10
1.880259421609e-10
1.887899760865e-10
1.895602445726e-10
1.903368242433e-10
1.911197929835e-10
1.919092299652e-10
1.927052156736e-10
1.935078319350e-10
1.943171619446e-10
1.964033474117e-10
2.007995918506e-10
2.053971513957e-10
2.102101781663e-10
2.152541826052e-10
2.205462004501e-10
2.261049849566e-10
2.318481299519e-10
2.375953175088e-10
2.433425050656e-10
2.490896926225e-10
2.569018324542e-10
2.649569078477e-10
2.730119832411e-10
2.810670586346e-10
2.891221340281e-10
2.971772094216e-10
3.052322848150e-10
3.132873602085e-10
3.213424356020e-10
3.293975109954e-10
3.278798208999e-10
3.131995782571e-10
2.985193356143e-10
2.838390929716e-10
2.691588503288e-10
2.544786076860e-10
2.397983650432e-10
2.251346065390e-10
2.115718453155e-10
1.995503536396e-10
1.888215325240e-10
1.911848877346e-10
1.943402001274e-10
1.976014107150e-10
2.009739416998e-10
2.044635918818e-10
2.080765699325e-10
2.118195312594e-10
2.156996189218e-10
2.197245091288e-10
2.239024619264e-10
2.315213191438e-10
2.428347961719e-10
2.541482731999e-10
2.654617502279e-10
2.767752272560e-10
2.880887042840e-10
2.994021813120e-10
3.107156583400e-10
3.220291353681e-10
3.333426123961e-10
3.446560894241e-10
2.383040151750e-10
2.363314209717e-10
2.343588267684e-10
2.323862325651e-10
2.304136383618e-10
2.284410441585e-10
2.264699924927e-10
2.245245117809e-10
2.226121715141e-10
2.207321320434e-10
2.188835818470e-10
2.165591560403e-10
2.138391541257e-10
2.111866315875e-10
2.085991080915e-10
2.060742233914e-10
2.036097301482e-10
2.012034872582e-10
1.988534536490e-10
1.965576825054e-10
1.943143158904e-10
1.922163338224e-10
1.918481248877e-10
1.914813239353e-10
1.911159229047e-10
1.907519137970e-10
1.903892886737e-10
1.900280396570e-10
1.896681589284e-10
1.893096387288e-10
1.889524713575e-10
1.885966491718e-10
1.933301414986e-10
2.023882018682e-10
2.123367764943e-10
2.233139764458e-10
2.351864679728e-10
2.471218328302e-10
2.590571976875e-10
2.709925625449e-10
2.829279274023e-10
2.948632922597e-10
3.052506885266e-10
3.024803517750e-10
2.997100150233e-10
2.969396782717e-10
2.941693415201e-10
2.913990047685e-10
2.886286680168e-10
2.858583312652e-10
2.830879945136e-10
2.803176577619e-10
2.775473210103e-10
2.730693194092e-10
2.675951799792e-10
2.621210405492e-10
2.566469011192e-10
2.511727616893e-10
2.456986222593e-10
2.402244828293e-10
2.347503433993e-10
2.292762039693e-10
2.238481783259e-10
2.200610252104e-10
2.239728785433e-10
2.280222385487e-10
2.321141784770e-10
2.362061184052e-10
2.402980583334e-10
2.443899982616e-10
2.484819381899e-10
2.525738781181e-10
2.566658180463e-10
2.607577579746e-10
2.471313530866e-10
2.253403891286e-10
2.057339811483e-10
1.892663056473e-10
1.752395150658e-10
1.631483618244e-10
1.526180420336e-10
1.433646508084e-10
1.351692010302e-10
1.278600715540e-10
1.235179511255e-10
1.279423518500e-10
1.326954911452e-10
1.378154212119e-10
1.433463027754e-10
1.493396820873e-10
1.558561022588e-10
1.629671557033e-10
1.707581253063e-10
1.793314212299e-10
1.888111077607e-10
1.915472319587e-10
1.916457760290e-10
1.917444215460e-10
1.918431686667e-10
1.919420175480e-10
1.920409683474e-10
1.921400212224e-10
1.922391763313e-10
1.923384338322e-10
1.924377938840e-10
1.931232797136e-10
1.954856136718e-10
1.979064566893e-10
2.003880097046e-10
2.029325854490e-10
2.055426156346e-10
2.082206587064e-10
2.109694082067e-10
2.137917018117e-10
2.166905311037e-10
2.196690521478e-10
2.240303992018e-10
2.289166280480e-10
2.338438548582e-10
2.387710816684e-10
2.436983084786e-10
2.486255352888e-10
2.535527620991e-10
2.584799889093e-10
2.634072157195e-10
2.683344425297e-10
2.686847372782e-10
2.591183458932e-10
2.495519545082e-10
2.399855631231e-10
2.304191717381e-10
2.210180078435e-10
2.123111133245e-10
2.042642257215e-10
1.968050399475e-10
1.898714403808e-10
1.834097670335e-10
1.831237290257e-10
1.839550297738e-10
1.847939124160e-10
1.856404811535e-10
1.864948421061e-10
1.873571033559e-10
1.882273749933e-10
1.891057691637e-10
1.899924001157e-10
1.908873842507e-10
1.931382300358e-10
1.978540560736e-10
2.028059370045e-10
2.080120517173e-10
2.134924949196e-10
2.192695363460e-10
2.253679232196e-10
2.317177330315e-10
2.380802627021e-10
2.444427923726e-10
2.508053220431e-10
2.573802048615e-10
2.639800704031e-10
2.705799359448e-10
2.771798014865e-10
2.837796670281e-10
2.903795325698e-10
2.969793981114e-10
3.035792636531e-10
3.101791291947e-10
3.167789947364e-10
3.150546041622e-10
3.018843614288e-10
2.887141186953e-10
2.755438759618e-10
2.623736332284e-10
2.492033904949e-10
2.360331477614e-10
2.229391153932e-10
2.109268041666e-10
2.001427946625e-10
1.904078531677e-10
1.919273050886e-10
1.940908558284e-10
1.963037410876e-10
1.985676677577e-10
2.008844223897e-10
2.032558758961e-10
2.056839885898e-10
2.081708155882e-10
2.107185126153e-10
2.133293422336e-10
2.197494586380e-10
2.310850590735e-10
2.426639330908e-10
2.542428071082e-10
2.658216811255e-10
2.774005551428e-10
2.889794291602e-10
3.005583031775e-10
3.121371771948e-10
3.237160512122e-10
3.352949252295e-10
2.306121287721e-10
2.296980308695e-10
2.287839329669e-10
2.278698350643e-10
2.269557859757e-10
2.260461954589e-10
2.251438667291e-10
2.242487131693e-10
2.233606495350e-10
2.224795919264e-10
2.216054577622e-10
2.199651780184e-10
2.176680293669e-10
2.154183641733e-10
2.132147252306e-10
2.110557143541e-10
2.089399894237e-10
2.068662616013e-10
2.048332927129e-10
2.028398927831e-10
2.008849177125e-10
1.990084931827e-10
1.978980503041e-10
1.967999309309e-10
1.957139310489e-10
1.946398511223e-10
1.935774959719e-10
1.925266746563e-10
1.914872003580e-10
1.904588902723e-10
1.894415655002e-10
1.884350509449e-10
1.926691223310e-10
2.012761110342e-10
2.106880480784e-10
2.210233941892e-10
2.323012604835e-10
2.437440558351e-10
2.551868511867e-10
2.666296465382e-10
2.780724418898e-10
2.895152372414e-10
2.993473293410e-10
2.954884437987e-10
2.916295582565e-10
2.877706727142e-10
2.839117871720e-10
2.800529016297e-10
2.761940160874e-10
2.723351305452e-10
2.684762450029e-10
2.646173594607e-10
2.607584739184e-10
2.566930670003e-10
2.525071892795e-10
2.483213115588e-10
2.441354338381e-10
2.399495561174e-10
2.357636783966e-10
2.315778006759e-10
2.273919229552e-10
2.232704019297e-10
2.192951786633e-10
2.168213086367e-10
2.217984392257e-10
2.270094382093e-10
2.323452792565e-10
2.376811320339e-10
2.430169848113e-10
2.483528375888e-10
2.536886903662e-10
2.590245431436e-10
2.643603959210e-10
2.696962486984e-10
2.566322415091e-10
2.350759912583e-10
2.142818566500e-10
1.966623184109e-10
1.817201950955e-10
1.688883020509e-10
1.577490917287e-10
1.479883596732e-10
1.393651357125e-10
1.316915221158e-10
1.270234185861e-10
1.310581671396e-10
1.353576424501e-10
1.399487819878e-10
1.448623062615e-10
1.501334070851e-10
1.558025917824e-10
1.619167261647e-10
1.685303331169e-10
1.757072229850e-10
1.835225590758e-10
1.864813402190e-10
1.875576409003e-10
1.886464377161e-10
1.897479495623e-10
1.908624004772e-10
1.919900197938e-10
1.931310422969e-10
1.942857083860e-10
1.954542642442e-10
1.966369620135e-10
1.981228589045e-10
2.004569800074e-10
2.028467541718e-10
2.052941958387e-10
2.078014178576e-10
2.103706375692e-10
2.130041833465e-10
2.157045016323e-10
2.184741645195e-10
2.213158779227e-10
2.242324903962e-10
2.272828217653e-10
2.303837509268e-10
2.334846800884e-10
2.365856092500e-10
2.396865384116e-10
2.427874675731e-10
2.458883967347e-10
2.489893258963e-10
2.520902550578e-10
2.551911842194e-10
2.545338747858e-10
2.457337150628e-10
2.369335553397e-10
2.281333956167e-10
2.195875877253e-10
2.116545291817e-10
2.042746812490e-10
1.973921265379e-10
1.909582380459e-10
1.849305285308e-10
1.792717111366e-10
1.791588517463e-10
1.800566587613e-10
1.809635093387e-10
1.818795408131e-10
1.828048933140e-10
1.837397098374e-10
1.846841363192e-10
1.856383217112e-10
1.866024180595e-10
1.875765805854e-10
1.899798995928e-10
1.949936873003e-10
2.002792876864e-10
2.058594202868e-10
2.117594092299e-10
2.180075674920e-10
2.246356512472e-10
2.315873361112e-10
2.385652078954e-10
2.455430796795e-10
2.525209514637e-10
2.578585772688e-10
2.630032329586e-10
2.681478886484e-10
2.732925443383e-10
2.784372000281e-10
2.835818557180e-10
2.887265114078e-10
2.938711670977e-10
2.990158227875e-10
3.041604784774e-10
3.022293874245e-10
2.905691446004e-10
2.789089017762e-10
2.672486589521e-10
2.555884161280e-10
2.439281733038e-10
2.322679304797e-10
2.207860311388e-10
2.102856842710e-10
2.007387639327e-10
1.920210535117e-10
1.926755108944e-10
1.938421505420e-10
1.950230041323e-10
1.962183330244e-10
1.974284050243e-10
1.986534945854e-10
1.998938830157e-10
2.011498586934e-10
2.024217172902e-10
2.037097620033e-10
2.090439152262e-10
2.195895387620e-10
2.311795929818e-10
2.430238639884e-10
2.548681349951e-10
2.667124060017e-10
2.785566770083e-10
2.904009480150e-10
3.022452190216e-10
3.140894900282e-10
3.259337610349e-10
2.229944036043e-10
2.231337630401e-10
2.232732967690e-10
2.234130051182e-10
2.235528884157e-10
2.236929469904e-10
2.238331811719e-10
2.239735912906e-10
2.241141776778e-10
2.242549406658e-10
2.243958805875e-10
2.234800511825e-10
2.216365195420e-10
2.198231543747e-10
2.180392212497e-10
2.162840093848e-10
2.145568307020e-10
2.128570189285e-10
2.111839287395e-10
2.095369349412e-10
2.079154316923e-10
2.062982514014e-10
2.043419687480e-10
2.024224395976e-10
2.005386378339e-10
1.986895751861e-10
1.968742994993e-10
1.950918931002e-10
1.933414712501e-10
1.916221806805e-10
1.899331982060e-10
1.882737294104e-10
1.920126079700e-10
2.001761749349e-10
2.090647261066e-10
2.187793248853e-10
2.294160529942e-10
2.403662788400e-10
2.513165046858e-10
2.622667305316e-10
2.732169563774e-10
2.841671822231e-10
2.934439701554e-10
2.884965358225e-10
2.835491014896e-10
2.786016671567e-10
2.736542328238e-10
2.687067984909e-10
2.637593641581e-10
2.588119298252e-10
2.538644954923e-10
2.489170611594e-10
2.439696268265e-10
2.403168145914e-10
2.374191985799e-10
2.345215825684e-10
2.316239665569e-10
2.287263505455e-10
2.258353864118e-10
2.230048941585e-10
2.202444752057e-10
2.175515592070e-10
2.149237000078e-10
2.136755976932e-10
2.196658150080e-10
2.260015809929e-10
2.325763800361e-10
2.391561456627e-10
2.457359112893e-10
2.523156769159e-10
2.588954425425e-10
2.654752081690e-10
2.720549737956e-10
2.786347394222e-10
2.661331299317e-10
2.448247319255e-10
2.235708206309e-10
2.046598698197e-10
1.886986175235e-10
1.750468591908e-10
1.632371582774e-10
1.529202498630e-10
1.438299171350e-10
1.357596924491e-10
1.307336697783e-10
1.343295311640e-10
1.381287973318e-10
1.421492294249e-10
1.464107184301e-10
1.509356142979e-10
1.557491180371e-10
1.608797513080e-10
1.663599219920e-10
1.722266094297e-10
1.785221999498e-10
1.816765018478e-10
1.836402768837e-10
1.856469694408e-10
1.876980019809e-10
1.897948605295e-10
1.919390982665e-10
1.941323393631e-10
1.963762830846e-10
1.986727081810e-10
2.010234775900e-10
2.033881759267e-10
2.056877965793e-10
2.080400135137e-10
2.104466520550e-10
2.129096229798e-10
2.154309275753e-10
2.180126630627e-10
2.206570284155e-10
2.233663306062e-10
2.261429913189e-10
2.289733125430e-10
2.305762422928e-10
2.318508738057e-10
2.331255053186e-10
2.344001368315e-10
2.356747683445e-10
2.369493998574e-10
2.382240313703e-10
2.394986628832e-10
2.407732943962e-10
2.420479259091e-10
2.403830122934e-10
2.323490842324e-10
2.243479658176e-10
2.167698084606e-10
2.096868818101e-10
2.030521770669e-10
1.968244525768e-10
1.909673757412e-10
1.854488137092e-10
1.802402436008e-10
1.753162594027e-10
1.753620258748e-10
1.763200872849e-10
1.772886746217e-10
1.782679623109e-10
1.792581286538e-10
1.802593559351e-10
1.812718305348e-10
1.822957430441e-10
1.833312883849e-10
1.843786659334e-10
1.869232016101e-10
1.922148444015e-10
1.978148199918e-10
2.037508859140e-10
2.100542345904e-10
2.167600416119e-10
2.239081225015e-10
2.314569391908e-10
2.390501530886e-10
2.466433669865e-10
2.542365808843e-10
2.583369496760e-10
2.620263955141e-10
2.657158413521e-10
2.694052871901e-10
2.730947330282e-10
2.767841788662e-10
2.804736247042e-10
2.841630705423e-10
2.878525163803e-10
2.915419622184e-10
2.894041706868e-10
2.792539277720e-10
2.691036848572e-10
2.589534419424e-10
2.488031990276e-10
2.386529561128e-10
2.285027131980e-10
2.186741368662e-10
2.096484499807e-10
2.013382930628e-10
1.936618225956e-10
1.934295731137e-10
1.935940818147e-10
1.937588705779e-10
1.939239401190e-10
1.940892911563e-10
1.942549244104e-10
1.944208406044e-10
1.945870404639e-10
1.947535247172e-10
1.949202940946e-10
1.993330012105e-10
2.091240726817e-10
2.199266889936e-10
2.318049208687e-10
2.439145888646e-10
2.560242568605e-10
2.681339248565e-10
2.802435928524e-10
2.923532608484e-10
3.044629288443e-10
3.165725968402e-10
2.158144426725e-10
2.169066263607e-10
2.180099208226e-10
2.191244964696e-10
2.202505272160e-10
2.213881905695e-10
2.225376677241e-10
2.236991436569e-10
2.248728072268e-10
2.260588512770e-10
2.272573029540e-10
2.271090681795e-10
2.257524027750e-10
2.244118396342e-10
2.230871035757e-10
2.217779159557e-10
2.204840046330e-10
2.192051037804e-10
2.179409537032e-10
2.166913006625e-10
2.154558967061e-10
2.141423693690e-10
2.112196629950e-10
2.083756630874e-10
2.056072326190e-10
2.029113990879e-10
2.002853438712e-10
1.977263923950e-10
1.952320050482e-10
1.927997687752e-10
1.904273892902e-10
1.881126838582e-10
1.913605525222e-10
1.990881953831e-10
2.074662278098e-10
2.165803660239e-10
2.265320806463e-10
2.369885018449e-10
2.474461581849e-10
2.579038145249e-10
2.683614708649e-10
2.788191272049e-10
2.875406109698e-10
2.815046278463e-10
2.754686447227e-10
2.694326615992e-10
2.633966784757e-10
2.573606953522e-10
2.513247122287e-10
2.452887291052e-10
2.392527459816e-10
2.332167628581e-10
2.271807797346e-10
2.239828652682e-10
2.224277229921e-10
2.208940269238e-10
2.193813364701e-10
2.178892230246e-10
2.164172695623e-10
2.149650702519e-10
2.135322300821e-10
2.121183645035e-10
2.107230990849e-10
2.106198593042e-10
2.175738112026e-10
2.250026334179e-10
2.328074808157e-10
2.406311592915e-10
2.484548377672e-10
2.562785162430e-10
2.641021947188e-10
2.719258731945e-10
2.797495516703e-10
2.875732301460e-10
2.756340183542e-10
2.545734725927e-10
2.335129268312e-10
2.133354580400e-10
1.962344153157e-10
1.816715613009e-10
1.691208464161e-10
1.581921951505e-10
1.485902392662e-10
1.400872198613e-10
1.346671893236e-10
1.377683901460e-10
1.410157905545e-10
1.444199785311e-10
1.479925897447e-10
1.517464404252e-10
1.556956809853e-10
1.598559742719e-10
1.642447031800e-10
1.688812134311e-10
1.737870986676e-10
1.771130449705e-10
1.798832026223e-10
1.827413910911e-10
1.856918743282e-10
1.887391961811e-10
1.918882037438e-10
1.951440730830e-10
1.985123376295e-10
2.019989195605e-10
2.056101645498e-10
2.089409959739e-10
2.111989182244e-10
2.135061741024e-10
2.158643983113e-10
2.182752985839e-10
2.207406598063e-10
2.232623484252e-10
2.258423171602e-10
2.284737653550e-10
2.311117902091e-10
2.337498150633e-10
2.338696628202e-10
2.333179966845e-10
2.327663305488e-10
2.322146644131e-10
2.316629982774e-10
2.311113321417e-10
2.305596660060e-10
2.300079998702e-10
2.294563337345e-10
2.289046675988e-10
2.262351646808e-10
2.192432227214e-10
2.126705052085e-10
2.064804056408e-10
2.006404589266e-10
1.951217718303e-10
1.898985448953e-10
1.849476691523e-10
1.802483843100e-10
1.757819877642e-10
1.715315858239e-10
1.717227888454e-10
1.727354470454e-10
1.737601194900e-10
1.747970212617e-10
1.758463726079e-10
1.769083990967e-10
1.779833317787e-10
1.790714073542e-10
1.801728683476e-10
1.812879632870e-10
1.839633080952e-10
1.895140908902e-10
1.954102663596e-10
2.016851073322e-10
2.083763021333e-10
2.155267121712e-10
2.231852910455e-10
2.313265422704e-10
2.395350982819e-10
2.477436542934e-10
2.559522103049e-10
2.588153220833e-10
2.610495580695e-10
2.632837940557e-10
2.655180300420e-10
2.677522660282e-10
2.699865020144e-10
2.722207380006e-10
2.744549739869e-10
2.766892099731e-10
2.789234459593e-10
2.765789539491e-10
2.679387109436e-10
2.592984679381e-10
2.506582249326e-10
2.420179819272e-10
2.333777389217e-10
2.247610322063e-10
2.166022617854e-10
2.090150660784e-10
2.019414140442e-10
1.953308732130e-10
1.941895607762e-10
1.933466472059e-10
1.925110196355e-10
1.916825840030e-10
1.908612478587e-10
1.900469203308e-10
1.892395120917e-10
1.884389353252e-10
1.876451036951e-10
1.868579323138e-10
1.904842565132e-10
1.996107787165e-10
2.096558546044e-10
2.207655065002e-10
2.329610427342e-10
2.453361077194e-10
2.577111727046e-10
2.700862376899e-10
2.824613026751e-10
2.948363676604e-10
3.072114326456e-10
2.090824190172e-10
2.110176225652e-10
2.129889840963e-10
2.149975265488e-10
2.170443118142e-10
2.191304426100e-10
2.212570644601e-10
2.234253677928e-10
2.256365901627e-10
2.278889885585e-10
2.301503795579e-10
2.307954660864e-10
2.299858785911e-10
2.291762910958e-10
2.283667036005e-10
2.275571161051e-10
2.267479608924e-10
2.259434689024e-10
2.251446653359e-10
2.243514900727e-10
2.235638838367e-10
2.226065821226e-10
2.185764583683e-10
2.146896644195e-10
2.109386876633e-10
2.073165315016e-10
2.038166717946e-10
2.004330176435e-10
1.971598760156e-10
1.939919197798e-10
1.909241587750e-10
1.879519135809e-10
1.907129107151e-10
1.980119784774e-10
2.058919881069e-10
2.144251709206e-10
2.236962504683e-10
2.336107248498e-10
2.435758116840e-10
2.535408985182e-10
2.635059853524e-10
2.734710721866e-10
2.816372517842e-10
2.745127198700e-10
2.673881879559e-10
2.602636560417e-10
2.531391241276e-10
2.460145922134e-10
2.388900602993e-10
2.317655283852e-10
2.246665175980e-10
2.179014889787e-10
2.115319605664e-10
2.091060276767e-10
2.088340627330e-10
2.085628043098e-10
2.082922496576e-10
2.080223960412e-10
2.077532407393e-10
2.074847810448e-10
2.072170142646e-10
2.069499377196e-10
2.066835487442e-10
2.076502878469e-10
2.155212782031e-10
2.240124778599e-10
2.330385815953e-10
2.421061729202e-10
2.511737642452e-10
2.602413555701e-10
2.693089468950e-10
2.783765382200e-10
2.874441295449e-10
2.965117208699e-10
2.851349067767e-10
2.643222132599e-10
2.435095197431e-10
2.227791265407e-10
2.043971436055e-10
1.888174142953e-10
1.754445348432e-10
1.638406216607e-10
1.536764509894e-10
1.446997230782e-10
1.388447555201e-10
1.413879457490e-10
1.440260404865e-10
1.467644530808e-10
1.496090165625e-10
1.525660251194e-10
1.556422805890e-10
1.588451446920e-10
1.621825978494e-10
1.656633055746e-10
1.692966936021e-10
1.727732258003e-10
1.762767773100e-10
1.799253621604e-10
1.837281764124e-10
1.876952103673e-10
1.918373362044e-10
1.961664074856e-10
2.006953724426e-10
2.054384033285e-10
2.104110445556e-10
2.148055278517e-10
2.170134964214e-10
2.192673274669e-10
2.215684649222e-10
2.239184139789e-10
2.263187443691e-10
2.287583113009e-10
2.312003128716e-10
2.336423144422e-10
2.360843160129e-10
2.385263175836e-10
2.371630833477e-10
2.347851195633e-10
2.324071557790e-10
2.300291919946e-10
2.276512282103e-10
2.252872306130e-10
2.229703498783e-10
2.207006382066e-10
2.184766696504e-10
2.162970751650e-10
2.130083749236e-10
2.074364193113e-10
2.021485394827e-10
1.971235508536e-10
1.923423241660e-10
1.877875421314e-10
1.834434898508e-10
1.792958736668e-10
1.753316640459e-10
1.715389588534e-10
1.679068639981e-10
1.682315289413e-10
1.692936562554e-10
1.703692802311e-10
1.714586597707e-10
1.725620604407e-10
1.736797546880e-10
1.748120220643e-10
1.759591494589e-10
1.771214313413e-10
1.782991700130e-10
1.810956920905e-10
1.868881807428e-10
1.930634681590e-10
1.996607971238e-10
2.067249641929e-10
2.143073382146e-10
2.224671115336e-10
2.311961453501e-10
2.400200434752e-10
2.488439416004e-10
2.576678397255e-10
2.592936944906e-10
2.600727206250e-10
2.608517467594e-10
2.616307728938e-10
2.624097990282e-10
2.631888251626e-10
2.639678512971e-10
2.647468774315e-10
2.655259035659e-10
2.663049297003e-10
2.637537372113e-10
2.566234941152e-10
2.494932510191e-10
2.423630079229e-10
2.352327648268e-10
2.281025217307e-10
2.211312881109e-10
2.145692790616e-10
2.083854977712e-10
2.025481592526e-10
1.970289429433e-10
1.949555440010e-10
1.930998442872e-10
1.912791387269e-10
1.894924467042e-10
1.877388239033e-10
1.860173606436e-10
1.843271803066e-10
1.826674378470e-10
1.810373183846e-10
1.794360358693e-10
1.823877418673e-10
1.909253648476e-10
2.003015377997e-10
2.106461823633e-10
2.221175211925e-10
2.346479585782e-10
2.472884205528e-10
2.599288825273e-10
2.725693445019e-10
2.852098064764e-10
2.978502684510e-10
2.027576823725e-10
2.054399387509e-10
2.081941129996e-10
2.110231368641e-10
2.139301036357e-10
2.169182794340e-10
2.199911154484e-10
2.231522612348e-10
2.264055791752e-10
2.297235688617e-10
2.330434561619e-10
2.344818639934e-10
2.342269403031e-10
2.339720166129e-10
2.337170929226e-10
2.334621692324e-10
2.332072455421e-10
2.329523218519e-10
2.326973981616e-10
2.324424744713e-10
2.321875507811e-10
2.316718744191e-10
2.264642228073e-10
2.213982642367e-10
2.165539954355e-10
2.119171760461e-10
2.074747597930e-10
2.032147718940e-10
1.991262012716e-10
1.951989055184e-10
1.914235268922e-10
1.877914178731e-10
1.900696378874e-10
1.969473344863e-10
2.043414589388e-10
2.123124459662e-10
2.209305428526e-10
2.302329478547e-10
2.397054651831e-10
2.491779825115e-10
2.586504998400e-10
2.681230171684e-10
2.757338925986e-10
2.675208118938e-10
2.593077311890e-10
2.510946504842e-10
2.428815697795e-10
2.346684890747e-10
2.264570194577e-10
2.185720283067e-10
2.112176555054e-10
2.043420828711e-10
1.979000266688e-10
1.960823306030e-10
1.968062572002e-10
1.975355490103e-10
1.982702658997e-10
1.990104686288e-10
1.997562188687e-10
2.005075792184e-10
2.012646132223e-10
2.020273853881e-10
2.027959612051e-10
2.047632893390e-10
2.135071093783e-10
2.230309987561e-10
2.332696823749e-10
2.435811865490e-10
2.538926907231e-10
2.642041948972e-10
2.745156990713e-10
2.848272032455e-10
2.951387074196e-10
3.054502115937e-10
2.946357951993e-10
2.740709539271e-10
2.535061126549e-10
2.329412713827e-10
2.132684329146e-10
1.965484328280e-10
1.822594976367e-10
1.699073506990e-10
1.591232038088e-10
1.496263097855e-10
1.432898074969e-10
1.452028244469e-10
1.471676127497e-10
1.491863028397e-10
1.512611436694e-10
1.533945110667e-10
1.555889168107e-10
1.578470184966e-10
1.601716302735e-10
1.625657345437e-10
1.650324947290e-10
1.686409980674e-10
1.728121180874e-10
1.771948056289e-10
1.818055762318e-10
1.866627103591e-10
1.917864956267e-10
1.971995100549e-10
2.029269546801e-10
2.089970458617e-10
2.154414801706e-10
2.210087768163e-10
2.231573043894e-10
2.253480156916e-10
2.275809720936e-10
2.298269503808e-10
2.320729286679e-10
2.343189069551e-10
2.365648852423e-10
2.388108635295e-10
2.410568418167e-10
2.433028201039e-10
2.404565038752e-10
2.362522424422e-10
2.320479810092e-10
2.278437195762e-10
2.236902525572e-10
2.196829885812e-10
2.158167728240e-10
2.120842871271e-10
2.084787109863e-10
2.049936799570e-10
2.012427606394e-10
1.968362862410e-10
1.926186481066e-10
1.885779622152e-10
1.847033212517e-10
1.809846962874e-10
1.774128501024e-10
1.739792605731e-10
1.706760527873e-10
1.674959387487e-10
1.644321636987e-10
1.648794005259e-10
1.659863428131e-10
1.671082488036e-10
1.682454239821e-10
1.693981822061e-10
1.705668459938e-10
1.717517468255e-10
1.729532254569e-10
1.741716322459e-10
1.754073274929e-10
1.783161045703e-10
1.843340453854e-10
1.907723692257e-10
1.976767190448e-10
2.050995934727e-10
2.131016842090e-10
2.217535392018e-10
2.310657484297e-10
2.405049886685e-10
2.499442289073e-10
2.593834691462e-10
2.597720668978e-10
2.590958831804e-10
2.584196994630e-10
2.577435157457e-10
2.570673320283e-10
2.563911483109e-10
2.557149645935e-10
2.550387808761e-10
2.543625971587e-10
2.536864134413e-10
2.509285204736e-10
2.453082772868e-10
2.396880341000e-10
2.340677909132e-10
2.284475477264e-10
2.229048009938e-10
2.176169168201e-10
2.125741037715e-10
2.077597106842e-10
2.031585614541e-10
1.987567952388e-10
1.957275940178e-10
1.928536706427e-10
1.900629232240e-10
1.873517923998e-10
1.847169190407e-10
1.821551303646e-10
1.796634271915e-10
1.772389722304e-10
1.748790793015e-10
1.725812034086e-10
1.749514477356e-10
1.829642696821e-10
1.917463002553e-10
2.014138868000e-10
2.121080868098e-10
2.240015957717e-10
2.368656684009e-10
2.497715273648e-10
2.626773863286e-10
2.755832452925e-10
2.884891042563e-10
1.968043567285e-10
2.001495239199e-10
2.036103759084e-10
2.071930193185e-10
2.109039982713e-10
2.147503342783e-10
2.187395705820e-10
2.228798215315e-10
2.271797655642e-10
2.315581491650e-10
2.359365327658e-10
2.381682619003e-10
2.384680020152e-10
2.387677421300e-10
2.390674822448e-10
2.393672223596e-10
2.396669624744e-10
2.399667025892e-10
2.402664427041e-10
2.405661828189e-10
2.408659229337e-10
2.408263024657e-10
2.346781915076e-10
2.285300805494e-10
2.224764448628e-10
2.167266441865e-10
2.112665578481e-10
2.060748272550e-10
2.011321429492e-10
1.964210046224e-10
1.919255140855e-10
1.876311960322e-10
1.894306899779e-10
1.958940777371e-10
2.028141086323e-10
2.102409480378e-10
2.182323886456e-10
2.268553573476e-10
2.358351186823e-10
2.448150665049e-10
2.537950143275e-10
2.627749621501e-10
2.698305334129e-10
2.605289039175e-10
2.512272744221e-10
2.419256449267e-10
2.326240154313e-10
2.233829472909e-10
2.147289950274e-10
2.067205512147e-10
1.992879887862e-10
1.923713467972e-10
1.859187092898e-10
1.845858193723e-10
1.860884841060e-10
1.876158152412e-10
1.891684251565e-10
1.907469466704e-10
1.923520339015e-10
1.939843631724e-10
1.956446339593e-10
1.973335698922e-10
1.990519198058e-10
2.019554669290e-10
2.115302390821e-10
2.220580825598e-10
2.335007831544e-10
2.450562001777e-10
2.566116172010e-10
2.681670342243e-10
2.797224512476e-10
2.912778682709e-10
3.028332852942e-10
3.143887023175e-10
3.041366836218e-10
2.838196945943e-10
2.635027055668e-10
2.431857165392e-10
2.229447285415e-10
2.049395633177e-10
1.896252975972e-10
1.764406360301e-10
1.649702423555e-10
1.549001915055e-10
1.480288852274e-10
1.492292750721e-10
1.504492923846e-10
1.516894225233e-10
1.529501669827e-10
1.542320440694e-10
1.555355896125e-10
1.568613577106e-10
1.582099215170e-10
1.595818740657e-10
1.609778291415e-10
1.647018147624e-10
1.694810269921e-10
1.745458882692e-10
1.799227969615e-10
1.856415076455e-10
1.917356819893e-10
1.982435518221e-10
2.052087219844e-10
2.126811485860e-10
2.207183390737e-10
2.275797725872e-10
2.296297275909e-10
2.316796825946e-10
2.337296375983e-10
2.357795926020e-10
2.378295476057e-10
2.398795026094e-10
2.419294576131e-10
2.439794126168e-10
2.460293676205e-10
2.480793226242e-10
2.437499244026e-10
2.377193653210e-10
2.316888062394e-10
2.256668604720e-10
2.198633215853e-10
2.143508010207e-10
2.091079445219e-10
2.041154371870e-10
1.993557656940e-10
1.948130130370e-10
1.907088696518e-10
1.872668319250e-10
1.839468397130e-10
1.807425149753e-10
1.776479164800e-10
1.746575030393e-10
1.717661003960e-10
1.689688713463e-10
1.662612887347e-10
1.636391110046e-10
1.610983600263e-10
1.616582492104e-10
1.628057763089e-10
1.639697112640e-10
1.651504085197e-10
1.663482328036e-10
1.675635595017e-10
1.687967750508e-10
1.700482773485e-10
1.713184761809e-10
1.726077936700e-10
1.756205534338e-10
1.818487817306e-10
1.885350098533e-10
1.957316855070e-10
2.034995822508e-10
2.119095198921e-10
2.210445298587e-10
2.309353515094e-10
2.409899338618e-10
2.510445162143e-10
2.610990985668e-10
2.602504393051e-10
2.581190457359e-10
2.559876521667e-10
2.538562585975e-10
2.517248650283e-10
2.495934714591e-10
2.474620778899e-10
2.453306843207e-10
2.431992907515e-10
2.410678971823e-10
2.381033037359e-10
2.339930604584e-10
2.298828171809e-10
2.257798441082e-10
2.217877117917e-10
2.179343006603e-10
2.142125036349e-10
2.106156909727e-10
2.071376708539e-10
2.037726538110e-10
2.005152205696e-10
1.965057831890e-10
1.926081238688e-10
1.888620761975e-10
1.852589628275e-10
1.817907562007e-10
1.784500188433e-10
1.752298501248e-10
1.721238386790e-10
1.691260197977e-10
1.662308371999e-10
1.680977823539e-10
1.756405133905e-10
1.838919457856e-10
1.929568856827e-10
2.029618764022e-10
2.140611420876e-10
2.264445943926e-10
2.396141722023e-10
2.527854281554e-10
2.659566841086e-10
2.791279400617e-10
1.911906594209e-10
1.951247422890e-10
1.992241278482e-10
2.034994582374e-10
2.079623091466e-10
2.126252944783e-10
2.175021854129e-10
2.226080462435e-10
2.279558495667e-10
2.333927294683e-10
2.388296093698e-10
2.418546598073e-10
2.427090637272e-10
2.435634676471e-10
2.444178715670e-10
2.452722754868e-10
2.461266794067e-10
2.469810833266e-10
2.478354872465e-10
2.486898911664e-10
2.495442950863e-10
2.499807305123e-10
2.428937330482e-10
2.358067355841e-10
2.287197381200e-10
2.217594838665e-10
2.151995334703e-10
2.090165369619e-10
2.031789104864e-10
1.976585027449e-10
1.924301410139e-10
1.874712473576e-10
1.887960235162e-10
1.948520265078e-10
2.013094212923e-10
2.082094820595e-10
2.155993426848e-10
2.235330748668e-10
2.319647721814e-10
2.404521504982e-10
2.489395288150e-10
2.574269071319e-10
2.639271742273e-10
2.535369959413e-10
2.431468176553e-10
2.327566393692e-10
2.224615572940e-10
2.129160056139e-10
2.041559260451e-10
1.960881989599e-10
1.886338645795e-10
1.817255300956e-10
1.753053264148e-10
1.743627497824e-10
1.764777698900e-10
1.786447304217e-10
1.808655684835e-10
1.831423187195e-10
1.854771195287e-10
1.878722197644e-10
1.903299859589e-10
1.928529101231e-10
1.954436181743e-10
1.992236075623e-10
2.095896407741e-10
2.210936176973e-10
2.337318839340e-10
2.465312138065e-10
2.593305436790e-10
2.721298735515e-10
2.849292034239e-10
2.977285332964e-10
3.105278631689e-10
3.233271930413e-10
3.136375720444e-10
2.935684352615e-10
2.734992984786e-10
2.534301616957e-10
2.333610249129e-10
2.140791215327e-10
1.976115316818e-10
1.834964500395e-10
1.712633758278e-10
1.605594332609e-10
1.530921598464e-10
1.534854001706e-10
1.538806658915e-10
1.542779726976e-10
1.546773364392e-10
1.550787731318e-10
1.554822989571e-10
1.558879302659e-10
1.562956835801e-10
1.567055755947e-10
1.571176231806e-10
1.609424570316e-10
1.662759261968e-10
1.719750026925e-10
1.780786141255e-10
1.846314178181e-10
1.916848952708e-10
1.992987074596e-10
2.075423864920e-10
2.164974652143e-10
2.262601830130e-10
2.343165079424e-10
2.361704396626e-10
2.380243713828e-10
2.398783031030e-10
2.417322348232e-10
2.435861665434e-10
2.454400982636e-10
2.472940299839e-10
2.491479617041e-10
2.510018934243e-10
2.528558251445e-10
2.470433449301e-10
2.391864881998e-10
2.313296314696e-10
2.235285982556e-10
2.161651316644e-10
2.092713272963e-10
2.028036393575e-10
1.967237439301e-10
1.909977790167e-10
1.855957135485e-10
1.812229021107e-10
1.785847023090e-10
1.760222129009e-10
1.735322209122e-10
1.711116926345e-10
1.687577612945e-10
1.664677157278e-10
1.642389899615e-10
1.620691536240e-10
1.599559031040e-10
1.578970533924e-10
1.585605456252e-10
1.597448077016e-10
1.609468930058e-10
1.621672069495e-10
1.634061673344e-10
1.646642048281e-10
1.659417634638e-10
1.672393011627e-10
1.685572902813e-10
1.698962181846e-10
1.730052843754e-10
1.794296411704e-10
1.863495212025e-10
1.938245552079e-10
2.019243416220e-10
2.107306201254e-10
2.203400398764e-10
2.308049545890e-10
2.414748790551e-10
2.521448035213e-10
2.628147279874e-10
2.607288117124e-10
2.571422082914e-10
2.535556048703e-10
2.499690014493e-10
2.463823980283e-10
2.427957946073e-10
2.392091911863e-10
2.356225877653e-10
2.320359843442e-10
2.284493809232e-10
2.252919782313e-10
2.227608546398e-10
2.202859728129e-10
2.178654788035e-10
2.154975992630e-10
2.131806371092e-10
2.109129674689e-10
2.086930338790e-10
2.065193447226e-10
2.043904698876e-10
2.023050376285e-10
1.972901850325e-10
1.923632015740e-10
1.876763081750e-10
1.832123730013e-10
1.789558562932e-10
1.748926296240e-10
1.710098192338e-10
1.672956697796e-10
1.637394254631e-10
1.603312260041e-10
1.617608541350e-10
1.688805067720e-10
1.766557344199e-10
1.851814547308e-10
1.945718381086e-10
2.049654499132e-10
2.165321337851e-10
2.294568170397e-10
2.428934699822e-10
2.563301229246e-10
2.697667758671e-10
1.858883335235e-10
1.903460775427e-10
1.950228748295e-10
1.999352784894e-10
2.051015525393e-10
2.105418988177e-10
2.162787209934e-10
2.223369329433e-10
2.287319335693e-10
2.352273097715e-10
2.417226859737e-10
2.455410577142e-10
2.469501254392e-10
2.483591931642e-10
2.497682608891e-10
2.511773286141e-10
2.525863963391e-10
2.539954640640e-10
2.554045317890e-10
2.568135995140e-10
2.582226672389e-10
2.591351585589e-10
2.511092745888e-10
2.430833906188e-10
2.350575066488e-10
2.270316264897e-10
2.192817207839e-10
2.120434484922e-10
2.052677630571e-10
1.989116927835e-10
1.929374285541e-10
1.873115711515e-10
1.881655956126e-10
1.938210029226e-10
1.998268962206e-10
2.062168987033e-10
2.130290764074e-10
2.203066971045e-10
2.280944256805e-10
2.360892344915e-10
2.440840433026e-10
2.520788521136e-10
2.580238150417e-10
2.465450879651e-10
2.350663608884e-10
2.236399668066e-10
2.130326842164e-10
2.033860485003e-10
1.945752118218e-10
1.864960620660e-10
1.790610895219e-10
1.721962043476e-10
1.658382590835e-10
1.652126410045e-10
1.678110128138e-10
1.704924220600e-10
1.732609138812e-10
1.761208004957e-10
1.790766836142e-10
1.821334791477e-10
1.852964444901e-10
1.885712086930e-10
1.919638058988e-10
1.965646697168e-10
2.076843252413e-10
2.201374945247e-10
2.339629847136e-10
2.480062274353e-10
2.620494701569e-10
2.760927128786e-10
2.901359556002e-10
3.041791983219e-10
3.182224410435e-10
3.322656837652e-10
3.231384604669e-10
3.033171759287e-10
2.834958913905e-10
2.636746068523e-10
2.438533223140e-10
2.240719128651e-10
2.063000368927e-10
1.911400913494e-10
1.780556805943e-10
1.666478738025e-10
1.585140766557e-10
1.579914281076e-10
1.574722147599e-10
1.569564028557e-10
1.564439590792e-10
1.559348505480e-10
1.554290448067e-10
1.549265098194e-10
1.544272139631e-10
1.539311260214e-10
1.534382151776e-10
1.573508859824e-10
1.631898004603e-10
1.694787509577e-10
1.762718529415e-10
1.836322604603e-10
1.916341354498e-10
2.003651553784e-10
2.099297391177e-10
2.204532430670e-10
2.319786255091e-10
2.410532432976e-10
2.427111517343e-10
2.443690601710e-10
2.460269686077e-10
2.476848770445e-10
2.493427854812e-10
2.510006939179e-10
2.526586023546e-10
2.543165107913e-10
2.559744192280e-10
2.576323276648e-10
2.503367654576e-10
2.406536110787e-10
2.309704566998e-10
2.214304770620e-10
2.125892938299e-10
2.044270175971e-10
1.968683407251e-10
1.898486964156e-10
1.833124097324e-10
1.772112178607e-10
1.726358946173e-10
1.706719503318e-10
1.687521879559e-10
1.668751331645e-10
1.650393765075e-10
1.632435698798e-10
1.614864232204e-10
1.597667014213e-10
1.580832214325e-10
1.564348495475e-10
1.548204988579e-10
1.555793266627e-10
1.567968156746e-10
1.580335099450e-10
1.592898675161e-10
1.605663611123e-10
1.618634787338e-10
1.631817242778e-10
1.645216181919e-10
1.658836981589e-10
1.672685198161e-10
1.704667634380e-10
1.770740194363e-10
1.842141200954e-10
1.919542308971e-10
2.003733007757e-10
2.095647647528e-10
2.196400261811e-10
2.306745576686e-10
2.419598242484e-10
2.532450908282e-10
2.645303574080e-10
2.612071841197e-10
2.561653708468e-10
2.511235575740e-10
2.460817443012e-10
2.410399310283e-10
2.359981177555e-10
2.309563044827e-10
2.259202516520e-10
2.210368620154e-10
2.163601198495e-10
2.133358898771e-10
2.123777889533e-10
2.114282553007e-10
2.104871745191e-10
2.095544342356e-10
2.086299240609e-10
2.077135355447e-10
2.068051621342e-10
2.059046991320e-10
2.050120436567e-10
2.041270946030e-10
1.980808742448e-10
1.921189013792e-10
1.865053369087e-10
1.812105072087e-10
1.762080153315e-10
1.714743008769e-10
1.669882689505e-10
1.627309758781e-10
1.586853618016e-10
1.548360221933e-10
1.558843464266e-10
1.626215698817e-10
1.699674565007e-10
1.780083914245e-10
1.868479186213e-10
1.966112238598e-10
2.074511006576e-10
2.195560049297e-10
2.330015118089e-10
2.467035617407e-10
2.604056116725e-10
1.808721721411e-10
1.857958795053e-10
1.909951549939e-10
1.964937989645e-10
2.023184338160e-10
2.084989350323e-10
2.150689437220e-10
2.220664792149e-10
2.295080175719e-10
2.370618900748e-10
2.446157625777e-10
2.492274556212e-10
2.511911871512e-10
2.531549186813e-10
2.551186502113e-10
2.570823817413e-10
2.590461132714e-10
2.610098448014e-10
2.629735763315e-10
2.649373078615e-10
2.669010393915e-10
2.682895866055e-10
2.593248161295e-10
2.503600456535e-10
2.413952751775e-10
2.324305047015e-10
2.235217753080e-10
2.151593178367e-10
2.074000121548e-10
2.001808751112e-10
1.934473978035e-10
1.871521667182e-10
1.875393639480e-10
1.928008328505e-10
1.983660473607e-10
2.042620922206e-10
2.105193709824e-10
2.171721304076e-10
2.242590875431e-10
2.317263184849e-10
2.392285577901e-10
2.467307970953e-10
2.521204558561e-10
2.395531799888e-10
2.269859289769e-10
2.150854129818e-10
2.043705840269e-10
1.946726499925e-10
1.858534058784e-10
1.777986056462e-10
1.704129860340e-10
1.636164811477e-10
1.573413081430e-10
1.569749967951e-10
1.599556508076e-10
1.630516895568e-10
1.662699453103e-10
1.696178006081e-10
1.731032447999e-10
1.767349376995e-10
1.805222814227e-10
1.844755016654e-10
1.886057398997e-10
1.939757721064e-10
2.058133389175e-10
2.191896052867e-10
2.341940854932e-10
2.494812410640e-10
2.647683966349e-10
2.800555522057e-10
2.953427077765e-10
3.106298633473e-10
3.259170189182e-10
3.412041744890e-10
3.326393488895e-10
3.130659165959e-10
2.934924843023e-10
2.739190520088e-10
2.543456197152e-10
2.347721874217e-10
2.157877048547e-10
1.994482116960e-10
1.854090007874e-10
1.732162634605e-10
1.643341397846e-10
1.627700345563e-10
1.612354224087e-10
1.597294769421e-10
1.582514023454e-10
1.568004319940e-10
1.553758271240e-10
1.539768755775e-10
1.526028906162e-10
1.512532097967e-10
1.499271939059e-10
1.539161138975e-10
1.602161458701e-10
1.670539295883e-10
1.745013858250e-10
1.826438590399e-10
1.915834025050e-10
2.014430778287e-10
2.123726541389e-10
2.245562690066e-10
2.376999026783e-10
2.477899786528e-10
2.492518638060e-10
2.507137489593e-10
2.521756341125e-10
2.536375192657e-10
2.550994044189e-10
2.565612895722e-10
2.580231747254e-10
2.594850598786e-10
2.609469450318e-10
2.624088301851e-10
2.536301859850e-10
2.421207339575e-10
2.306112819299e-10
2.193713770672e-10
2.091298349870e-10
1.998019103511e-10
1.912705715464e-10
1.834379569453e-10
1.762216042200e-10
1.695515359898e-10
1.648258402118e-10
1.634306460597e-10
1.620588733323e-10
1.607099371679e-10
1.593832720172e-10
1.580783308523e-10
1.567945844148e-10
1.555315205004e-10
1.542886432769e-10
1.530654726358e-10
1.518615435736e-10
1.527081432260e-10
1.539556588242e-10
1.552237249138e-10
1.565128535086e-10
1.578235737738e-10
1.591564327504e-10
1.605119961162e-10
1.618908489867e-10
1.632935967567e-10
1.647208659870e-10
1.680016610818e-10
1.747794472468e-10
1.821271041623e-10
1.901196572716e-10
1.988459063053e-10
2.084117384633e-10
2.189444462449e-10
2.305441607483e-10
2.424447694417e-10
2.543453781352e-10
2.662459868286e-10
2.616855565269e-10
2.551885334023e-10
2.486915102776e-10
2.421944871530e-10
2.356974640284e-10
2.292004409037e-10
2.227854720116e-10
2.167016261812e-10
2.109412241434e-10
2.054791402671e-10
2.025848528500e-10
2.029195430339e-10
2.032553409303e-10
2.035922520476e-10
2.039302819307e-10
2.042694361615e-10
2.046097203589e-10
2.049511401794e-10
2.052937013175e-10
2.056374095056e-10
2.059822705145e-10
1.988779267246e-10
1.918752209170e-10
1.853488871511e-10
1.792519152668e-10
1.735432836302e-10
1.681870349824e-10
1.631515183031e-10
1.584087629068e-10
1.539339586234e-10
1.497050216637e-10
1.504198392707e-10
1.568099827165e-10
1.637671471925e-10
1.713703073610e-10
1.797138180501e-10
1.889113499437e-10
1.991010990012e-10
2.104527779579e-10
2.231771441390e-10
2.370770005568e-10
2.510444474778e-10
);

boundaryField
{
    frontAndBack
    {
        type    symmetry;
    }
    top
    {
        type    zeroGradient;
    }
    bottom
    {
        type    zeroGradient;
    }
    rightAndLeft
    {
        type    empty;
    }
}

// ************************************************************************* //
